street,streetLabel,namedAfter,namedAfterLabel,namedAfterDescription,genderLabel,birthYear,deathYear,occupationLabel,nationalityLabel
http://www.wikidata.org/entity/Q135246670,Q135246670,http://www.wikidata.org/entity/Q11758,L. L. Zamenhof,"oftalmólogo polaco, creador del idioma esperanto",masculino,1859,1917,médico,Imperio ruso
http://www.wikidata.org/entity/Q135246670,Q135246670,http://www.wikidata.org/entity/Q11758,L. L. Zamenhof,"oftalmólogo polaco, creador del idioma esperanto",masculino,1859,1917,poeta,Imperio ruso
http://www.wikidata.org/entity/Q135246670,Q135246670,http://www.wikidata.org/entity/Q11758,L. L. Zamenhof,"oftalmólogo polaco, creador del idioma esperanto",masculino,1859,1917,inventor,Imperio ruso
http://www.wikidata.org/entity/Q135246670,Q135246670,http://www.wikidata.org/entity/Q11758,L. L. Zamenhof,"oftalmólogo polaco, creador del idioma esperanto",masculino,1859,1917,traductor,Imperio ruso
http://www.wikidata.org/entity/Q135246670,Q135246670,http://www.wikidata.org/entity/Q11758,L. L. Zamenhof,"oftalmólogo polaco, creador del idioma esperanto",masculino,1859,1917,médico-escritor,Imperio ruso
http://www.wikidata.org/entity/Q135246670,Q135246670,http://www.wikidata.org/entity/Q11758,L. L. Zamenhof,"oftalmólogo polaco, creador del idioma esperanto",masculino,1859,1917,esperantista,Imperio ruso
http://www.wikidata.org/entity/Q135246670,Q135246670,http://www.wikidata.org/entity/Q11758,L. L. Zamenhof,"oftalmólogo polaco, creador del idioma esperanto",masculino,1859,1917,oftalmólogo,Imperio ruso
http://www.wikidata.org/entity/Q135246670,Q135246670,http://www.wikidata.org/entity/Q11758,L. L. Zamenhof,"oftalmólogo polaco, creador del idioma esperanto",masculino,1859,1917,filólogo,Imperio ruso
http://www.wikidata.org/entity/Q135246670,Q135246670,http://www.wikidata.org/entity/Q11758,L. L. Zamenhof,"oftalmólogo polaco, creador del idioma esperanto",masculino,1859,1917,lingüista,Imperio ruso
http://www.wikidata.org/entity/Q135246670,Q135246670,http://www.wikidata.org/entity/Q11758,L. L. Zamenhof,"oftalmólogo polaco, creador del idioma esperanto",masculino,1859,1917,traductor de la Biblia,Imperio ruso
http://www.wikidata.org/entity/Q135246670,Q135246670,http://www.wikidata.org/entity/Q11758,L. L. Zamenhof,"oftalmólogo polaco, creador del idioma esperanto",masculino,1859,1917,esperantólogo,Imperio ruso
http://www.wikidata.org/entity/Q135246670,Q135246670,http://www.wikidata.org/entity/Q11758,L. L. Zamenhof,"oftalmólogo polaco, creador del idioma esperanto",masculino,1859,1917,médico,Regencia de Polonia
http://www.wikidata.org/entity/Q135246670,Q135246670,http://www.wikidata.org/entity/Q11758,L. L. Zamenhof,"oftalmólogo polaco, creador del idioma esperanto",masculino,1859,1917,poeta,Regencia de Polonia
http://www.wikidata.org/entity/Q135246670,Q135246670,http://www.wikidata.org/entity/Q11758,L. L. Zamenhof,"oftalmólogo polaco, creador del idioma esperanto",masculino,1859,1917,inventor,Regencia de Polonia
http://www.wikidata.org/entity/Q135246670,Q135246670,http://www.wikidata.org/entity/Q11758,L. L. Zamenhof,"oftalmólogo polaco, creador del idioma esperanto",masculino,1859,1917,traductor,Regencia de Polonia
http://www.wikidata.org/entity/Q135246670,Q135246670,http://www.wikidata.org/entity/Q11758,L. L. Zamenhof,"oftalmólogo polaco, creador del idioma esperanto",masculino,1859,1917,médico-escritor,Regencia de Polonia
http://www.wikidata.org/entity/Q135246670,Q135246670,http://www.wikidata.org/entity/Q11758,L. L. Zamenhof,"oftalmólogo polaco, creador del idioma esperanto",masculino,1859,1917,esperantista,Regencia de Polonia
http://www.wikidata.org/entity/Q135246670,Q135246670,http://www.wikidata.org/entity/Q11758,L. L. Zamenhof,"oftalmólogo polaco, creador del idioma esperanto",masculino,1859,1917,oftalmólogo,Regencia de Polonia
http://www.wikidata.org/entity/Q135246670,Q135246670,http://www.wikidata.org/entity/Q11758,L. L. Zamenhof,"oftalmólogo polaco, creador del idioma esperanto",masculino,1859,1917,filólogo,Regencia de Polonia
http://www.wikidata.org/entity/Q135246670,Q135246670,http://www.wikidata.org/entity/Q11758,L. L. Zamenhof,"oftalmólogo polaco, creador del idioma esperanto",masculino,1859,1917,lingüista,Regencia de Polonia
http://www.wikidata.org/entity/Q135246670,Q135246670,http://www.wikidata.org/entity/Q11758,L. L. Zamenhof,"oftalmólogo polaco, creador del idioma esperanto",masculino,1859,1917,traductor de la Biblia,Regencia de Polonia
http://www.wikidata.org/entity/Q135246670,Q135246670,http://www.wikidata.org/entity/Q11758,L. L. Zamenhof,"oftalmólogo polaco, creador del idioma esperanto",masculino,1859,1917,esperantólogo,Regencia de Polonia
http://www.wikidata.org/entity/Q5714182,Avenida de Andalucía,http://www.wikidata.org/entity/Q5783,Andalucía,comunidad autónoma de España,,,,,
http://www.wikidata.org/entity/Q26736141,Avenida de Portugal,http://www.wikidata.org/entity/Q45,Portugal,país de Europa del Sur,,,,,
http://www.wikidata.org/entity/Q29405114,Avenida de las Águilas,http://www.wikidata.org/entity/Q14157935,Joaquín Fanjul,militar y político español (1880-1936),masculino,1880,1936,militar,España
http://www.wikidata.org/entity/Q29405114,Avenida de las Águilas,http://www.wikidata.org/entity/Q14157935,Joaquín Fanjul,militar y político español (1880-1936),masculino,1880,1936,político,España
http://www.wikidata.org/entity/Q29405114,Avenida de las Águilas,http://www.wikidata.org/entity/Q14157935,Joaquín Fanjul,militar y político español (1880-1936),masculino,1880,1936,autor,España
http://www.wikidata.org/entity/Q20439963,Calle Joaquín Turina,http://www.wikidata.org/entity/Q318077,Joaquín Turina,compositor español,masculino,1882,1949,compositor,España
http://www.wikidata.org/entity/Q20439963,Calle Joaquín Turina,http://www.wikidata.org/entity/Q318077,Joaquín Turina,compositor español,masculino,1882,1949,director de orquesta,España
http://www.wikidata.org/entity/Q20439963,Calle Joaquín Turina,http://www.wikidata.org/entity/Q318077,Joaquín Turina,compositor español,masculino,1882,1949,pianista,España
http://www.wikidata.org/entity/Q20439963,Calle Joaquín Turina,http://www.wikidata.org/entity/Q318077,Joaquín Turina,compositor español,masculino,1882,1949,profesor universitario,España
http://www.wikidata.org/entity/Q20439963,Calle Joaquín Turina,http://www.wikidata.org/entity/Q318077,Joaquín Turina,compositor español,masculino,1882,1949,musicólogo,España
http://www.wikidata.org/entity/Q20439963,Calle Joaquín Turina,http://www.wikidata.org/entity/Q318077,Joaquín Turina,compositor español,masculino,1882,1949,compositor de música clásica,España
http://www.wikidata.org/entity/Q27031559,Calle de Francisco Ricci,http://www.wikidata.org/entity/Q939968,Francisco Rizi,pintor barroco español,masculino,1614,1685,artista,España
http://www.wikidata.org/entity/Q27031559,Calle de Francisco Ricci,http://www.wikidata.org/entity/Q939968,Francisco Rizi,pintor barroco español,masculino,1614,1685,pintor,España
http://www.wikidata.org/entity/Q27031559,Calle de Francisco Ricci,http://www.wikidata.org/entity/Q939968,Francisco Rizi,pintor barroco español,masculino,1614,1685,escenógrafo,España
http://www.wikidata.org/entity/Q26810988,Calle de Francos Rodríguez,http://www.wikidata.org/entity/Q5846831,José Francos Rodríguez,político y periodista español (1862-1931),masculino,1862,1931,escritor,España
http://www.wikidata.org/entity/Q26810988,Calle de Francos Rodríguez,http://www.wikidata.org/entity/Q5846831,José Francos Rodríguez,político y periodista español (1862-1931),masculino,1862,1931,escritor,España
http://www.wikidata.org/entity/Q26810988,Calle de Francos Rodríguez,http://www.wikidata.org/entity/Q5846831,José Francos Rodríguez,político y periodista español (1862-1931),masculino,1862,1931,médico,España
http://www.wikidata.org/entity/Q26810988,Calle de Francos Rodríguez,http://www.wikidata.org/entity/Q5846831,José Francos Rodríguez,político y periodista español (1862-1931),masculino,1862,1931,médico,España
http://www.wikidata.org/entity/Q26810988,Calle de Francos Rodríguez,http://www.wikidata.org/entity/Q5846831,José Francos Rodríguez,político y periodista español (1862-1931),masculino,1862,1931,político,España
http://www.wikidata.org/entity/Q26810988,Calle de Francos Rodríguez,http://www.wikidata.org/entity/Q5846831,José Francos Rodríguez,político y periodista español (1862-1931),masculino,1862,1931,político,España
http://www.wikidata.org/entity/Q26810988,Calle de Francos Rodríguez,http://www.wikidata.org/entity/Q5846831,José Francos Rodríguez,político y periodista español (1862-1931),masculino,1862,1931,periodista,España
http://www.wikidata.org/entity/Q26810988,Calle de Francos Rodríguez,http://www.wikidata.org/entity/Q5846831,José Francos Rodríguez,político y periodista español (1862-1931),masculino,1862,1931,periodista,España
http://www.wikidata.org/entity/Q105624986,Calle de Ginzo de Limia,http://www.wikidata.org/entity/Q918637,Ginzo de Limia,"municipio de la provincia de Orense, España",,,,,
http://www.wikidata.org/entity/Q29908353,Calle de Guillermo Rovirosa,http://www.wikidata.org/entity/Q5699529,Antonio Rivera Ramírez,abogado español,masculino,1916,1936,abogado,España
http://www.wikidata.org/entity/Q29908353,Calle de Guillermo Rovirosa,http://www.wikidata.org/entity/Q5408637,Guillermo Rovirosa,sindicalista español,masculino,1897,1964,sindicalista,España
http://www.wikidata.org/entity/Q29908353,Calle de Guillermo Rovirosa,http://www.wikidata.org/entity/Q5408637,Guillermo Rovirosa,sindicalista español,masculino,1897,1964,sindicalista,España
http://www.wikidata.org/entity/Q27048291,Calle de Mantuano,http://www.wikidata.org/entity/Q27048295,Pedro Mantuano,autor español,masculino,1585,1656,escritor,España
http://www.wikidata.org/entity/Q27048291,Calle de Mantuano,http://www.wikidata.org/entity/Q27048295,Pedro Mantuano,autor español,masculino,1585,1656,bibliotecario,España
http://www.wikidata.org/entity/Q26832655,Calle de Ofelia Nieto,http://www.wikidata.org/entity/Q6049167,Ofelia Nieto,soprano española,femenino,1898,1931,cantante de ópera,España
http://www.wikidata.org/entity/Q26832655,Calle de Ofelia Nieto,http://www.wikidata.org/entity/Q6049167,Ofelia Nieto,soprano española,femenino,1898,1931,cantante de ópera,España
http://www.wikidata.org/entity/Q63978715,Calle de Santa Polonia,http://www.wikidata.org/entity/Q232427,Apolonia de Alejandría,mártir y santa cristiana,femenino,150,249,,
http://www.wikidata.org/entity/Q20031523,Calle de Velázquez,http://www.wikidata.org/entity/Q297,Diego Velázquez,pintor español,masculino,1599,1660,artista,España
http://www.wikidata.org/entity/Q20031523,Calle de Velázquez,http://www.wikidata.org/entity/Q297,Diego Velázquez,pintor español,masculino,1599,1660,pintor,España
http://www.wikidata.org/entity/Q20031523,Calle de Velázquez,http://www.wikidata.org/entity/Q297,Diego Velázquez,pintor español,masculino,1599,1660,artista visual,España
http://www.wikidata.org/entity/Q26831172,Calle de Ventura de la Vega,http://www.wikidata.org/entity/Q353263,Ventura de la Vega,escritor y dramaturgo argentino,masculino,1807,1865,escritor,Argentina
http://www.wikidata.org/entity/Q26831172,Calle de Ventura de la Vega,http://www.wikidata.org/entity/Q353263,Ventura de la Vega,escritor y dramaturgo argentino,masculino,1807,1865,poeta,Argentina
http://www.wikidata.org/entity/Q26831172,Calle de Ventura de la Vega,http://www.wikidata.org/entity/Q353263,Ventura de la Vega,escritor y dramaturgo argentino,masculino,1807,1865,dramaturgo,Argentina
http://www.wikidata.org/entity/Q26831172,Calle de Ventura de la Vega,http://www.wikidata.org/entity/Q353263,Ventura de la Vega,escritor y dramaturgo argentino,masculino,1807,1865,libretista,Argentina
http://www.wikidata.org/entity/Q42155518,Calle del Amor de Dios,http://www.wikidata.org/entity/Q345,Virgen María,madre de Jesús de Nazaret,femenino,-17,48,costurera,http://www.wikidata.org/.well-known/genid/4837477512a92ed298b80a13b79187b3
http://www.wikidata.org/entity/Q27243768,Calle del Arcipreste de Hita,http://www.wikidata.org/entity/Q434597,"Juan Ruiz, Arcipreste de Hita",escritor y clérigo español,masculino,1283,1350,escritor,Corona de Castilla
http://www.wikidata.org/entity/Q27243768,Calle del Arcipreste de Hita,http://www.wikidata.org/entity/Q434597,"Juan Ruiz, Arcipreste de Hita",escritor y clérigo español,masculino,1283,1350,poeta,Corona de Castilla
http://www.wikidata.org/entity/Q27243768,Calle del Arcipreste de Hita,http://www.wikidata.org/entity/Q434597,"Juan Ruiz, Arcipreste de Hita",escritor y clérigo español,masculino,1283,1350,sacerdote católico,Corona de Castilla
http://www.wikidata.org/entity/Q42767177,Calle del Marqués de Casa Riera,http://www.wikidata.org/entity/Q16600178,Marquesado de Casa Riera,,,,,,
http://www.wikidata.org/entity/Q28662545,Calle del Piamonte,http://www.wikidata.org/entity/Q1216,Piamonte,región nordoccidental de Italia,,,,,
http://www.wikidata.org/entity/Q5741020,Calle del Príncipe de Vergara,http://www.wikidata.org/entity/Q434529,Baldomero Espartero,general y político español (1793-1879),masculino,1793,1879,militar,España
http://www.wikidata.org/entity/Q5741020,Calle del Príncipe de Vergara,http://www.wikidata.org/entity/Q434529,Baldomero Espartero,general y político español (1793-1879),masculino,1793,1879,político,España
http://www.wikidata.org/entity/Q5741020,Calle del Príncipe de Vergara,http://www.wikidata.org/entity/Q434529,Baldomero Espartero,general y político español (1793-1879),masculino,1793,1879,regente,España
http://www.wikidata.org/entity/Q5741020,Calle del Príncipe de Vergara,http://www.wikidata.org/entity/Q434529,Baldomero Espartero,general y político español (1793-1879),masculino,1793,1879,soldado,España
http://www.wikidata.org/entity/Q24526469,Carrera de San Francisco,http://www.wikidata.org/entity/Q2605813,San Francisco de Asís,ópera de Olivier Messiaen,,,,,
http://www.wikidata.org/entity/Q6065308,Pasaje de Matheu,http://www.wikidata.org/entity/Q5993736,Manuel Matheu,empresario español,masculino,,,empresario,España
http://www.wikidata.org/entity/Q28028495,Travesía de la Cruz Verde,http://www.wikidata.org/entity/Q27055280,calle de la Cruz Verde,calle de Madrid,,,,,
http://www.wikidata.org/entity/Q27212874,avenida de Brasil,http://www.wikidata.org/entity/Q155,Brasil,país de América del Sur,,,,,
http://www.wikidata.org/entity/Q27137943,avenida de Concha Espina,http://www.wikidata.org/entity/Q3751269,Concha Espina,escritora española,femenino,1869,1955,escritor,España
http://www.wikidata.org/entity/Q27137943,avenida de Concha Espina,http://www.wikidata.org/entity/Q3751269,Concha Espina,escritora española,femenino,1869,1955,poeta,España
http://www.wikidata.org/entity/Q27137943,avenida de Concha Espina,http://www.wikidata.org/entity/Q3751269,Concha Espina,escritora española,femenino,1869,1955,periodista,España
http://www.wikidata.org/entity/Q27137943,avenida de Concha Espina,http://www.wikidata.org/entity/Q3751269,Concha Espina,escritora española,femenino,1869,1955,novelista,España
http://www.wikidata.org/entity/Q27137943,avenida de Concha Espina,http://www.wikidata.org/entity/Q3751269,Concha Espina,escritora española,femenino,1869,1955,escritor de cuentos,España
http://www.wikidata.org/entity/Q27268566,avenida de Francisco Pi y Margall,http://www.wikidata.org/entity/Q450271,Francisco Pi y Margall,político y escritor español,masculino,1824,1901,escritor,España
http://www.wikidata.org/entity/Q27268566,avenida de Francisco Pi y Margall,http://www.wikidata.org/entity/Q450271,Francisco Pi y Margall,político y escritor español,masculino,1824,1901,abogado,España
http://www.wikidata.org/entity/Q27268566,avenida de Francisco Pi y Margall,http://www.wikidata.org/entity/Q450271,Francisco Pi y Margall,político y escritor español,masculino,1824,1901,político,España
http://www.wikidata.org/entity/Q27268566,avenida de Francisco Pi y Margall,http://www.wikidata.org/entity/Q450271,Francisco Pi y Margall,político y escritor español,masculino,1824,1901,historiador,España
http://www.wikidata.org/entity/Q27268566,avenida de Francisco Pi y Margall,http://www.wikidata.org/entity/Q450271,Francisco Pi y Margall,político y escritor español,masculino,1824,1901,esperantista,España
http://www.wikidata.org/entity/Q27268566,avenida de Francisco Pi y Margall,http://www.wikidata.org/entity/Q450271,Francisco Pi y Margall,político y escritor español,masculino,1824,1901,periodista,España
http://www.wikidata.org/entity/Q27268566,avenida de Francisco Pi y Margall,http://www.wikidata.org/entity/Q450271,Francisco Pi y Margall,político y escritor español,masculino,1824,1901,filósofo,España
http://www.wikidata.org/entity/Q27268566,avenida de Francisco Pi y Margall,http://www.wikidata.org/entity/Q450271,Francisco Pi y Margall,político y escritor español,masculino,1824,1901,orador,España
http://www.wikidata.org/entity/Q28936960,avenida de Menéndez Pelayo,http://www.wikidata.org/entity/Q716799,Marcelino Menéndez y Pelayo,erudito español,masculino,1856,1912,escritor,España
http://www.wikidata.org/entity/Q28936960,avenida de Menéndez Pelayo,http://www.wikidata.org/entity/Q716799,Marcelino Menéndez y Pelayo,erudito español,masculino,1856,1912,político,España
http://www.wikidata.org/entity/Q28936960,avenida de Menéndez Pelayo,http://www.wikidata.org/entity/Q716799,Marcelino Menéndez y Pelayo,erudito español,masculino,1856,1912,bibliotecario,España
http://www.wikidata.org/entity/Q28936960,avenida de Menéndez Pelayo,http://www.wikidata.org/entity/Q716799,Marcelino Menéndez y Pelayo,erudito español,masculino,1856,1912,historiador,España
http://www.wikidata.org/entity/Q28936960,avenida de Menéndez Pelayo,http://www.wikidata.org/entity/Q716799,Marcelino Menéndez y Pelayo,erudito español,masculino,1856,1912,biógrafo,España
http://www.wikidata.org/entity/Q28936960,avenida de Menéndez Pelayo,http://www.wikidata.org/entity/Q716799,Marcelino Menéndez y Pelayo,erudito español,masculino,1856,1912,profesor universitario,España
http://www.wikidata.org/entity/Q28936960,avenida de Menéndez Pelayo,http://www.wikidata.org/entity/Q716799,Marcelino Menéndez y Pelayo,erudito español,masculino,1856,1912,crítico literario,España
http://www.wikidata.org/entity/Q28936960,avenida de Menéndez Pelayo,http://www.wikidata.org/entity/Q716799,Marcelino Menéndez y Pelayo,erudito español,masculino,1856,1912,historiador de la literatura,España
http://www.wikidata.org/entity/Q28972102,avenida de Niza,http://www.wikidata.org/entity/Q33959,Niza,ciudad de Francia,,,,,
http://www.wikidata.org/entity/Q28045035,avenida de Pablo Iglesias,http://www.wikidata.org/entity/Q450299,Pablo Iglesias Posse,"político y sindicalista español (1850-1925), fundador del PSOE",masculino,1850,1925,político,España
http://www.wikidata.org/entity/Q28045035,avenida de Pablo Iglesias,http://www.wikidata.org/entity/Q450299,Pablo Iglesias Posse,"político y sindicalista español (1850-1925), fundador del PSOE",masculino,1850,1925,sindicalista,España
http://www.wikidata.org/entity/Q63986285,avenida de Pablo Neruda,http://www.wikidata.org/entity/Q34189,Pablo Neruda,poeta y político chileno,masculino,1904,1973,escritor,Chile
http://www.wikidata.org/entity/Q63986285,avenida de Pablo Neruda,http://www.wikidata.org/entity/Q34189,Pablo Neruda,poeta y político chileno,masculino,1904,1973,poeta,Chile
http://www.wikidata.org/entity/Q63986285,avenida de Pablo Neruda,http://www.wikidata.org/entity/Q34189,Pablo Neruda,poeta y político chileno,masculino,1904,1973,político,Chile
http://www.wikidata.org/entity/Q63986285,avenida de Pablo Neruda,http://www.wikidata.org/entity/Q34189,Pablo Neruda,poeta y político chileno,masculino,1904,1973,diplomático,Chile
http://www.wikidata.org/entity/Q63986285,avenida de Pablo Neruda,http://www.wikidata.org/entity/Q34189,Pablo Neruda,poeta y político chileno,masculino,1904,1973,letrista,Chile
http://www.wikidata.org/entity/Q63986285,avenida de Pablo Neruda,http://www.wikidata.org/entity/Q34189,Pablo Neruda,poeta y político chileno,masculino,1904,1973,autobiógrafo,Chile
http://www.wikidata.org/entity/Q5714221,avenida de la Albufera,http://www.wikidata.org/entity/Q84165268,Albufera de Valencia,laguna costera,,,,,
http://www.wikidata.org/entity/Q5714227,avenida de la Ciudad de Barcelona,http://www.wikidata.org/entity/Q1492,Barcelona,"capital de Cataluña, España",,,,,
http://www.wikidata.org/entity/Q5714243,avenida de la Reina Victoria,http://www.wikidata.org/entity/Q160001,Victoria Eugenia de Battenberg,reina consorte de España,femenino,1887,1969,benefactor,Reino Unido
http://www.wikidata.org/entity/Q5714243,avenida de la Reina Victoria,http://www.wikidata.org/entity/Q160001,Victoria Eugenia de Battenberg,reina consorte de España,femenino,1887,1969,benefactor,Reino Unido de Gran Bretaña e Irlanda
http://www.wikidata.org/entity/Q26791531,avenida de los Reyes Católicos,http://www.wikidata.org/entity/Q186851,Reyes Católicos,denominación dada a Fernando II de Aragón e Isabel I de Castilla,,,,,
http://www.wikidata.org/entity/Q27556319,avenida del Cardenal Herrera Oria,http://www.wikidata.org/entity/Q251711,Ángel Herrera Oria,"periodista, jurista, político y sacerdote español",masculino,1886,1968,abogado,España
http://www.wikidata.org/entity/Q27556319,avenida del Cardenal Herrera Oria,http://www.wikidata.org/entity/Q251711,Ángel Herrera Oria,"periodista, jurista, político y sacerdote español",masculino,1886,1968,político,España
http://www.wikidata.org/entity/Q27556319,avenida del Cardenal Herrera Oria,http://www.wikidata.org/entity/Q251711,Ángel Herrera Oria,"periodista, jurista, político y sacerdote español",masculino,1886,1968,sacerdote católico,España
http://www.wikidata.org/entity/Q27556319,avenida del Cardenal Herrera Oria,http://www.wikidata.org/entity/Q251711,Ángel Herrera Oria,"periodista, jurista, político y sacerdote español",masculino,1886,1968,obispo católico,España
http://www.wikidata.org/entity/Q27556319,avenida del Cardenal Herrera Oria,http://www.wikidata.org/entity/Q251711,Ángel Herrera Oria,"periodista, jurista, político y sacerdote español",masculino,1886,1968,periodista,España
http://www.wikidata.org/entity/Q27556319,avenida del Cardenal Herrera Oria,http://www.wikidata.org/entity/Q251711,Ángel Herrera Oria,"periodista, jurista, político y sacerdote español",masculino,1886,1968,diácono católico,España
http://www.wikidata.org/entity/Q26821160,avenida del Doctor Federico Rubio y Galí,http://www.wikidata.org/entity/Q5857841,Federico Rubio y Galí,médico y político español,masculino,1827,1902,escritor,España
http://www.wikidata.org/entity/Q26821160,avenida del Doctor Federico Rubio y Galí,http://www.wikidata.org/entity/Q5857841,Federico Rubio y Galí,médico y político español,masculino,1827,1902,escritor,España
http://www.wikidata.org/entity/Q26821160,avenida del Doctor Federico Rubio y Galí,http://www.wikidata.org/entity/Q5857841,Federico Rubio y Galí,médico y político español,masculino,1827,1902,escritor,España
http://www.wikidata.org/entity/Q26821160,avenida del Doctor Federico Rubio y Galí,http://www.wikidata.org/entity/Q5857841,Federico Rubio y Galí,médico y político español,masculino,1827,1902,escritor,España
http://www.wikidata.org/entity/Q26821160,avenida del Doctor Federico Rubio y Galí,http://www.wikidata.org/entity/Q5857841,Federico Rubio y Galí,médico y político español,masculino,1827,1902,médico,España
http://www.wikidata.org/entity/Q26821160,avenida del Doctor Federico Rubio y Galí,http://www.wikidata.org/entity/Q5857841,Federico Rubio y Galí,médico y político español,masculino,1827,1902,médico,España
http://www.wikidata.org/entity/Q26821160,avenida del Doctor Federico Rubio y Galí,http://www.wikidata.org/entity/Q5857841,Federico Rubio y Galí,médico y político español,masculino,1827,1902,médico,España
http://www.wikidata.org/entity/Q26821160,avenida del Doctor Federico Rubio y Galí,http://www.wikidata.org/entity/Q5857841,Federico Rubio y Galí,médico y político español,masculino,1827,1902,médico,España
http://www.wikidata.org/entity/Q26821160,avenida del Doctor Federico Rubio y Galí,http://www.wikidata.org/entity/Q5857841,Federico Rubio y Galí,médico y político español,masculino,1827,1902,político,España
http://www.wikidata.org/entity/Q26821160,avenida del Doctor Federico Rubio y Galí,http://www.wikidata.org/entity/Q5857841,Federico Rubio y Galí,médico y político español,masculino,1827,1902,político,España
http://www.wikidata.org/entity/Q26821160,avenida del Doctor Federico Rubio y Galí,http://www.wikidata.org/entity/Q5857841,Federico Rubio y Galí,médico y político español,masculino,1827,1902,político,España
http://www.wikidata.org/entity/Q26821160,avenida del Doctor Federico Rubio y Galí,http://www.wikidata.org/entity/Q5857841,Federico Rubio y Galí,médico y político español,masculino,1827,1902,político,España
http://www.wikidata.org/entity/Q26821160,avenida del Doctor Federico Rubio y Galí,http://www.wikidata.org/entity/Q5857841,Federico Rubio y Galí,médico y político español,masculino,1827,1902,diplomático,España
http://www.wikidata.org/entity/Q26821160,avenida del Doctor Federico Rubio y Galí,http://www.wikidata.org/entity/Q5857841,Federico Rubio y Galí,médico y político español,masculino,1827,1902,diplomático,España
http://www.wikidata.org/entity/Q26821160,avenida del Doctor Federico Rubio y Galí,http://www.wikidata.org/entity/Q5857841,Federico Rubio y Galí,médico y político español,masculino,1827,1902,diplomático,España
http://www.wikidata.org/entity/Q26821160,avenida del Doctor Federico Rubio y Galí,http://www.wikidata.org/entity/Q5857841,Federico Rubio y Galí,médico y político español,masculino,1827,1902,diplomático,España
http://www.wikidata.org/entity/Q26761632,avenida del General Perón,http://www.wikidata.org/entity/Q93330,Juan Domingo Perón,presidente de Argentina de 1946 a 1955 y de 1973 a 1974,masculino,1895,1974,político,Argentina
http://www.wikidata.org/entity/Q26761632,avenida del General Perón,http://www.wikidata.org/entity/Q93330,Juan Domingo Perón,presidente de Argentina de 1946 a 1955 y de 1973 a 1974,masculino,1895,1974,oficial militar,Argentina
http://www.wikidata.org/entity/Q27277343,avenida del Ingeniero Emilio Herrera,http://www.wikidata.org/entity/Q3052333,Emilio Herrera Linares,militar e ingeniero español,masculino,1879,1967,militar,España
http://www.wikidata.org/entity/Q27277343,avenida del Ingeniero Emilio Herrera,http://www.wikidata.org/entity/Q3052333,Emilio Herrera Linares,militar e ingeniero español,masculino,1879,1967,militar,España
http://www.wikidata.org/entity/Q27277343,avenida del Ingeniero Emilio Herrera,http://www.wikidata.org/entity/Q3052333,Emilio Herrera Linares,militar e ingeniero español,masculino,1879,1967,militar,España
http://www.wikidata.org/entity/Q27277343,avenida del Ingeniero Emilio Herrera,http://www.wikidata.org/entity/Q3052333,Emilio Herrera Linares,militar e ingeniero español,masculino,1879,1967,militar,España
http://www.wikidata.org/entity/Q27277343,avenida del Ingeniero Emilio Herrera,http://www.wikidata.org/entity/Q3052333,Emilio Herrera Linares,militar e ingeniero español,masculino,1879,1967,físico,España
http://www.wikidata.org/entity/Q27277343,avenida del Ingeniero Emilio Herrera,http://www.wikidata.org/entity/Q3052333,Emilio Herrera Linares,militar e ingeniero español,masculino,1879,1967,físico,España
http://www.wikidata.org/entity/Q27277343,avenida del Ingeniero Emilio Herrera,http://www.wikidata.org/entity/Q3052333,Emilio Herrera Linares,militar e ingeniero español,masculino,1879,1967,físico,España
http://www.wikidata.org/entity/Q27277343,avenida del Ingeniero Emilio Herrera,http://www.wikidata.org/entity/Q3052333,Emilio Herrera Linares,militar e ingeniero español,masculino,1879,1967,físico,España
http://www.wikidata.org/entity/Q27277343,avenida del Ingeniero Emilio Herrera,http://www.wikidata.org/entity/Q3052333,Emilio Herrera Linares,militar e ingeniero español,masculino,1879,1967,inventor,España
http://www.wikidata.org/entity/Q27277343,avenida del Ingeniero Emilio Herrera,http://www.wikidata.org/entity/Q3052333,Emilio Herrera Linares,militar e ingeniero español,masculino,1879,1967,inventor,España
http://www.wikidata.org/entity/Q27277343,avenida del Ingeniero Emilio Herrera,http://www.wikidata.org/entity/Q3052333,Emilio Herrera Linares,militar e ingeniero español,masculino,1879,1967,inventor,España
http://www.wikidata.org/entity/Q27277343,avenida del Ingeniero Emilio Herrera,http://www.wikidata.org/entity/Q3052333,Emilio Herrera Linares,militar e ingeniero español,masculino,1879,1967,inventor,España
http://www.wikidata.org/entity/Q27277343,avenida del Ingeniero Emilio Herrera,http://www.wikidata.org/entity/Q3052333,Emilio Herrera Linares,militar e ingeniero español,masculino,1879,1967,esperantista,España
http://www.wikidata.org/entity/Q27277343,avenida del Ingeniero Emilio Herrera,http://www.wikidata.org/entity/Q3052333,Emilio Herrera Linares,militar e ingeniero español,masculino,1879,1967,esperantista,España
http://www.wikidata.org/entity/Q27277343,avenida del Ingeniero Emilio Herrera,http://www.wikidata.org/entity/Q3052333,Emilio Herrera Linares,militar e ingeniero español,masculino,1879,1967,esperantista,España
http://www.wikidata.org/entity/Q27277343,avenida del Ingeniero Emilio Herrera,http://www.wikidata.org/entity/Q3052333,Emilio Herrera Linares,militar e ingeniero español,masculino,1879,1967,esperantista,España
http://www.wikidata.org/entity/Q27277343,avenida del Ingeniero Emilio Herrera,http://www.wikidata.org/entity/Q3813688,José Finat y Escrivá de Romaní,político español (1904-1995),masculino,1904,1995,político,España
http://www.wikidata.org/entity/Q27277343,avenida del Ingeniero Emilio Herrera,http://www.wikidata.org/entity/Q3813688,José Finat y Escrivá de Romaní,político español (1904-1995),masculino,1904,1995,político,España
http://www.wikidata.org/entity/Q27277343,avenida del Ingeniero Emilio Herrera,http://www.wikidata.org/entity/Q3813688,José Finat y Escrivá de Romaní,político español (1904-1995),masculino,1904,1995,diplomático,España
http://www.wikidata.org/entity/Q27277343,avenida del Ingeniero Emilio Herrera,http://www.wikidata.org/entity/Q3813688,José Finat y Escrivá de Romaní,político español (1904-1995),masculino,1904,1995,diplomático,España
http://www.wikidata.org/entity/Q27277343,avenida del Ingeniero Emilio Herrera,http://www.wikidata.org/entity/Q3813688,José Finat y Escrivá de Romaní,político español (1904-1995),masculino,1904,1995,abogado,España
http://www.wikidata.org/entity/Q27277343,avenida del Ingeniero Emilio Herrera,http://www.wikidata.org/entity/Q3813688,José Finat y Escrivá de Romaní,político español (1904-1995),masculino,1904,1995,abogado,España
http://www.wikidata.org/entity/Q17622122,avenida del Planetario,http://www.wikidata.org/entity/Q9060456,Planetario de Madrid,museo de la ciudad de Madrid (España),,,,,
http://www.wikidata.org/entity/Q28966694,avenida del Presidente Carmona,http://www.wikidata.org/entity/Q314022,António Óscar de Fragoso Carmona,11th Portuguese president (1926-1951),masculino,1869,1951,escritor,Portugal
http://www.wikidata.org/entity/Q28966694,avenida del Presidente Carmona,http://www.wikidata.org/entity/Q314022,António Óscar de Fragoso Carmona,11th Portuguese president (1926-1951),masculino,1869,1951,militar,Portugal
http://www.wikidata.org/entity/Q28966694,avenida del Presidente Carmona,http://www.wikidata.org/entity/Q314022,António Óscar de Fragoso Carmona,11th Portuguese president (1926-1951),masculino,1869,1951,político,Portugal
http://www.wikidata.org/entity/Q28966694,avenida del Presidente Carmona,http://www.wikidata.org/entity/Q314022,António Óscar de Fragoso Carmona,11th Portuguese president (1926-1951),masculino,1869,1951,revolucionario,Portugal
http://www.wikidata.org/entity/Q28966694,avenida del Presidente Carmona,http://www.wikidata.org/entity/Q314022,António Óscar de Fragoso Carmona,11th Portuguese president (1926-1951),masculino,1869,1951,escritor,Reino de Portugal
http://www.wikidata.org/entity/Q28966694,avenida del Presidente Carmona,http://www.wikidata.org/entity/Q314022,António Óscar de Fragoso Carmona,11th Portuguese president (1926-1951),masculino,1869,1951,militar,Reino de Portugal
http://www.wikidata.org/entity/Q28966694,avenida del Presidente Carmona,http://www.wikidata.org/entity/Q314022,António Óscar de Fragoso Carmona,11th Portuguese president (1926-1951),masculino,1869,1951,político,Reino de Portugal
http://www.wikidata.org/entity/Q28966694,avenida del Presidente Carmona,http://www.wikidata.org/entity/Q314022,António Óscar de Fragoso Carmona,11th Portuguese president (1926-1951),masculino,1869,1951,revolucionario,Reino de Portugal
http://www.wikidata.org/entity/Q135158053,calle Luis Cernuda,http://www.wikidata.org/entity/Q439578,Luis Cernuda,poeta español,masculino,1902,1963,escritor,España
http://www.wikidata.org/entity/Q135158053,calle Luis Cernuda,http://www.wikidata.org/entity/Q439578,Luis Cernuda,poeta español,masculino,1902,1963,poeta,España
http://www.wikidata.org/entity/Q135158053,calle Luis Cernuda,http://www.wikidata.org/entity/Q439578,Luis Cernuda,poeta español,masculino,1902,1963,traductor,España
http://www.wikidata.org/entity/Q135158053,calle Luis Cernuda,http://www.wikidata.org/entity/Q439578,Luis Cernuda,poeta español,masculino,1902,1963,profesor universitario,España
http://www.wikidata.org/entity/Q135158053,calle Luis Cernuda,http://www.wikidata.org/entity/Q439578,Luis Cernuda,poeta español,masculino,1902,1963,crítico literario,España
http://www.wikidata.org/entity/Q29051490,calle de Abtao,http://www.wikidata.org/entity/Q2984718,Combate de Abtao,conflicto bélico en el marco de la guerra hispano-sudamericana,,,,,
http://www.wikidata.org/entity/Q28936968,calle de Aguirre,http://www.wikidata.org/entity/Q28936974,Lucas Aguirre y Suárez,filántropo español,masculino,1800,1873,,
http://www.wikidata.org/entity/Q118608796,calle de Agustín Durán,http://www.wikidata.org/entity/Q399155,Agustín Durán,escritor y erudito español,masculino,1789,1862,escritor,España
http://www.wikidata.org/entity/Q118608796,calle de Agustín Durán,http://www.wikidata.org/entity/Q399155,Agustín Durán,escritor y erudito español,masculino,1789,1862,poeta,España
http://www.wikidata.org/entity/Q118608796,calle de Agustín Durán,http://www.wikidata.org/entity/Q399155,Agustín Durán,escritor y erudito español,masculino,1789,1862,bibliotecario,España
http://www.wikidata.org/entity/Q118608796,calle de Agustín Durán,http://www.wikidata.org/entity/Q399155,Agustín Durán,escritor y erudito español,masculino,1789,1862,periodista,España
http://www.wikidata.org/entity/Q118608796,calle de Agustín Durán,http://www.wikidata.org/entity/Q399155,Agustín Durán,escritor y erudito español,masculino,1789,1862,crítico literario,España
http://www.wikidata.org/entity/Q118608796,calle de Agustín Durán,http://www.wikidata.org/entity/Q399155,Agustín Durán,escritor y erudito español,masculino,1789,1862,especialista en literatura,España
http://www.wikidata.org/entity/Q27314769,calle de Agustín de Betancourt,http://www.wikidata.org/entity/Q399485,Agustín de Betancourt,ingeniero e inventor español,masculino,1758,1824,arquitecto,España
http://www.wikidata.org/entity/Q27314769,calle de Agustín de Betancourt,http://www.wikidata.org/entity/Q399485,Agustín de Betancourt,ingeniero e inventor español,masculino,1758,1824,arquitecto,España
http://www.wikidata.org/entity/Q27314769,calle de Agustín de Betancourt,http://www.wikidata.org/entity/Q399485,Agustín de Betancourt,ingeniero e inventor español,masculino,1758,1824,urbanista,España
http://www.wikidata.org/entity/Q27314769,calle de Agustín de Betancourt,http://www.wikidata.org/entity/Q399485,Agustín de Betancourt,ingeniero e inventor español,masculino,1758,1824,urbanista,España
http://www.wikidata.org/entity/Q27314769,calle de Agustín de Betancourt,http://www.wikidata.org/entity/Q399485,Agustín de Betancourt,ingeniero e inventor español,masculino,1758,1824,ingeniero militar,España
http://www.wikidata.org/entity/Q27314769,calle de Agustín de Betancourt,http://www.wikidata.org/entity/Q399485,Agustín de Betancourt,ingeniero e inventor español,masculino,1758,1824,ingeniero militar,España
http://www.wikidata.org/entity/Q27314769,calle de Agustín de Betancourt,http://www.wikidata.org/entity/Q399485,Agustín de Betancourt,ingeniero e inventor español,masculino,1758,1824,inventor,España
http://www.wikidata.org/entity/Q27314769,calle de Agustín de Betancourt,http://www.wikidata.org/entity/Q399485,Agustín de Betancourt,ingeniero e inventor español,masculino,1758,1824,inventor,España
http://www.wikidata.org/entity/Q27314769,calle de Agustín de Betancourt,http://www.wikidata.org/entity/Q399485,Agustín de Betancourt,ingeniero e inventor español,masculino,1758,1824,ingeniero civil,España
http://www.wikidata.org/entity/Q27314769,calle de Agustín de Betancourt,http://www.wikidata.org/entity/Q399485,Agustín de Betancourt,ingeniero e inventor español,masculino,1758,1824,ingeniero civil,España
http://www.wikidata.org/entity/Q27314769,calle de Agustín de Betancourt,http://www.wikidata.org/entity/Q399485,Agustín de Betancourt,ingeniero e inventor español,masculino,1758,1824,arquitecto,Imperio ruso
http://www.wikidata.org/entity/Q27314769,calle de Agustín de Betancourt,http://www.wikidata.org/entity/Q399485,Agustín de Betancourt,ingeniero e inventor español,masculino,1758,1824,arquitecto,Imperio ruso
http://www.wikidata.org/entity/Q27314769,calle de Agustín de Betancourt,http://www.wikidata.org/entity/Q399485,Agustín de Betancourt,ingeniero e inventor español,masculino,1758,1824,urbanista,Imperio ruso
http://www.wikidata.org/entity/Q27314769,calle de Agustín de Betancourt,http://www.wikidata.org/entity/Q399485,Agustín de Betancourt,ingeniero e inventor español,masculino,1758,1824,urbanista,Imperio ruso
http://www.wikidata.org/entity/Q27314769,calle de Agustín de Betancourt,http://www.wikidata.org/entity/Q399485,Agustín de Betancourt,ingeniero e inventor español,masculino,1758,1824,ingeniero militar,Imperio ruso
http://www.wikidata.org/entity/Q27314769,calle de Agustín de Betancourt,http://www.wikidata.org/entity/Q399485,Agustín de Betancourt,ingeniero e inventor español,masculino,1758,1824,ingeniero militar,Imperio ruso
http://www.wikidata.org/entity/Q27314769,calle de Agustín de Betancourt,http://www.wikidata.org/entity/Q399485,Agustín de Betancourt,ingeniero e inventor español,masculino,1758,1824,inventor,Imperio ruso
http://www.wikidata.org/entity/Q27314769,calle de Agustín de Betancourt,http://www.wikidata.org/entity/Q399485,Agustín de Betancourt,ingeniero e inventor español,masculino,1758,1824,inventor,Imperio ruso
http://www.wikidata.org/entity/Q27314769,calle de Agustín de Betancourt,http://www.wikidata.org/entity/Q399485,Agustín de Betancourt,ingeniero e inventor español,masculino,1758,1824,ingeniero civil,Imperio ruso
http://www.wikidata.org/entity/Q27314769,calle de Agustín de Betancourt,http://www.wikidata.org/entity/Q399485,Agustín de Betancourt,ingeniero e inventor español,masculino,1758,1824,ingeniero civil,Imperio ruso
http://www.wikidata.org/entity/Q5740796,calle de Alberto Aguilera,http://www.wikidata.org/entity/Q3773729,Alberto Aguilera,político español (1842-1913),masculino,1842,1913,abogado,España
http://www.wikidata.org/entity/Q5740796,calle de Alberto Aguilera,http://www.wikidata.org/entity/Q3773729,Alberto Aguilera,político español (1842-1913),masculino,1842,1913,abogado,España
http://www.wikidata.org/entity/Q5740796,calle de Alberto Aguilera,http://www.wikidata.org/entity/Q3773729,Alberto Aguilera,político español (1842-1913),masculino,1842,1913,político,España
http://www.wikidata.org/entity/Q5740796,calle de Alberto Aguilera,http://www.wikidata.org/entity/Q3773729,Alberto Aguilera,político español (1842-1913),masculino,1842,1913,político,España
http://www.wikidata.org/entity/Q28732994,calle de Alburquerque,http://www.wikidata.org/entity/Q6293362,José María de la Cueva,noble y militar español,masculino,1775,1811,diplomático,España
http://www.wikidata.org/entity/Q28732994,calle de Alburquerque,http://www.wikidata.org/entity/Q6293362,José María de la Cueva,noble y militar español,masculino,1775,1811,diplomático,España
http://www.wikidata.org/entity/Q2424746,calle de Alcalá,http://www.wikidata.org/entity/Q46940,Alcalá de Henares,"municipio de la Comunidad de Madrid, España",,,,,
http://www.wikidata.org/entity/Q29035464,calle de Alcalá Galiano,http://www.wikidata.org/entity/Q332110,Antonio Alcalá Galiano,político y escritor español,masculino,1789,1865,escritor,España
http://www.wikidata.org/entity/Q29035464,calle de Alcalá Galiano,http://www.wikidata.org/entity/Q332110,Antonio Alcalá Galiano,político y escritor español,masculino,1789,1865,militar,España
http://www.wikidata.org/entity/Q29035464,calle de Alcalá Galiano,http://www.wikidata.org/entity/Q332110,Antonio Alcalá Galiano,político y escritor español,masculino,1789,1865,político,España
http://www.wikidata.org/entity/Q29035464,calle de Alcalá Galiano,http://www.wikidata.org/entity/Q332110,Antonio Alcalá Galiano,político y escritor español,masculino,1789,1865,profesor universitario,España
http://www.wikidata.org/entity/Q29035464,calle de Alcalá Galiano,http://www.wikidata.org/entity/Q332110,Antonio Alcalá Galiano,político y escritor español,masculino,1789,1865,romanista,España
http://www.wikidata.org/entity/Q28070781,calle de Alcántara,http://www.wikidata.org/entity/Q594890,Orden de Alcántara,orden militar y religiosa española,,,,,
http://www.wikidata.org/entity/Q27313964,calle de Alenza,http://www.wikidata.org/entity/Q2696989,Leonardo Alenza,pintor español (1807-1845),masculino,1807,1845,pintor,España
http://www.wikidata.org/entity/Q24527173,calle de Alfonso VI,http://www.wikidata.org/entity/Q235080,Alfonso VI de León,"rey de León, Castilla y Galicia",masculino,1040,1109,gobernante,Reino de León
http://www.wikidata.org/entity/Q24527173,calle de Alfonso VI,http://www.wikidata.org/entity/Q235080,Alfonso VI de León,"rey de León, Castilla y Galicia",masculino,1040,1109,guerrero,Reino de León
http://www.wikidata.org/entity/Q24527173,calle de Alfonso VI,http://www.wikidata.org/entity/Q235080,Alfonso VI de León,"rey de León, Castilla y Galicia",masculino,1040,1109,gobernante,Reino de Castilla
http://www.wikidata.org/entity/Q24527173,calle de Alfonso VI,http://www.wikidata.org/entity/Q235080,Alfonso VI de León,"rey de León, Castilla y Galicia",masculino,1040,1109,guerrero,Reino de Castilla
http://www.wikidata.org/entity/Q24527173,calle de Alfonso VI,http://www.wikidata.org/entity/Q235080,Alfonso VI de León,"rey de León, Castilla y Galicia",masculino,1040,1109,gobernante,Reino de Galicia
http://www.wikidata.org/entity/Q24527173,calle de Alfonso VI,http://www.wikidata.org/entity/Q235080,Alfonso VI de León,"rey de León, Castilla y Galicia",masculino,1040,1109,guerrero,Reino de Galicia
http://www.wikidata.org/entity/Q29035460,calle de Alfonso X,http://www.wikidata.org/entity/Q47595,Alfonso X de Castilla y de León,"rey de las coronas de Castilla y de León (1252-1284), hijo de Fernando III y de Beatriz de Suabia",masculino,1221,1284,astrónomo,Corona de Castilla
http://www.wikidata.org/entity/Q29035460,calle de Alfonso X,http://www.wikidata.org/entity/Q47595,Alfonso X de Castilla y de León,"rey de las coronas de Castilla y de León (1252-1284), hijo de Fernando III y de Beatriz de Suabia",masculino,1221,1284,escritor,Corona de Castilla
http://www.wikidata.org/entity/Q29035460,calle de Alfonso X,http://www.wikidata.org/entity/Q47595,Alfonso X de Castilla y de León,"rey de las coronas de Castilla y de León (1252-1284), hijo de Fernando III y de Beatriz de Suabia",masculino,1221,1284,compositor,Corona de Castilla
http://www.wikidata.org/entity/Q29035460,calle de Alfonso X,http://www.wikidata.org/entity/Q47595,Alfonso X de Castilla y de León,"rey de las coronas de Castilla y de León (1252-1284), hijo de Fernando III y de Beatriz de Suabia",masculino,1221,1284,poeta,Corona de Castilla
http://www.wikidata.org/entity/Q29035460,calle de Alfonso X,http://www.wikidata.org/entity/Q47595,Alfonso X de Castilla y de León,"rey de las coronas de Castilla y de León (1252-1284), hijo de Fernando III y de Beatriz de Suabia",masculino,1221,1284,jurista,Corona de Castilla
http://www.wikidata.org/entity/Q29035460,calle de Alfonso X,http://www.wikidata.org/entity/Q47595,Alfonso X de Castilla y de León,"rey de las coronas de Castilla y de León (1252-1284), hijo de Fernando III y de Beatriz de Suabia",masculino,1221,1284,historiador,Corona de Castilla
http://www.wikidata.org/entity/Q50132666,calle de Alfonso XI,http://www.wikidata.org/entity/Q298808,Alfonso XI de Castilla y León,Rey de Castilla (1312-1350),masculino,1311,1350,político,Corona de Castilla
http://www.wikidata.org/entity/Q50132666,calle de Alfonso XI,http://www.wikidata.org/entity/Q298808,Alfonso XI de Castilla y León,Rey de Castilla (1312-1350),masculino,1311,1350,político,Corona de Castilla
http://www.wikidata.org/entity/Q5659170,calle de Alfonso XII,http://www.wikidata.org/entity/Q32347,Alfonso XII de España,rey de España (1874-1885),masculino,1857,1885,soberano,España
http://www.wikidata.org/entity/Q26844339,calle de Almagro,http://www.wikidata.org/entity/Q207668,Diego de Almagro,conquistador español,masculino,1475,1538,conquistador,España
http://www.wikidata.org/entity/Q26844339,calle de Almagro,http://www.wikidata.org/entity/Q207668,Diego de Almagro,conquistador español,masculino,1475,1538,explorador,España
http://www.wikidata.org/entity/Q135682920,calle de Almería,http://www.wikidata.org/entity/Q10400,Almería,"ciudad y capital de la provincia de Almería, España",,,,,
http://www.wikidata.org/entity/Q27314531,calle de Alonso Cano,http://www.wikidata.org/entity/Q378783,Alonso Cano,"pintor, escultor y arquitecto español (1601-1667)",masculino,1601,1667,arquitecto,España
http://www.wikidata.org/entity/Q27314531,calle de Alonso Cano,http://www.wikidata.org/entity/Q378783,Alonso Cano,"pintor, escultor y arquitecto español (1601-1667)",masculino,1601,1667,pintor,España
http://www.wikidata.org/entity/Q27314531,calle de Alonso Cano,http://www.wikidata.org/entity/Q378783,Alonso Cano,"pintor, escultor y arquitecto español (1601-1667)",masculino,1601,1667,escultor,España
http://www.wikidata.org/entity/Q27314531,calle de Alonso Cano,http://www.wikidata.org/entity/Q378783,Alonso Cano,"pintor, escultor y arquitecto español (1601-1667)",masculino,1601,1667,artista visual,España
http://www.wikidata.org/entity/Q27314531,calle de Alonso Cano,http://www.wikidata.org/entity/Q378783,Alonso Cano,"pintor, escultor y arquitecto español (1601-1667)",masculino,1601,1667,dibujante arquitectónico,España
http://www.wikidata.org/entity/Q28015954,calle de Altamirano,http://www.wikidata.org/entity/Q28015967,Antonio de la Concepción Torres Altamirano,religioso español,masculino,1616,1685,religioso,
http://www.wikidata.org/entity/Q29035457,calle de Amador de los Ríos,http://www.wikidata.org/entity/Q2699511,José Amador de los Ríos,"historiador, crítico literario y arqueólogo español",masculino,1818,1878,poeta,España
http://www.wikidata.org/entity/Q29035457,calle de Amador de los Ríos,http://www.wikidata.org/entity/Q2699511,José Amador de los Ríos,"historiador, crítico literario y arqueólogo español",masculino,1818,1878,político,España
http://www.wikidata.org/entity/Q29035457,calle de Amador de los Ríos,http://www.wikidata.org/entity/Q2699511,José Amador de los Ríos,"historiador, crítico literario y arqueólogo español",masculino,1818,1878,historiador,España
http://www.wikidata.org/entity/Q29035457,calle de Amador de los Ríos,http://www.wikidata.org/entity/Q2699511,José Amador de los Ríos,"historiador, crítico literario y arqueólogo español",masculino,1818,1878,dramaturgo,España
http://www.wikidata.org/entity/Q29035457,calle de Amador de los Ríos,http://www.wikidata.org/entity/Q2699511,José Amador de los Ríos,"historiador, crítico literario y arqueólogo español",masculino,1818,1878,pintor,España
http://www.wikidata.org/entity/Q29035457,calle de Amador de los Ríos,http://www.wikidata.org/entity/Q2699511,José Amador de los Ríos,"historiador, crítico literario y arqueólogo español",masculino,1818,1878,profesor titular,España
http://www.wikidata.org/entity/Q29035457,calle de Amador de los Ríos,http://www.wikidata.org/entity/Q2699511,José Amador de los Ríos,"historiador, crítico literario y arqueólogo español",masculino,1818,1878,historiador del arte,España
http://www.wikidata.org/entity/Q29035457,calle de Amador de los Ríos,http://www.wikidata.org/entity/Q2699511,José Amador de los Ríos,"historiador, crítico literario y arqueólogo español",masculino,1818,1878,arqueólogo,España
http://www.wikidata.org/entity/Q29035457,calle de Amador de los Ríos,http://www.wikidata.org/entity/Q2699511,José Amador de los Ríos,"historiador, crítico literario y arqueólogo español",masculino,1818,1878,crítico literario,España
http://www.wikidata.org/entity/Q28735106,calle de Andrés Borrego,http://www.wikidata.org/entity/Q5675607,Andrés Borrego,periodista español,masculino,1802,1891,político,España
http://www.wikidata.org/entity/Q28735106,calle de Andrés Borrego,http://www.wikidata.org/entity/Q5675607,Andrés Borrego,periodista español,masculino,1802,1891,historiador,España
http://www.wikidata.org/entity/Q28735106,calle de Andrés Borrego,http://www.wikidata.org/entity/Q5675607,Andrés Borrego,periodista español,masculino,1802,1891,periodista,España
http://www.wikidata.org/entity/Q28735106,calle de Andrés Borrego,http://www.wikidata.org/entity/Q5675607,Andrés Borrego,periodista español,masculino,1802,1891,periodista de opinión,España
http://www.wikidata.org/entity/Q27243367,calle de Andrés Mellado,http://www.wikidata.org/entity/Q5675946,Andrés Mellado,político y periodista español,masculino,1846,1913,político,España
http://www.wikidata.org/entity/Q118611121,calle de Andrés Tamayo,http://www.wikidata.org/entity/Q104531279,Andrés Tamayo,médico y cirujano español,masculino,1501,1699,médico,
http://www.wikidata.org/entity/Q118611121,calle de Andrés Tamayo,http://www.wikidata.org/entity/Q104531279,Andrés Tamayo,médico y cirujano español,masculino,1501,1699,cirujano,
http://www.wikidata.org/entity/Q29051396,calle de Andrés Torrejón,http://www.wikidata.org/entity/Q5695435,Andrés Torrejón,alcalde de Móstoles durante la invasión del francés,masculino,1736,1812,político,España
http://www.wikidata.org/entity/Q29405131,calle de Anselmo Lorenzo,http://www.wikidata.org/entity/Q174770,Anselmo Lorenzo,anarcosindicalista español,masculino,1841,1914,cajista,España
http://www.wikidata.org/entity/Q29405131,calle de Anselmo Lorenzo,http://www.wikidata.org/entity/Q174770,Anselmo Lorenzo,anarcosindicalista español,masculino,1841,1914,sindicalista,España
http://www.wikidata.org/entity/Q29405131,calle de Anselmo Lorenzo,http://www.wikidata.org/entity/Q174770,Anselmo Lorenzo,anarcosindicalista español,masculino,1841,1914,anarcosindicalista,España
http://www.wikidata.org/entity/Q28921887,calle de Antonio Acuña,http://www.wikidata.org/entity/Q2857509,Antonio de Acuña,obispo español,masculino,1459,1526,sacerdote católico,España
http://www.wikidata.org/entity/Q28921887,calle de Antonio Acuña,http://www.wikidata.org/entity/Q2857509,Antonio de Acuña,obispo español,masculino,1459,1526,obispo católico,España
http://www.wikidata.org/entity/Q28921887,calle de Antonio Acuña,http://www.wikidata.org/entity/Q2857509,Antonio de Acuña,obispo español,masculino,1459,1526,comunero,España
http://www.wikidata.org/entity/Q28793893,calle de Antonio Machado,http://www.wikidata.org/entity/Q243771,Antonio Machado,poeta y pensador español,masculino,1875,1939,escritor,España
http://www.wikidata.org/entity/Q28793893,calle de Antonio Machado,http://www.wikidata.org/entity/Q243771,Antonio Machado,poeta y pensador español,masculino,1875,1939,profesor,España
http://www.wikidata.org/entity/Q28793893,calle de Antonio Machado,http://www.wikidata.org/entity/Q243771,Antonio Machado,poeta y pensador español,masculino,1875,1939,poeta,España
http://www.wikidata.org/entity/Q28793893,calle de Antonio Machado,http://www.wikidata.org/entity/Q243771,Antonio Machado,poeta y pensador español,masculino,1875,1939,intelectual,España
http://www.wikidata.org/entity/Q28793893,calle de Antonio Machado,http://www.wikidata.org/entity/Q243771,Antonio Machado,poeta y pensador español,masculino,1875,1939,dramaturgo,España
http://www.wikidata.org/entity/Q29566726,calle de Antonio Maura,http://www.wikidata.org/entity/Q562489,Antonio Maura,político español,masculino,1853,1925,abogado,España
http://www.wikidata.org/entity/Q29566726,calle de Antonio Maura,http://www.wikidata.org/entity/Q562489,Antonio Maura,político español,masculino,1853,1925,político,España
http://www.wikidata.org/entity/Q29566726,calle de Antonio Maura,http://www.wikidata.org/entity/Q562489,Antonio Maura,político español,masculino,1853,1925,jurisconsulto,España
http://www.wikidata.org/entity/Q29566726,calle de Antonio Maura,http://www.wikidata.org/entity/Q562489,Antonio Maura,político español,masculino,1853,1925,orador,España
http://www.wikidata.org/entity/Q28483871,calle de Antonio Nebrija,http://www.wikidata.org/entity/Q380804,Antonio de Nebrija,"humanista español, gramático, lexicógrafo (1444-1522)",masculino,1444,1522,traductor,España
http://www.wikidata.org/entity/Q28483871,calle de Antonio Nebrija,http://www.wikidata.org/entity/Q380804,Antonio de Nebrija,"humanista español, gramático, lexicógrafo (1444-1522)",masculino,1444,1522,profesor universitario,España
http://www.wikidata.org/entity/Q28483871,calle de Antonio Nebrija,http://www.wikidata.org/entity/Q380804,Antonio de Nebrija,"humanista español, gramático, lexicógrafo (1444-1522)",masculino,1444,1522,humanista,España
http://www.wikidata.org/entity/Q28483871,calle de Antonio Nebrija,http://www.wikidata.org/entity/Q380804,Antonio de Nebrija,"humanista español, gramático, lexicógrafo (1444-1522)",masculino,1444,1522,filólogo,España
http://www.wikidata.org/entity/Q28483871,calle de Antonio Nebrija,http://www.wikidata.org/entity/Q380804,Antonio de Nebrija,"humanista español, gramático, lexicógrafo (1444-1522)",masculino,1444,1522,lingüista,España
http://www.wikidata.org/entity/Q28483871,calle de Antonio Nebrija,http://www.wikidata.org/entity/Q380804,Antonio de Nebrija,"humanista español, gramático, lexicógrafo (1444-1522)",masculino,1444,1522,lexicógrafo,España
http://www.wikidata.org/entity/Q28483871,calle de Antonio Nebrija,http://www.wikidata.org/entity/Q380804,Antonio de Nebrija,"humanista español, gramático, lexicógrafo (1444-1522)",masculino,1444,1522,gramático,España
http://www.wikidata.org/entity/Q28483871,calle de Antonio Nebrija,http://www.wikidata.org/entity/Q380804,Antonio de Nebrija,"humanista español, gramático, lexicógrafo (1444-1522)",masculino,1444,1522,traductor de la Biblia,España
http://www.wikidata.org/entity/Q27243736,calle de Antonio Palomino,http://www.wikidata.org/entity/Q604011,Antonio Palomino,pintor español (1655-1726),masculino,1655,1726,escritor,España
http://www.wikidata.org/entity/Q27243736,calle de Antonio Palomino,http://www.wikidata.org/entity/Q604011,Antonio Palomino,pintor español (1655-1726),masculino,1655,1726,historiador,España
http://www.wikidata.org/entity/Q27243736,calle de Antonio Palomino,http://www.wikidata.org/entity/Q604011,Antonio Palomino,pintor español (1655-1726),masculino,1655,1726,pintor,España
http://www.wikidata.org/entity/Q27243736,calle de Antonio Palomino,http://www.wikidata.org/entity/Q604011,Antonio Palomino,pintor español (1655-1726),masculino,1655,1726,historiador del arte,España
http://www.wikidata.org/entity/Q28032520,calle de Apodaca,http://www.wikidata.org/entity/Q588463,Juan José Ruiz de Apodaca y Eliza,sexagésimo primer virrey del Virreinato de Nueva España,masculino,1754,1835,oficial naval,España
http://www.wikidata.org/entity/Q27243804,calle de Arapiles,http://www.wikidata.org/entity/Q708580,batalla de los Arapiles,batalla de la guerra de la Independencia española librada en las cercanías de Salamanca (España),,,,,
http://www.wikidata.org/entity/Q118608262,calle de Ardemans,http://www.wikidata.org/entity/Q7701077,Teodoro de Ardemans,"pintor, grabador, tratadista y arquitecto español",masculino,1664,1726,arquitecto,España
http://www.wikidata.org/entity/Q118608262,calle de Ardemans,http://www.wikidata.org/entity/Q7701077,Teodoro de Ardemans,"pintor, grabador, tratadista y arquitecto español",masculino,1661,1726,arquitecto,España
http://www.wikidata.org/entity/Q118608262,calle de Ardemans,http://www.wikidata.org/entity/Q7701077,Teodoro de Ardemans,"pintor, grabador, tratadista y arquitecto español",masculino,1664,1726,pintor,España
http://www.wikidata.org/entity/Q118608262,calle de Ardemans,http://www.wikidata.org/entity/Q7701077,Teodoro de Ardemans,"pintor, grabador, tratadista y arquitecto español",masculino,1661,1726,pintor,España
http://www.wikidata.org/entity/Q28525557,calle de Argensola,http://www.wikidata.org/entity/Q2107506,Lupercio Leonardo de Argensola,"escritor, historiador, dramaturgo y poeta español",masculino,1559,1613,escritor,España
http://www.wikidata.org/entity/Q28525557,calle de Argensola,http://www.wikidata.org/entity/Q2107506,Lupercio Leonardo de Argensola,"escritor, historiador, dramaturgo y poeta español",masculino,1559,1613,poeta,España
http://www.wikidata.org/entity/Q28525557,calle de Argensola,http://www.wikidata.org/entity/Q2107506,Lupercio Leonardo de Argensola,"escritor, historiador, dramaturgo y poeta español",masculino,1559,1613,político,España
http://www.wikidata.org/entity/Q28525557,calle de Argensola,http://www.wikidata.org/entity/Q2107506,Lupercio Leonardo de Argensola,"escritor, historiador, dramaturgo y poeta español",masculino,1559,1613,historiador,España
http://www.wikidata.org/entity/Q28525557,calle de Argensola,http://www.wikidata.org/entity/Q2107506,Lupercio Leonardo de Argensola,"escritor, historiador, dramaturgo y poeta español",masculino,1559,1613,estadista,España
http://www.wikidata.org/entity/Q28525557,calle de Argensola,http://www.wikidata.org/entity/Q2107506,Lupercio Leonardo de Argensola,"escritor, historiador, dramaturgo y poeta español",masculino,1559,1613,cronista,España
http://www.wikidata.org/entity/Q28525557,calle de Argensola,http://www.wikidata.org/entity/Q2155112,Bartolomé Leonardo de Argensola,poeta e historiador aragonés,masculino,1562,1631,escritor,Reino de Aragón
http://www.wikidata.org/entity/Q28525557,calle de Argensola,http://www.wikidata.org/entity/Q2155112,Bartolomé Leonardo de Argensola,poeta e historiador aragonés,masculino,1562,1631,poeta,Reino de Aragón
http://www.wikidata.org/entity/Q28525557,calle de Argensola,http://www.wikidata.org/entity/Q2155112,Bartolomé Leonardo de Argensola,poeta e historiador aragonés,masculino,1562,1631,historiador,Reino de Aragón
http://www.wikidata.org/entity/Q28525557,calle de Argensola,http://www.wikidata.org/entity/Q2155112,Bartolomé Leonardo de Argensola,poeta e historiador aragonés,masculino,1562,1631,presbítero católico de rito latino,Reino de Aragón
http://www.wikidata.org/entity/Q28525557,calle de Argensola,http://www.wikidata.org/entity/Q2155112,Bartolomé Leonardo de Argensola,poeta e historiador aragonés,masculino,1562,1631,cronista,Reino de Aragón
http://www.wikidata.org/entity/Q5740806,calle de Argumosa,http://www.wikidata.org/entity/Q5806709,Diego de Argumosa,médico español (1792-1865),masculino,1792,1865,médico,España
http://www.wikidata.org/entity/Q5740806,calle de Argumosa,http://www.wikidata.org/entity/Q5806709,Diego de Argumosa,médico español (1792-1865),masculino,1792,1865,político,España
http://www.wikidata.org/entity/Q5740806,calle de Argumosa,http://www.wikidata.org/entity/Q5806709,Diego de Argumosa,médico español (1792-1865),masculino,1792,1865,cirujano,España
http://www.wikidata.org/entity/Q5740806,calle de Argumosa,http://www.wikidata.org/entity/Q5806709,Diego de Argumosa,médico español (1792-1865),masculino,1792,1865,profesor titular,España
http://www.wikidata.org/entity/Q29002218,calle de Arrieta,http://www.wikidata.org/entity/Q953785,Emilio Arrieta,compositor español,masculino,1823,1894,compositor,España
http://www.wikidata.org/entity/Q29002218,calle de Arrieta,http://www.wikidata.org/entity/Q953785,Emilio Arrieta,compositor español,masculino,1821,1894,compositor,España
http://www.wikidata.org/entity/Q29002218,calle de Arrieta,http://www.wikidata.org/entity/Q953785,Emilio Arrieta,compositor español,masculino,1821,1894,compositor,España
http://www.wikidata.org/entity/Q29002218,calle de Arrieta,http://www.wikidata.org/entity/Q953785,Emilio Arrieta,compositor español,masculino,1823,1894,profesor,España
http://www.wikidata.org/entity/Q29002218,calle de Arrieta,http://www.wikidata.org/entity/Q953785,Emilio Arrieta,compositor español,masculino,1821,1894,profesor,España
http://www.wikidata.org/entity/Q29002218,calle de Arrieta,http://www.wikidata.org/entity/Q953785,Emilio Arrieta,compositor español,masculino,1821,1894,profesor,España
http://www.wikidata.org/entity/Q29002218,calle de Arrieta,http://www.wikidata.org/entity/Q953785,Emilio Arrieta,compositor español,masculino,1823,1894,artista escénico,España
http://www.wikidata.org/entity/Q29002218,calle de Arrieta,http://www.wikidata.org/entity/Q953785,Emilio Arrieta,compositor español,masculino,1821,1894,artista escénico,España
http://www.wikidata.org/entity/Q29002218,calle de Arrieta,http://www.wikidata.org/entity/Q953785,Emilio Arrieta,compositor español,masculino,1821,1894,artista escénico,España
http://www.wikidata.org/entity/Q29002218,calle de Arrieta,http://www.wikidata.org/entity/Q953785,Emilio Arrieta,compositor español,masculino,1823,1894,director,España
http://www.wikidata.org/entity/Q29002218,calle de Arrieta,http://www.wikidata.org/entity/Q953785,Emilio Arrieta,compositor español,masculino,1821,1894,director,España
http://www.wikidata.org/entity/Q29002218,calle de Arrieta,http://www.wikidata.org/entity/Q953785,Emilio Arrieta,compositor español,masculino,1821,1894,director,España
http://www.wikidata.org/entity/Q8255504,calle de Arturo Soria,http://www.wikidata.org/entity/Q715548,Arturo Soria,urbanista español,masculino,1844,1920,empresario,España
http://www.wikidata.org/entity/Q8255504,calle de Arturo Soria,http://www.wikidata.org/entity/Q715548,Arturo Soria,urbanista español,masculino,1844,1920,político,España
http://www.wikidata.org/entity/Q8255504,calle de Arturo Soria,http://www.wikidata.org/entity/Q715548,Arturo Soria,urbanista español,masculino,1844,1920,urbanista,España
http://www.wikidata.org/entity/Q8255504,calle de Arturo Soria,http://www.wikidata.org/entity/Q715548,Arturo Soria,urbanista español,masculino,1844,1920,funcionario,España
http://www.wikidata.org/entity/Q8255504,calle de Arturo Soria,http://www.wikidata.org/entity/Q715548,Arturo Soria,urbanista español,masculino,1844,1920,periodista de opinión,España
http://www.wikidata.org/entity/Q8255504,calle de Arturo Soria,http://www.wikidata.org/entity/Q715548,Arturo Soria,urbanista español,masculino,1844,1920,teósofo,España
http://www.wikidata.org/entity/Q47390567,calle de Ateca,http://www.wikidata.org/entity/Q1628439,Ateca,"municipio de la provincia de Zaragoza, España",,,,,
http://www.wikidata.org/entity/Q29564346,calle de Augusto Figueroa,http://www.wikidata.org/entity/Q16489206,Augusto Suárez de Figueroa,periodista y político español,masculino,1852,1904,político,España
http://www.wikidata.org/entity/Q29564346,calle de Augusto Figueroa,http://www.wikidata.org/entity/Q16489206,Augusto Suárez de Figueroa,periodista y político español,masculino,1852,1904,periodista,España
http://www.wikidata.org/entity/Q28052812,calle de Ayala,http://www.wikidata.org/entity/Q354137,Adelardo López de Ayala,"dramaturgo, académico y político español (1828-1879)",masculino,1828,1879,escritor,España
http://www.wikidata.org/entity/Q28052812,calle de Ayala,http://www.wikidata.org/entity/Q354137,Adelardo López de Ayala,"dramaturgo, académico y político español (1828-1879)",masculino,1828,1879,poeta,España
http://www.wikidata.org/entity/Q28052812,calle de Ayala,http://www.wikidata.org/entity/Q354137,Adelardo López de Ayala,"dramaturgo, académico y político español (1828-1879)",masculino,1828,1879,político,España
http://www.wikidata.org/entity/Q28052812,calle de Ayala,http://www.wikidata.org/entity/Q354137,Adelardo López de Ayala,"dramaturgo, académico y político español (1828-1879)",masculino,1828,1879,dramaturgo,España
http://www.wikidata.org/entity/Q5740811,calle de Bailén,http://www.wikidata.org/entity/Q1364346,batalla de Bailén,batalla de la guerra de la Independencia Española (19 de julio de 1808),,,,,
http://www.wikidata.org/entity/Q28940350,calle de Balbina Valverde,http://www.wikidata.org/entity/Q5717120,Balbina Valverde,actora de teatro española (1840-1910),femenino,1840,1910,actor,España
http://www.wikidata.org/entity/Q63349357,calle de Baltasar Gracián,http://www.wikidata.org/entity/Q360512,Baltasar Gracián,escritor y filósofo jesuita aragonés,masculino,1604,1658,escritor,España
http://www.wikidata.org/entity/Q63349357,calle de Baltasar Gracián,http://www.wikidata.org/entity/Q360512,Baltasar Gracián,escritor y filósofo jesuita aragonés,masculino,1604,1658,presbítero católico de rito latino,España
http://www.wikidata.org/entity/Q63349357,calle de Baltasar Gracián,http://www.wikidata.org/entity/Q360512,Baltasar Gracián,escritor y filósofo jesuita aragonés,masculino,1604,1658,filósofo,España
http://www.wikidata.org/entity/Q63349357,calle de Baltasar Gracián,http://www.wikidata.org/entity/Q360512,Baltasar Gracián,escritor y filósofo jesuita aragonés,masculino,1604,1658,escritor,Corona de Aragón
http://www.wikidata.org/entity/Q63349357,calle de Baltasar Gracián,http://www.wikidata.org/entity/Q360512,Baltasar Gracián,escritor y filósofo jesuita aragonés,masculino,1604,1658,presbítero católico de rito latino,Corona de Aragón
http://www.wikidata.org/entity/Q63349357,calle de Baltasar Gracián,http://www.wikidata.org/entity/Q360512,Baltasar Gracián,escritor y filósofo jesuita aragonés,masculino,1604,1658,filósofo,Corona de Aragón
http://www.wikidata.org/entity/Q47020909,calle de Barbieri,http://www.wikidata.org/entity/Q1236051,Francisco Asenjo Barbieri,compositor español,masculino,1823,1894,compositor,España
http://www.wikidata.org/entity/Q47020909,calle de Barbieri,http://www.wikidata.org/entity/Q1236051,Francisco Asenjo Barbieri,compositor español,masculino,1823,1894,director de orquesta,España
http://www.wikidata.org/entity/Q47020909,calle de Barbieri,http://www.wikidata.org/entity/Q1236051,Francisco Asenjo Barbieri,compositor español,masculino,1823,1894,restaurador,España
http://www.wikidata.org/entity/Q47020909,calle de Barbieri,http://www.wikidata.org/entity/Q1236051,Francisco Asenjo Barbieri,compositor español,masculino,1823,1894,musicólogo,España
http://www.wikidata.org/entity/Q47020909,calle de Barbieri,http://www.wikidata.org/entity/Q1236051,Francisco Asenjo Barbieri,compositor español,masculino,1823,1894,teórico de la música,España
http://www.wikidata.org/entity/Q47020909,calle de Barbieri,http://www.wikidata.org/entity/Q1236051,Francisco Asenjo Barbieri,compositor español,masculino,1823,1894,historiador de la música,España
http://www.wikidata.org/entity/Q27048338,calle de Barcelona,http://www.wikidata.org/entity/Q1492,Barcelona,"capital de Cataluña, España",,,,,
http://www.wikidata.org/entity/Q27051120,calle de Barceló,http://www.wikidata.org/entity/Q176476,Antonio Barceló,Teniente General de la Real Armada española,masculino,1716,1797,militar,España
http://www.wikidata.org/entity/Q27051120,calle de Barceló,http://www.wikidata.org/entity/Q176476,Antonio Barceló,Teniente General de la Real Armada española,masculino,1716,1797,corsario,España
http://www.wikidata.org/entity/Q28987115,calle de Beatriz Galindo,http://www.wikidata.org/entity/Q1708316,Beatriz Galindo,aristócrata castellana,femenino,,1535,escritor,Corona de Castilla
http://www.wikidata.org/entity/Q28987115,calle de Beatriz Galindo,http://www.wikidata.org/entity/Q1708316,Beatriz Galindo,aristócrata castellana,femenino,,1535,médico,Corona de Castilla
http://www.wikidata.org/entity/Q28987115,calle de Beatriz Galindo,http://www.wikidata.org/entity/Q1708316,Beatriz Galindo,aristócrata castellana,femenino,,1535,humanista del Renacimiento,Corona de Castilla
http://www.wikidata.org/entity/Q62935606,calle de Beatriz de Bobadilla,http://www.wikidata.org/entity/Q20100559,Beatriz de Bobadilla,"dama castellana, marquesa de Moya",femenino,1440,1511,dama de compañía,Corona de Castilla
http://www.wikidata.org/entity/Q28016182,calle de Benito Gutiérrez,http://www.wikidata.org/entity/Q21872966,Benito Gutiérrez,jurista español,masculino,1826,1885,político,España
http://www.wikidata.org/entity/Q28016182,calle de Benito Gutiérrez,http://www.wikidata.org/entity/Q21872966,Benito Gutiérrez,jurista español,masculino,1826,1885,profesor,España
http://www.wikidata.org/entity/Q28016182,calle de Benito Gutiérrez,http://www.wikidata.org/entity/Q21872966,Benito Gutiérrez,jurista español,masculino,1826,1885,jurista,España
http://www.wikidata.org/entity/Q28524780,calle de Blanca de Navarra,http://www.wikidata.org/entity/Q853282,Blanca de Trastámara y Evreux,infanta de Navarra,femenino,1424,1464,político,Reino de Navarra
http://www.wikidata.org/entity/Q29405139,calle de Blas Cabrera,http://www.wikidata.org/entity/Q3327470,Blas Cabrera Felipe,físico español,masculino,1878,1945,político,España
http://www.wikidata.org/entity/Q29405139,calle de Blas Cabrera,http://www.wikidata.org/entity/Q3327470,Blas Cabrera Felipe,físico español,masculino,1878,1945,físico,España
http://www.wikidata.org/entity/Q29405139,calle de Blas Cabrera,http://www.wikidata.org/entity/Q3327470,Blas Cabrera Felipe,físico español,masculino,1878,1945,político,México
http://www.wikidata.org/entity/Q29405139,calle de Blas Cabrera,http://www.wikidata.org/entity/Q3327470,Blas Cabrera Felipe,físico español,masculino,1878,1945,físico,México
http://www.wikidata.org/entity/Q26831099,calle de Blasco de Garay,http://www.wikidata.org/entity/Q881771,Blasco de Garay,científico español,masculino,1500,1552,marino,España
http://www.wikidata.org/entity/Q26831099,calle de Blasco de Garay,http://www.wikidata.org/entity/Q881771,Blasco de Garay,científico español,masculino,1500,1552,militar,España
http://www.wikidata.org/entity/Q26831099,calle de Blasco de Garay,http://www.wikidata.org/entity/Q881771,Blasco de Garay,científico español,masculino,1500,1552,inventor,España
http://www.wikidata.org/entity/Q28024373,calle de Boix y Morer,http://www.wikidata.org/entity/Q28024362,Elzeario Boix,ingeniero español,masculino,1828,1896,ingeniero,España
http://www.wikidata.org/entity/Q28024373,calle de Boix y Morer,http://www.wikidata.org/entity/Q28024362,Elzeario Boix,ingeniero español,masculino,1828,1896,"ingeniero de caminos, canales y puertos",España
http://www.wikidata.org/entity/Q28024373,calle de Boix y Morer,http://www.wikidata.org/entity/Q25423445,José Morer,ingeniero español,masculino,1823,1906,ingeniero,España
http://www.wikidata.org/entity/Q5740815,calle de Bravo Murillo,http://www.wikidata.org/entity/Q200476,Juan Bravo Murillo,político español,masculino,1803,1873,escritor,España
http://www.wikidata.org/entity/Q5740815,calle de Bravo Murillo,http://www.wikidata.org/entity/Q200476,Juan Bravo Murillo,político español,masculino,1803,1873,abogado,España
http://www.wikidata.org/entity/Q5740815,calle de Bravo Murillo,http://www.wikidata.org/entity/Q200476,Juan Bravo Murillo,político español,masculino,1803,1873,político,España
http://www.wikidata.org/entity/Q5740815,calle de Bravo Murillo,http://www.wikidata.org/entity/Q200476,Juan Bravo Murillo,político español,masculino,1803,1873,economista,España
http://www.wikidata.org/entity/Q27309245,calle de Bretón de los Herreros,http://www.wikidata.org/entity/Q3774440,Manuel Bretón de los Herreros,"dramaturgo, poeta y periodista español",masculino,1796,1873,escritor,España
http://www.wikidata.org/entity/Q27309245,calle de Bretón de los Herreros,http://www.wikidata.org/entity/Q3774440,Manuel Bretón de los Herreros,"dramaturgo, poeta y periodista español",masculino,1796,1873,poeta,España
http://www.wikidata.org/entity/Q27309245,calle de Bretón de los Herreros,http://www.wikidata.org/entity/Q3774440,Manuel Bretón de los Herreros,"dramaturgo, poeta y periodista español",masculino,1796,1873,periodista,España
http://www.wikidata.org/entity/Q27309245,calle de Bretón de los Herreros,http://www.wikidata.org/entity/Q3774440,Manuel Bretón de los Herreros,"dramaturgo, poeta y periodista español",masculino,1796,1873,crítico literario,España
http://www.wikidata.org/entity/Q56155420,calle de Bucarest,http://www.wikidata.org/entity/Q19660,Bucarest,capital de Rumania,,,,,
http://www.wikidata.org/entity/Q27430098,calle de Bustamante,http://www.wikidata.org/entity/Q5931800,Joaquín Bustamante y Quevedo,militar español,masculino,1847,1898,militar,España
http://www.wikidata.org/entity/Q29413520,calle de Bárbara de Braganza,http://www.wikidata.org/entity/Q230878,Bárbara de Braganza,reina consorte de España (1746-1758),femenino,1711,1758,reina reinante,España
http://www.wikidata.org/entity/Q29413520,calle de Bárbara de Braganza,http://www.wikidata.org/entity/Q230878,Bárbara de Braganza,reina consorte de España (1746-1758),femenino,1711,1758,compositor,España
http://www.wikidata.org/entity/Q29413520,calle de Bárbara de Braganza,http://www.wikidata.org/entity/Q230878,Bárbara de Braganza,reina consorte de España (1746-1758),femenino,1711,1758,socialité,España
http://www.wikidata.org/entity/Q29413520,calle de Bárbara de Braganza,http://www.wikidata.org/entity/Q230878,Bárbara de Braganza,reina consorte de España (1746-1758),femenino,1711,1758,mecenas,España
http://www.wikidata.org/entity/Q29413520,calle de Bárbara de Braganza,http://www.wikidata.org/entity/Q230878,Bárbara de Braganza,reina consorte de España (1746-1758),femenino,1711,1758,reina reinante,Reino de Portugal
http://www.wikidata.org/entity/Q29413520,calle de Bárbara de Braganza,http://www.wikidata.org/entity/Q230878,Bárbara de Braganza,reina consorte de España (1746-1758),femenino,1711,1758,compositor,Reino de Portugal
http://www.wikidata.org/entity/Q29413520,calle de Bárbara de Braganza,http://www.wikidata.org/entity/Q230878,Bárbara de Braganza,reina consorte de España (1746-1758),femenino,1711,1758,socialité,Reino de Portugal
http://www.wikidata.org/entity/Q29413520,calle de Bárbara de Braganza,http://www.wikidata.org/entity/Q230878,Bárbara de Braganza,reina consorte de España (1746-1758),femenino,1711,1758,mecenas,Reino de Portugal
http://www.wikidata.org/entity/Q29920817,calle de Cadarso,http://www.wikidata.org/entity/Q11689825,Luis Cadarso y Rey,militar español,masculino,1843,1898,militar,España
http://www.wikidata.org/entity/Q27243690,calle de Calvo Asensio,http://www.wikidata.org/entity/Q3814954,Pedro Calvo Asensio,"periodista, político, farmacéutico y dramaturgo español.",masculino,1821,1863,escritor,España
http://www.wikidata.org/entity/Q27243690,calle de Calvo Asensio,http://www.wikidata.org/entity/Q3814954,Pedro Calvo Asensio,"periodista, político, farmacéutico y dramaturgo español.",masculino,1821,1863,político,España
http://www.wikidata.org/entity/Q27243690,calle de Calvo Asensio,http://www.wikidata.org/entity/Q3814954,Pedro Calvo Asensio,"periodista, político, farmacéutico y dramaturgo español.",masculino,1821,1863,farmacéutico,España
http://www.wikidata.org/entity/Q27243690,calle de Calvo Asensio,http://www.wikidata.org/entity/Q3814954,Pedro Calvo Asensio,"periodista, político, farmacéutico y dramaturgo español.",masculino,1821,1863,traductor,España
http://www.wikidata.org/entity/Q27243690,calle de Calvo Asensio,http://www.wikidata.org/entity/Q3814954,Pedro Calvo Asensio,"periodista, político, farmacéutico y dramaturgo español.",masculino,1821,1863,periodista,España
http://www.wikidata.org/entity/Q27243690,calle de Calvo Asensio,http://www.wikidata.org/entity/Q3814954,Pedro Calvo Asensio,"periodista, político, farmacéutico y dramaturgo español.",masculino,1821,1863,editor,España
http://www.wikidata.org/entity/Q28529561,calle de Campoamor,http://www.wikidata.org/entity/Q64578,Ramón de Campoamor,literato y político español (1817-1901),masculino,1817,1901,escritor,España
http://www.wikidata.org/entity/Q28529561,calle de Campoamor,http://www.wikidata.org/entity/Q64578,Ramón de Campoamor,literato y político español (1817-1901),masculino,1817,1901,poeta,España
http://www.wikidata.org/entity/Q28529561,calle de Campoamor,http://www.wikidata.org/entity/Q64578,Ramón de Campoamor,literato y político español (1817-1901),masculino,1817,1901,político,España
http://www.wikidata.org/entity/Q25410886,calle de Carlos Arniches,http://www.wikidata.org/entity/Q1042706,Carlos Arniches,dramaturgo español,masculino,1866,1943,escritor,España
http://www.wikidata.org/entity/Q25410886,calle de Carlos Arniches,http://www.wikidata.org/entity/Q1042706,Carlos Arniches,dramaturgo español,masculino,1866,1943,escritor,España
http://www.wikidata.org/entity/Q25410886,calle de Carlos Arniches,http://www.wikidata.org/entity/Q1042706,Carlos Arniches,dramaturgo español,masculino,1866,1943,dramaturgo,España
http://www.wikidata.org/entity/Q25410886,calle de Carlos Arniches,http://www.wikidata.org/entity/Q1042706,Carlos Arniches,dramaturgo español,masculino,1866,1943,dramaturgo,España
http://www.wikidata.org/entity/Q25410886,calle de Carlos Arniches,http://www.wikidata.org/entity/Q1042706,Carlos Arniches,dramaturgo español,masculino,1866,1943,libretista,España
http://www.wikidata.org/entity/Q25410886,calle de Carlos Arniches,http://www.wikidata.org/entity/Q1042706,Carlos Arniches,dramaturgo español,masculino,1866,1943,libretista,España
http://www.wikidata.org/entity/Q29004341,calle de Carlos III,http://www.wikidata.org/entity/Q36234,Carlos III de España,Rey de España (1759-1788),masculino,1716,1788,gobernante,España
http://www.wikidata.org/entity/Q26960303,calle de Carlos Maurrás,http://www.wikidata.org/entity/Q3048,Charles Maurras,"político, poeta y escritor francés",masculino,1868,1952,escritor,Francia
http://www.wikidata.org/entity/Q26960303,calle de Carlos Maurrás,http://www.wikidata.org/entity/Q3048,Charles Maurras,"político, poeta y escritor francés",masculino,1868,1952,compositor,Francia
http://www.wikidata.org/entity/Q26960303,calle de Carlos Maurrás,http://www.wikidata.org/entity/Q3048,Charles Maurras,"político, poeta y escritor francés",masculino,1868,1952,poeta,Francia
http://www.wikidata.org/entity/Q26960303,calle de Carlos Maurrás,http://www.wikidata.org/entity/Q3048,Charles Maurras,"político, poeta y escritor francés",masculino,1868,1952,político,Francia
http://www.wikidata.org/entity/Q26960303,calle de Carlos Maurrás,http://www.wikidata.org/entity/Q3048,Charles Maurras,"político, poeta y escritor francés",masculino,1868,1952,periodista,Francia
http://www.wikidata.org/entity/Q26960303,calle de Carlos Maurrás,http://www.wikidata.org/entity/Q3048,Charles Maurras,"político, poeta y escritor francés",masculino,1868,1952,filósofo,Francia
http://www.wikidata.org/entity/Q29909274,calle de Carlota O'Neill,http://www.wikidata.org/entity/Q5752296,Carlota O'Neill,escritora y periodista española-mexicana,femenino,1905,1990,escritor,España
http://www.wikidata.org/entity/Q29909274,calle de Carlota O'Neill,http://www.wikidata.org/entity/Q5752296,Carlota O'Neill,escritora y periodista española-mexicana,femenino,1905,2000,escritor,España
http://www.wikidata.org/entity/Q29909274,calle de Carlota O'Neill,http://www.wikidata.org/entity/Q5752296,Carlota O'Neill,escritora y periodista española-mexicana,femenino,1905,1990,dramaturgo,España
http://www.wikidata.org/entity/Q29909274,calle de Carlota O'Neill,http://www.wikidata.org/entity/Q5752296,Carlota O'Neill,escritora y periodista española-mexicana,femenino,1905,2000,dramaturgo,España
http://www.wikidata.org/entity/Q29909274,calle de Carlota O'Neill,http://www.wikidata.org/entity/Q5752296,Carlota O'Neill,escritora y periodista española-mexicana,femenino,1905,1990,periodista,España
http://www.wikidata.org/entity/Q29909274,calle de Carlota O'Neill,http://www.wikidata.org/entity/Q5752296,Carlota O'Neill,escritora y periodista española-mexicana,femenino,1905,2000,periodista,España
http://www.wikidata.org/entity/Q29909274,calle de Carlota O'Neill,http://www.wikidata.org/entity/Q5752296,Carlota O'Neill,escritora y periodista española-mexicana,femenino,1905,1990,novelista,España
http://www.wikidata.org/entity/Q29909274,calle de Carlota O'Neill,http://www.wikidata.org/entity/Q5752296,Carlota O'Neill,escritora y periodista española-mexicana,femenino,1905,2000,novelista,España
http://www.wikidata.org/entity/Q29909274,calle de Carlota O'Neill,http://www.wikidata.org/entity/Q5752296,Carlota O'Neill,escritora y periodista española-mexicana,femenino,1905,1990,escritor,México
http://www.wikidata.org/entity/Q29909274,calle de Carlota O'Neill,http://www.wikidata.org/entity/Q5752296,Carlota O'Neill,escritora y periodista española-mexicana,femenino,1905,2000,escritor,México
http://www.wikidata.org/entity/Q29909274,calle de Carlota O'Neill,http://www.wikidata.org/entity/Q5752296,Carlota O'Neill,escritora y periodista española-mexicana,femenino,1905,1990,dramaturgo,México
http://www.wikidata.org/entity/Q29909274,calle de Carlota O'Neill,http://www.wikidata.org/entity/Q5752296,Carlota O'Neill,escritora y periodista española-mexicana,femenino,1905,2000,dramaturgo,México
http://www.wikidata.org/entity/Q29909274,calle de Carlota O'Neill,http://www.wikidata.org/entity/Q5752296,Carlota O'Neill,escritora y periodista española-mexicana,femenino,1905,1990,periodista,México
http://www.wikidata.org/entity/Q29909274,calle de Carlota O'Neill,http://www.wikidata.org/entity/Q5752296,Carlota O'Neill,escritora y periodista española-mexicana,femenino,1905,2000,periodista,México
http://www.wikidata.org/entity/Q29909274,calle de Carlota O'Neill,http://www.wikidata.org/entity/Q5752296,Carlota O'Neill,escritora y periodista española-mexicana,femenino,1905,1990,novelista,México
http://www.wikidata.org/entity/Q29909274,calle de Carlota O'Neill,http://www.wikidata.org/entity/Q5752296,Carlota O'Neill,escritora y periodista española-mexicana,femenino,1905,2000,novelista,México
http://www.wikidata.org/entity/Q27941430,calle de Carranza,http://www.wikidata.org/entity/Q809545,Bartolomé de Carranza,Arzobispo católico español,masculino,1503,1576,sacerdote católico,España
http://www.wikidata.org/entity/Q27941430,calle de Carranza,http://www.wikidata.org/entity/Q809545,Bartolomé de Carranza,Arzobispo católico español,masculino,1503,1576,fraile,España
http://www.wikidata.org/entity/Q27941430,calle de Carranza,http://www.wikidata.org/entity/Q809545,Bartolomé de Carranza,Arzobispo católico español,masculino,1503,1576,profesor universitario,España
http://www.wikidata.org/entity/Q48525407,calle de Casado del Alisal,http://www.wikidata.org/entity/Q1403817,José Casado del Alisal,pintor español (1832-1886),masculino,1832,1886,pintor,España
http://www.wikidata.org/entity/Q28058833,calle de Castelló,http://www.wikidata.org/entity/Q6068454,Pedro Castelló,médico de cámara del rey Fernando VII de España,masculino,1770,1850,médico,España
http://www.wikidata.org/entity/Q28058833,calle de Castelló,http://www.wikidata.org/entity/Q6068454,Pedro Castelló,médico de cámara del rey Fernando VII de España,masculino,1770,1850,militar,España
http://www.wikidata.org/entity/Q29051443,calle de Cavanilles,http://www.wikidata.org/entity/Q545430,Antonio José de Cavanilles,botánico y naturalista español (1745–1804),masculino,1745,1804,sacerdote,España
http://www.wikidata.org/entity/Q29051443,calle de Cavanilles,http://www.wikidata.org/entity/Q545430,Antonio José de Cavanilles,botánico y naturalista español (1745–1804),masculino,1745,1804,profesor universitario,España
http://www.wikidata.org/entity/Q29051443,calle de Cavanilles,http://www.wikidata.org/entity/Q545430,Antonio José de Cavanilles,botánico y naturalista español (1745–1804),masculino,1745,1804,recolector de plantas,España
http://www.wikidata.org/entity/Q29051443,calle de Cavanilles,http://www.wikidata.org/entity/Q545430,Antonio José de Cavanilles,botánico y naturalista español (1745–1804),masculino,1745,1804,botánico,España
http://www.wikidata.org/entity/Q29051443,calle de Cavanilles,http://www.wikidata.org/entity/Q545430,Antonio José de Cavanilles,botánico y naturalista español (1745–1804),masculino,1745,1804,pteridólogo,España
http://www.wikidata.org/entity/Q29051443,calle de Cavanilles,http://www.wikidata.org/entity/Q545430,Antonio José de Cavanilles,botánico y naturalista español (1745–1804),masculino,1745,1804,recolector científico,España
http://www.wikidata.org/entity/Q26791743,calle de Cea Bermúdez,http://www.wikidata.org/entity/Q963367,Francisco Cea Bermúdez,político y diplomático español,masculino,1779,1850,político,España
http://www.wikidata.org/entity/Q26791743,calle de Cea Bermúdez,http://www.wikidata.org/entity/Q963367,Francisco Cea Bermúdez,político y diplomático español,masculino,1779,1850,diplomático,España
http://www.wikidata.org/entity/Q20014008,calle de Cervantes,http://www.wikidata.org/entity/Q5682,Miguel de Cervantes,escritor español,masculino,1547,1616,escritor,Corona de Castilla
http://www.wikidata.org/entity/Q20014008,calle de Cervantes,http://www.wikidata.org/entity/Q5682,Miguel de Cervantes,escritor español,masculino,1547,1616,poeta,Corona de Castilla
http://www.wikidata.org/entity/Q20014008,calle de Cervantes,http://www.wikidata.org/entity/Q5682,Miguel de Cervantes,escritor español,masculino,1547,1616,dramaturgo,Corona de Castilla
http://www.wikidata.org/entity/Q20014008,calle de Cervantes,http://www.wikidata.org/entity/Q5682,Miguel de Cervantes,escritor español,masculino,1547,1616,contador,Corona de Castilla
http://www.wikidata.org/entity/Q20014008,calle de Cervantes,http://www.wikidata.org/entity/Q5682,Miguel de Cervantes,escritor español,masculino,1547,1616,letrista,Corona de Castilla
http://www.wikidata.org/entity/Q20014008,calle de Cervantes,http://www.wikidata.org/entity/Q5682,Miguel de Cervantes,escritor español,masculino,1547,1616,recaudador de impuestos,Corona de Castilla
http://www.wikidata.org/entity/Q20014008,calle de Cervantes,http://www.wikidata.org/entity/Q5682,Miguel de Cervantes,escritor español,masculino,1547,1616,soldado,Corona de Castilla
http://www.wikidata.org/entity/Q20014008,calle de Cervantes,http://www.wikidata.org/entity/Q5682,Miguel de Cervantes,escritor español,masculino,1547,1616,novelista,Corona de Castilla
http://www.wikidata.org/entity/Q118630302,calle de Cestona,http://www.wikidata.org/entity/Q1618393,Cestona,"municipio de Guipúzcoa, España",,,,,
http://www.wikidata.org/entity/Q28944680,calle de Ceuta,http://www.wikidata.org/entity/Q5823,Ceuta,ciudad autónoma de España en el norte de África,,,,,
http://www.wikidata.org/entity/Q28032536,calle de Churruca,http://www.wikidata.org/entity/Q3751769,Cosme Damián Churruca,Militar y científico español,masculino,1761,1805,político,España
http://www.wikidata.org/entity/Q28032536,calle de Churruca,http://www.wikidata.org/entity/Q3751769,Cosme Damián Churruca,Militar y científico español,masculino,1761,1805,geógrafo,España
http://www.wikidata.org/entity/Q28032536,calle de Churruca,http://www.wikidata.org/entity/Q3751769,Cosme Damián Churruca,Militar y científico español,masculino,1761,1805,oficial naval,España
http://www.wikidata.org/entity/Q27050797,calle de Ciudad Rodrigo,http://www.wikidata.org/entity/Q820476,Ciudad Rodrigo,"municipio de la provincia de Salamanca, España",,,,,
http://www.wikidata.org/entity/Q28055037,calle de Clara del Rey,http://www.wikidata.org/entity/Q2975525,Clara del Rey,heroína de la guerra de la independencia española,femenino,1765,1808,,España
http://www.wikidata.org/entity/Q28059043,calle de Claudio Coello,http://www.wikidata.org/entity/Q332466,Claudio Coello,pintor español,masculino,1642,1693,pintor,España
http://www.wikidata.org/entity/Q28806217,calle de Columela,http://www.wikidata.org/entity/Q318317,Columela,escritor agronómico romano,masculino,4,70,escritor,Antigua Roma
http://www.wikidata.org/entity/Q28806217,calle de Columela,http://www.wikidata.org/entity/Q318317,Columela,escritor agronómico romano,masculino,4,70,poeta,Antigua Roma
http://www.wikidata.org/entity/Q29951433,calle de Colón,http://www.wikidata.org/entity/Q7322,Cristóbal Colón,"navegante, cartógrafo y almirante genovés",masculino,1451,1506,marino,República de Génova
http://www.wikidata.org/entity/Q29951433,calle de Colón,http://www.wikidata.org/entity/Q7322,Cristóbal Colón,"navegante, cartógrafo y almirante genovés",masculino,1451,1506,inventor,República de Génova
http://www.wikidata.org/entity/Q29951433,calle de Colón,http://www.wikidata.org/entity/Q7322,Cristóbal Colón,"navegante, cartógrafo y almirante genovés",masculino,1451,1506,explorador,República de Génova
http://www.wikidata.org/entity/Q29951433,calle de Colón,http://www.wikidata.org/entity/Q7322,Cristóbal Colón,"navegante, cartógrafo y almirante genovés",masculino,1451,1506,marino,República de Génova
http://www.wikidata.org/entity/Q29951433,calle de Colón,http://www.wikidata.org/entity/Q7322,Cristóbal Colón,"navegante, cartógrafo y almirante genovés",masculino,1451,1506,viajero,República de Génova
http://www.wikidata.org/entity/Q42253408,calle de Concepción Arenal,http://www.wikidata.org/entity/Q671852,Concepción Arenal Ponte,"experta en derecho, pensadora, periodista, poeta, sufragista, feminista y autora dramática española (1820-1893)",femenino,1820,1893,escritor,España
http://www.wikidata.org/entity/Q42253408,calle de Concepción Arenal,http://www.wikidata.org/entity/Q671852,Concepción Arenal Ponte,"experta en derecho, pensadora, periodista, poeta, sufragista, feminista y autora dramática española (1820-1893)",femenino,1820,1893,poeta,España
http://www.wikidata.org/entity/Q42253408,calle de Concepción Arenal,http://www.wikidata.org/entity/Q671852,Concepción Arenal Ponte,"experta en derecho, pensadora, periodista, poeta, sufragista, feminista y autora dramática española (1820-1893)",femenino,1820,1893,editor,España
http://www.wikidata.org/entity/Q42253408,calle de Concepción Arenal,http://www.wikidata.org/entity/Q671852,Concepción Arenal Ponte,"experta en derecho, pensadora, periodista, poeta, sufragista, feminista y autora dramática española (1820-1893)",femenino,1820,1893,periodista,España
http://www.wikidata.org/entity/Q42253408,calle de Concepción Arenal,http://www.wikidata.org/entity/Q671852,Concepción Arenal Ponte,"experta en derecho, pensadora, periodista, poeta, sufragista, feminista y autora dramática española (1820-1893)",femenino,1820,1893,novelista,España
http://www.wikidata.org/entity/Q42253408,calle de Concepción Arenal,http://www.wikidata.org/entity/Q671852,Concepción Arenal Ponte,"experta en derecho, pensadora, periodista, poeta, sufragista, feminista y autora dramática española (1820-1893)",femenino,1820,1893,trabajador social,España
http://www.wikidata.org/entity/Q118608705,calle de Coslada,http://www.wikidata.org/entity/Q164197,Coslada,municipio de la Comunidad de Madrid. España,,,,,
http://www.wikidata.org/entity/Q28029043,calle de Covarrubias,http://www.wikidata.org/entity/Q1220593,Diego de Covarrubias y Leyva,"obispo, teólogo y jurista español (1512-1577)",masculino,1512,1577,jurista,España
http://www.wikidata.org/entity/Q28029043,calle de Covarrubias,http://www.wikidata.org/entity/Q1220593,Diego de Covarrubias y Leyva,"obispo, teólogo y jurista español (1512-1577)",masculino,1512,1577,economista,España
http://www.wikidata.org/entity/Q28029043,calle de Covarrubias,http://www.wikidata.org/entity/Q1220593,Diego de Covarrubias y Leyva,"obispo, teólogo y jurista español (1512-1577)",masculino,1512,1577,obispo católico,España
http://www.wikidata.org/entity/Q28029043,calle de Covarrubias,http://www.wikidata.org/entity/Q1220593,Diego de Covarrubias y Leyva,"obispo, teólogo y jurista español (1512-1577)",masculino,1512,1577,presbítero católico de rito latino,España
http://www.wikidata.org/entity/Q28029043,calle de Covarrubias,http://www.wikidata.org/entity/Q1220593,Diego de Covarrubias y Leyva,"obispo, teólogo y jurista español (1512-1577)",masculino,1512,1577,profesor universitario,España
http://www.wikidata.org/entity/Q27309902,calle de Cristóbal Bordiú,http://www.wikidata.org/entity/Q22962489,Cristóbal Bordiú y Góngora,político español,masculino,1798,1872,político,España
http://www.wikidata.org/entity/Q27309902,calle de Cristóbal Bordiú,http://www.wikidata.org/entity/Q22962489,Cristóbal Bordiú y Góngora,político español,masculino,1798,1872,funcionario,España
http://www.wikidata.org/entity/Q27048330,calle de Cádiz,http://www.wikidata.org/entity/Q15682,Cádiz,"municipio y capital de la provincia de Cádiz, España",,,,,
http://www.wikidata.org/entity/Q28059485,calle de Diego de León,http://www.wikidata.org/entity/Q3027464,Diego de León y Navarrete,militar español,masculino,1807,1841,militar,España
http://www.wikidata.org/entity/Q28059485,calle de Diego de León,http://www.wikidata.org/entity/Q3027464,Diego de León y Navarrete,militar español,masculino,1807,1841,político,España
http://www.wikidata.org/entity/Q28059485,calle de Diego de León,http://www.wikidata.org/entity/Q3027464,Diego de León y Navarrete,militar español,masculino,1807,1841,autor,España
http://www.wikidata.org/entity/Q28052869,calle de Don Ramón de la Cruz,http://www.wikidata.org/entity/Q920042,Ramón de la Cruz,dramaturgo español (1731-1794),masculino,1731,1794,escritor,España
http://www.wikidata.org/entity/Q28052869,calle de Don Ramón de la Cruz,http://www.wikidata.org/entity/Q920042,Ramón de la Cruz,dramaturgo español (1731-1794),masculino,1731,1794,dramaturgo,España
http://www.wikidata.org/entity/Q28052869,calle de Don Ramón de la Cruz,http://www.wikidata.org/entity/Q920042,Ramón de la Cruz,dramaturgo español (1731-1794),masculino,1731,1794,libretista,España
http://www.wikidata.org/entity/Q27345483,calle de Don Álvaro de Bazán,http://www.wikidata.org/entity/Q251441,Álvaro de Bazán,"noble y almirante español, 1. marqués de Santa Cruz (1526-1588)",masculino,1527,1588,militar,España
http://www.wikidata.org/entity/Q27345483,calle de Don Álvaro de Bazán,http://www.wikidata.org/entity/Q251441,Álvaro de Bazán,"noble y almirante español, 1. marqués de Santa Cruz (1526-1588)",masculino,1527,1588,almirante,España
http://www.wikidata.org/entity/Q27345483,calle de Don Álvaro de Bazán,http://www.wikidata.org/entity/Q251441,Álvaro de Bazán,"noble y almirante español, 1. marqués de Santa Cruz (1526-1588)",masculino,1527,1588,militar,Reino de Portugal
http://www.wikidata.org/entity/Q27345483,calle de Don Álvaro de Bazán,http://www.wikidata.org/entity/Q251441,Álvaro de Bazán,"noble y almirante español, 1. marqués de Santa Cruz (1526-1588)",masculino,1527,1588,almirante,Reino de Portugal
http://www.wikidata.org/entity/Q27243288,calle de Donoso Cortés,http://www.wikidata.org/entity/Q723141,Juan Donoso Cortés,"escritor, político y diplomático español",masculino,1809,1853,escritor,España
http://www.wikidata.org/entity/Q27243288,calle de Donoso Cortés,http://www.wikidata.org/entity/Q723141,Juan Donoso Cortés,"escritor, político y diplomático español",masculino,1809,1853,político,España
http://www.wikidata.org/entity/Q27243288,calle de Donoso Cortés,http://www.wikidata.org/entity/Q723141,Juan Donoso Cortés,"escritor, político y diplomático español",masculino,1809,1853,diplomático,España
http://www.wikidata.org/entity/Q27243288,calle de Donoso Cortés,http://www.wikidata.org/entity/Q723141,Juan Donoso Cortés,"escritor, político y diplomático español",masculino,1809,1853,profesor universitario,España
http://www.wikidata.org/entity/Q27243288,calle de Donoso Cortés,http://www.wikidata.org/entity/Q723141,Juan Donoso Cortés,"escritor, político y diplomático español",masculino,1809,1853,periodista,España
http://www.wikidata.org/entity/Q27243288,calle de Donoso Cortés,http://www.wikidata.org/entity/Q723141,Juan Donoso Cortés,"escritor, político y diplomático español",masculino,1809,1853,filósofo,España
http://www.wikidata.org/entity/Q118639334,calle de Dulcinea,http://www.wikidata.org/entity/Q2807,Madrid,capital de España,,,,,
http://www.wikidata.org/entity/Q15788209,calle de Echegaray,http://www.wikidata.org/entity/Q127349,José Echegaray,autor español (1832-1916),masculino,1832,1916,escritor,España
http://www.wikidata.org/entity/Q15788209,calle de Echegaray,http://www.wikidata.org/entity/Q127349,José Echegaray,autor español (1832-1916),masculino,1832,1916,ingeniero,España
http://www.wikidata.org/entity/Q15788209,calle de Echegaray,http://www.wikidata.org/entity/Q127349,José Echegaray,autor español (1832-1916),masculino,1832,1916,político,España
http://www.wikidata.org/entity/Q15788209,calle de Echegaray,http://www.wikidata.org/entity/Q127349,José Echegaray,autor español (1832-1916),masculino,1832,1916,matemático,España
http://www.wikidata.org/entity/Q15788209,calle de Echegaray,http://www.wikidata.org/entity/Q127349,José Echegaray,autor español (1832-1916),masculino,1832,1916,economista,España
http://www.wikidata.org/entity/Q15788209,calle de Echegaray,http://www.wikidata.org/entity/Q127349,José Echegaray,autor español (1832-1916),masculino,1832,1916,dramaturgo,España
http://www.wikidata.org/entity/Q15788209,calle de Echegaray,http://www.wikidata.org/entity/Q127349,José Echegaray,autor español (1832-1916),masculino,1832,1916,ingeniero civil,España
http://www.wikidata.org/entity/Q28004664,calle de Edgar Neville,http://www.wikidata.org/entity/Q706489,José Moscardó Ituarte,general y político español (1878-1956),masculino,1878,1956,militar,España
http://www.wikidata.org/entity/Q28004664,calle de Edgar Neville,http://www.wikidata.org/entity/Q706489,José Moscardó Ituarte,general y político español (1878-1956),masculino,1878,1956,político,España
http://www.wikidata.org/entity/Q29528664,calle de Eduardo Aunós,http://www.wikidata.org/entity/Q460199,Eduardo Aunós,político español,masculino,1894,1967,político,España
http://www.wikidata.org/entity/Q29528664,calle de Eduardo Aunós,http://www.wikidata.org/entity/Q460199,Eduardo Aunós,político español,masculino,1894,1967,diplomático,España
http://www.wikidata.org/entity/Q29353490,calle de Eduardo Haro Tecglen,http://www.wikidata.org/entity/Q326067,Eduardo Haro Tecglen,periodista español,masculino,1924,2005,escritor,España
http://www.wikidata.org/entity/Q29353490,calle de Eduardo Haro Tecglen,http://www.wikidata.org/entity/Q326067,Eduardo Haro Tecglen,periodista español,masculino,1924,2005,periodista,España
http://www.wikidata.org/entity/Q29353490,calle de Eduardo Haro Tecglen,http://www.wikidata.org/entity/Q326067,Eduardo Haro Tecglen,periodista español,masculino,1924,2005,periodista de opinión,España
http://www.wikidata.org/entity/Q28537871,calle de Eguílaz,http://www.wikidata.org/entity/Q5627980,Luis de Eguílaz,escritor y dramaturgo español,masculino,1830,1874,escritor,España
http://www.wikidata.org/entity/Q28537871,calle de Eguílaz,http://www.wikidata.org/entity/Q5627980,Luis de Eguílaz,escritor y dramaturgo español,masculino,1830,1874,abogado,España
http://www.wikidata.org/entity/Q28971977,calle de El Algabeño,http://www.wikidata.org/entity/Q957927,José García Carranza,torero español,masculino,1902,1936,torero,España
http://www.wikidata.org/entity/Q26771757,calle de Eloy Gonzalo,http://www.wikidata.org/entity/Q1245933,Eloy Gonzalo,soldado español en Cuba,masculino,1868,1897,soldado,España
http://www.wikidata.org/entity/Q27243425,calle de Emilio Carrère,http://www.wikidata.org/entity/Q266059,Emilio Carrere,escritor español,masculino,1881,1947,poeta,España
http://www.wikidata.org/entity/Q27243425,calle de Emilio Carrère,http://www.wikidata.org/entity/Q266059,Emilio Carrere,escritor español,masculino,1881,1947,periodista,España
http://www.wikidata.org/entity/Q27243425,calle de Emilio Carrère,http://www.wikidata.org/entity/Q266059,Emilio Carrere,escritor español,masculino,1881,1947,escritor,España
http://www.wikidata.org/entity/Q29353384,calle de Emma Penella,http://www.wikidata.org/entity/Q171261,Emma Penella,actriz española,femenino,1931,2007,actor,España
http://www.wikidata.org/entity/Q28527429,calle de Españoleto,http://www.wikidata.org/entity/Q297838,José de Ribera,pintor español (1591-1652),masculino,1591,1652,pintor,Corona de Aragón
http://www.wikidata.org/entity/Q28527429,calle de Españoleto,http://www.wikidata.org/entity/Q297838,José de Ribera,pintor español (1591-1652),masculino,1591,1652,artista gráfico,Corona de Aragón
http://www.wikidata.org/entity/Q28527429,calle de Españoleto,http://www.wikidata.org/entity/Q297838,José de Ribera,pintor español (1591-1652),masculino,1591,1652,artista visual,Corona de Aragón
http://www.wikidata.org/entity/Q28527429,calle de Españoleto,http://www.wikidata.org/entity/Q297838,José de Ribera,pintor español (1591-1652),masculino,1591,1652,grabador,Corona de Aragón
http://www.wikidata.org/entity/Q28527429,calle de Españoleto,http://www.wikidata.org/entity/Q297838,José de Ribera,pintor español (1591-1652),masculino,1591,1652,dibujante arquitectónico,Corona de Aragón
http://www.wikidata.org/entity/Q28527429,calle de Españoleto,http://www.wikidata.org/entity/Q297838,José de Ribera,pintor español (1591-1652),masculino,1591,1652,dibujante,Corona de Aragón
http://www.wikidata.org/entity/Q5740830,calle de Espoz y Mina,http://www.wikidata.org/entity/Q2745347,Francisco Espoz y Mina,militar y político español,masculino,1781,1836,militar,España
http://www.wikidata.org/entity/Q5740830,calle de Espoz y Mina,http://www.wikidata.org/entity/Q2745347,Francisco Espoz y Mina,militar y político español,masculino,1781,1836,político,España
http://www.wikidata.org/entity/Q27309526,calle de Espronceda,http://www.wikidata.org/entity/Q209077,José de Espronceda,poeta y periodista español,masculino,1808,1842,escritor,España
http://www.wikidata.org/entity/Q27309526,calle de Espronceda,http://www.wikidata.org/entity/Q209077,José de Espronceda,poeta y periodista español,masculino,1808,1842,poeta,España
http://www.wikidata.org/entity/Q27309526,calle de Espronceda,http://www.wikidata.org/entity/Q209077,José de Espronceda,poeta y periodista español,masculino,1808,1842,político,España
http://www.wikidata.org/entity/Q27309526,calle de Espronceda,http://www.wikidata.org/entity/Q209077,José de Espronceda,poeta y periodista español,masculino,1808,1842,oficial militar,España
http://www.wikidata.org/entity/Q27309526,calle de Espronceda,http://www.wikidata.org/entity/Q209077,José de Espronceda,poeta y periodista español,masculino,1808,1842,tecnología educativa,España
http://www.wikidata.org/entity/Q28367356,calle de Esquilache,http://www.wikidata.org/entity/Q2718323,Marqués de Esquilache,diplomático y político italiano al servicio de Carlos III,masculino,1699,1785,político,Reino de Nápoles
http://www.wikidata.org/entity/Q28367356,calle de Esquilache,http://www.wikidata.org/entity/Q2718323,Marqués de Esquilache,diplomático y político italiano al servicio de Carlos III,masculino,1699,1785,diplomático,Reino de Nápoles
http://www.wikidata.org/entity/Q28972118,calle de Estocolmo,http://www.wikidata.org/entity/Q1754,Estocolmo,capital del Reino de Suecia,,,,,
http://www.wikidata.org/entity/Q28016717,calle de Evaristo San Miguel,http://www.wikidata.org/entity/Q3816067,Evaristo Fernández de San Miguel,"noble, militar, político e historiador español",masculino,1785,1862,militar,España
http://www.wikidata.org/entity/Q28016717,calle de Evaristo San Miguel,http://www.wikidata.org/entity/Q3816067,Evaristo Fernández de San Miguel,"noble, militar, político e historiador español",masculino,1785,1862,político,España
http://www.wikidata.org/entity/Q28016717,calle de Evaristo San Miguel,http://www.wikidata.org/entity/Q3816067,Evaristo Fernández de San Miguel,"noble, militar, político e historiador español",masculino,1785,1862,historiador,España
http://www.wikidata.org/entity/Q28024252,calle de Feijoo,http://www.wikidata.org/entity/Q379753,Benito Jerónimo Feijoo y Montenegro,"religioso, ensayista y polígrafo español (1676-1764)",masculino,1677,1764,escritor,España
http://www.wikidata.org/entity/Q28024252,calle de Feijoo,http://www.wikidata.org/entity/Q379753,Benito Jerónimo Feijoo y Montenegro,"religioso, ensayista y polígrafo español (1676-1764)",masculino,1677,1764,médico,España
http://www.wikidata.org/entity/Q28024252,calle de Feijoo,http://www.wikidata.org/entity/Q379753,Benito Jerónimo Feijoo y Montenegro,"religioso, ensayista y polígrafo español (1676-1764)",masculino,1677,1764,profesor universitario,España
http://www.wikidata.org/entity/Q28024252,calle de Feijoo,http://www.wikidata.org/entity/Q379753,Benito Jerónimo Feijoo y Montenegro,"religioso, ensayista y polígrafo español (1676-1764)",masculino,1677,1764,filósofo,España
http://www.wikidata.org/entity/Q28024252,calle de Feijoo,http://www.wikidata.org/entity/Q379753,Benito Jerónimo Feijoo y Montenegro,"religioso, ensayista y polígrafo español (1676-1764)",masculino,1677,1764,ensayista,España
http://www.wikidata.org/entity/Q28004581,calle de Felipe IV,http://www.wikidata.org/entity/Q691402,Felipe IV de España,rey de España entre 1621 y 1665 y de Portugal hasta 1640,masculino,1605,1665,monarca,España
http://www.wikidata.org/entity/Q28004581,calle de Felipe IV,http://www.wikidata.org/entity/Q691402,Felipe IV de España,rey de España entre 1621 y 1665 y de Portugal hasta 1640,masculino,1605,1665,político,España
http://www.wikidata.org/entity/Q28004581,calle de Felipe IV,http://www.wikidata.org/entity/Q691402,Felipe IV de España,rey de España entre 1621 y 1665 y de Portugal hasta 1640,masculino,1605,1665,gobernante,España
http://www.wikidata.org/entity/Q28004581,calle de Felipe IV,http://www.wikidata.org/entity/Q691402,Felipe IV de España,rey de España entre 1621 y 1665 y de Portugal hasta 1640,masculino,1605,1665,coleccionista de arte,España
http://www.wikidata.org/entity/Q27050720,calle de Felipe V,http://www.wikidata.org/entity/Q170467,Felipe V de España,rey de España,masculino,1683,1746,político,Reino de Francia
http://www.wikidata.org/entity/Q27050720,calle de Felipe V,http://www.wikidata.org/entity/Q170467,Felipe V de España,rey de España,masculino,1683,1746,gobernante,Reino de Francia
http://www.wikidata.org/entity/Q27050720,calle de Felipe V,http://www.wikidata.org/entity/Q170467,Felipe V de España,rey de España,masculino,1683,1746,coleccionista de arte,Reino de Francia
http://www.wikidata.org/entity/Q27050720,calle de Felipe V,http://www.wikidata.org/entity/Q170467,Felipe V de España,rey de España,masculino,1683,1746,político,Reino de España (1700-1873)
http://www.wikidata.org/entity/Q27050720,calle de Felipe V,http://www.wikidata.org/entity/Q170467,Felipe V de España,rey de España,masculino,1683,1746,gobernante,Reino de España (1700-1873)
http://www.wikidata.org/entity/Q27050720,calle de Felipe V,http://www.wikidata.org/entity/Q170467,Felipe V de España,rey de España,masculino,1683,1746,coleccionista de arte,Reino de España (1700-1873)
http://www.wikidata.org/entity/Q27243383,calle de Fernando Garrido,http://www.wikidata.org/entity/Q8961315,Fernando Garrido Tortosa,"publicista, escritor y político español",masculino,1821,1883,escritor,España
http://www.wikidata.org/entity/Q27243383,calle de Fernando Garrido,http://www.wikidata.org/entity/Q8961315,Fernando Garrido Tortosa,"publicista, escritor y político español",masculino,1821,1883,político,España
http://www.wikidata.org/entity/Q28526177,calle de Fernando VI,http://www.wikidata.org/entity/Q193157,Fernando VI de España,Rey de España (1746-1759),masculino,1713,1759,gobernante,España
http://www.wikidata.org/entity/Q27243299,calle de Fernando el Católico,http://www.wikidata.org/entity/Q12860,Fernando II de Aragón,Rey de Aragón (1479-1516),masculino,1452,1516,gobernante,Corona de Aragón
http://www.wikidata.org/entity/Q28029008,calle de Fernando el Santo,http://www.wikidata.org/entity/Q243122,Fernando III de Castilla,rey de Castilla (1217-1252),masculino,1199,1252,gobernante,Reino de León
http://www.wikidata.org/entity/Q28029008,calle de Fernando el Santo,http://www.wikidata.org/entity/Q243122,Fernando III de Castilla,rey de Castilla (1217-1252),masculino,1199,1252,caballero cristiano,Reino de León
http://www.wikidata.org/entity/Q28936666,calle de Fernán González,http://www.wikidata.org/entity/Q443034,Fernán González,Conde de Castilla,masculino,910,970,,
http://www.wikidata.org/entity/Q27314868,calle de Fernández de la Hoz,http://www.wikidata.org/entity/Q5939674,José Fernández de la Hoz,político español,masculino,1812,1887,militar,España
http://www.wikidata.org/entity/Q27314868,calle de Fernández de la Hoz,http://www.wikidata.org/entity/Q5939674,José Fernández de la Hoz,político español,masculino,1812,1887,político,España
http://www.wikidata.org/entity/Q27314868,calle de Fernández de la Hoz,http://www.wikidata.org/entity/Q5939674,José Fernández de la Hoz,político español,masculino,1812,1887,comisario de exposiciones,España
http://www.wikidata.org/entity/Q26774731,calle de Fernández de los Ríos,http://www.wikidata.org/entity/Q6173153,Ángel Fernández de los Ríos,"periodista, político, urbanista, publicista y escritor español (1821-1880)",masculino,1821,1880,escritor,España
http://www.wikidata.org/entity/Q26774731,calle de Fernández de los Ríos,http://www.wikidata.org/entity/Q6173153,Ángel Fernández de los Ríos,"periodista, político, urbanista, publicista y escritor español (1821-1880)",masculino,1821,1880,político,España
http://www.wikidata.org/entity/Q26774731,calle de Fernández de los Ríos,http://www.wikidata.org/entity/Q6173153,Ángel Fernández de los Ríos,"periodista, político, urbanista, publicista y escritor español (1821-1880)",masculino,1821,1880,urbanista,España
http://www.wikidata.org/entity/Q26774731,calle de Fernández de los Ríos,http://www.wikidata.org/entity/Q6173153,Ángel Fernández de los Ríos,"periodista, político, urbanista, publicista y escritor español (1821-1880)",masculino,1821,1880,historiador,España
http://www.wikidata.org/entity/Q26774731,calle de Fernández de los Ríos,http://www.wikidata.org/entity/Q6173153,Ángel Fernández de los Ríos,"periodista, político, urbanista, publicista y escritor español (1821-1880)",masculino,1821,1880,traductor,España
http://www.wikidata.org/entity/Q26774731,calle de Fernández de los Ríos,http://www.wikidata.org/entity/Q6173153,Ángel Fernández de los Ríos,"periodista, político, urbanista, publicista y escritor español (1821-1880)",masculino,1821,1880,periodista,España
http://www.wikidata.org/entity/Q26774731,calle de Fernández de los Ríos,http://www.wikidata.org/entity/Q6173153,Ángel Fernández de los Ríos,"periodista, político, urbanista, publicista y escritor español (1821-1880)",masculino,1821,1880,periodista de opinión,España
http://www.wikidata.org/entity/Q5740837,calle de Ferraz,http://www.wikidata.org/entity/Q977583,Valentín Ferraz,"militar y político español, presidente del Consejo de Ministros",masculino,1794,1866,militar,España
http://www.wikidata.org/entity/Q5740837,calle de Ferraz,http://www.wikidata.org/entity/Q977583,Valentín Ferraz,"militar y político español, presidente del Consejo de Ministros",masculino,1794,1866,político,España
http://www.wikidata.org/entity/Q5740837,calle de Ferraz,http://www.wikidata.org/entity/Q977583,Valentín Ferraz,"militar y político español, presidente del Consejo de Ministros",masculino,1794,1866,ministro,España
http://www.wikidata.org/entity/Q118608562,calle de Ferrer del Río,http://www.wikidata.org/entity/Q5698327,Antonio Ferrer del Río,"escritor, publicista, político e historiador español (1814-1872)",masculino,1814,1872,escritor,España
http://www.wikidata.org/entity/Q118608562,calle de Ferrer del Río,http://www.wikidata.org/entity/Q5698327,Antonio Ferrer del Río,"escritor, publicista, político e historiador español (1814-1872)",masculino,1814,1872,poeta,España
http://www.wikidata.org/entity/Q118608562,calle de Ferrer del Río,http://www.wikidata.org/entity/Q5698327,Antonio Ferrer del Río,"escritor, publicista, político e historiador español (1814-1872)",masculino,1814,1872,político,España
http://www.wikidata.org/entity/Q118608562,calle de Ferrer del Río,http://www.wikidata.org/entity/Q5698327,Antonio Ferrer del Río,"escritor, publicista, político e historiador español (1814-1872)",masculino,1814,1872,historiador,España
http://www.wikidata.org/entity/Q118608562,calle de Ferrer del Río,http://www.wikidata.org/entity/Q5698327,Antonio Ferrer del Río,"escritor, publicista, político e historiador español (1814-1872)",masculino,1814,1872,dramaturgo,España
http://www.wikidata.org/entity/Q118608562,calle de Ferrer del Río,http://www.wikidata.org/entity/Q5698327,Antonio Ferrer del Río,"escritor, publicista, político e historiador español (1814-1872)",masculino,1814,1872,traductor,España
http://www.wikidata.org/entity/Q118608562,calle de Ferrer del Río,http://www.wikidata.org/entity/Q5698327,Antonio Ferrer del Río,"escritor, publicista, político e historiador español (1814-1872)",masculino,1814,1872,periodista,España
http://www.wikidata.org/entity/Q118608562,calle de Ferrer del Río,http://www.wikidata.org/entity/Q5698327,Antonio Ferrer del Río,"escritor, publicista, político e historiador español (1814-1872)",masculino,1814,1872,periodista de opinión,España
http://www.wikidata.org/entity/Q28962363,calle de Fortunata y Jacinta,http://www.wikidata.org/entity/Q3815979,Fortunata y Jacinta,novela de Benito Pérez Galdós,,,,,
http://www.wikidata.org/entity/Q28072318,calle de Fortuny,http://www.wikidata.org/entity/Q380052,Mariano Fortuny Marsal,pintor español,masculino,1838,1874,pintor,España
http://www.wikidata.org/entity/Q28072318,calle de Fortuny,http://www.wikidata.org/entity/Q380052,Mariano Fortuny Marsal,pintor español,masculino,1838,1874,pintor,España
http://www.wikidata.org/entity/Q28072318,calle de Fortuny,http://www.wikidata.org/entity/Q380052,Mariano Fortuny Marsal,pintor español,masculino,1838,1874,artista gráfico,España
http://www.wikidata.org/entity/Q28072318,calle de Fortuny,http://www.wikidata.org/entity/Q380052,Mariano Fortuny Marsal,pintor español,masculino,1838,1874,artista gráfico,España
http://www.wikidata.org/entity/Q52063596,calle de Francfort,http://www.wikidata.org/entity/Q1794,Fráncfort del Meno,ciudad del estado federado de Hesse (Alemania),,,,,
http://www.wikidata.org/entity/Q62107131,calle de Francisco Largo Caballero,http://www.wikidata.org/entity/Q312040,Francisco Largo Caballero,"político y sindicalista español, presidente del Consejo de Ministros",masculino,1869,1946,político,España
http://www.wikidata.org/entity/Q62107131,calle de Francisco Largo Caballero,http://www.wikidata.org/entity/Q312040,Francisco Largo Caballero,"político y sindicalista español, presidente del Consejo de Ministros",masculino,1869,1946,yesero,España
http://www.wikidata.org/entity/Q62107131,calle de Francisco Largo Caballero,http://www.wikidata.org/entity/Q312040,Francisco Largo Caballero,"político y sindicalista español, presidente del Consejo de Ministros",masculino,1869,1946,sindicalista,España
http://www.wikidata.org/entity/Q26833642,calle de Francisco Silvela,http://www.wikidata.org/entity/Q1236383,Francisco Silvela,Politico español (1843–1905),masculino,1843,1905,escritor,España
http://www.wikidata.org/entity/Q26833642,calle de Francisco Silvela,http://www.wikidata.org/entity/Q1236383,Francisco Silvela,Politico español (1843–1905),masculino,1843,1905,abogado,España
http://www.wikidata.org/entity/Q26833642,calle de Francisco Silvela,http://www.wikidata.org/entity/Q1236383,Francisco Silvela,Politico español (1843–1905),masculino,1843,1905,político,España
http://www.wikidata.org/entity/Q26833642,calle de Francisco Silvela,http://www.wikidata.org/entity/Q1236383,Francisco Silvela,Politico español (1843–1905),masculino,1843,1905,diplomático,España
http://www.wikidata.org/entity/Q26833642,calle de Francisco Silvela,http://www.wikidata.org/entity/Q1236383,Francisco Silvela,Politico español (1843–1905),masculino,1843,1905,historiador,España
http://www.wikidata.org/entity/Q26833642,calle de Francisco Silvela,http://www.wikidata.org/entity/Q1236383,Francisco Silvela,Politico español (1843–1905),masculino,1843,1905,periodista,España
http://www.wikidata.org/entity/Q29353398,calle de Francisco Umbral,http://www.wikidata.org/entity/Q195236,Francisco Umbral,escritor español,masculino,1932,2007,escritor,España
http://www.wikidata.org/entity/Q29353398,calle de Francisco Umbral,http://www.wikidata.org/entity/Q195236,Francisco Umbral,escritor español,masculino,1932,2007,poeta,España
http://www.wikidata.org/entity/Q29353398,calle de Francisco Umbral,http://www.wikidata.org/entity/Q195236,Francisco Umbral,escritor español,masculino,1932,2007,periodista,España
http://www.wikidata.org/entity/Q118610855,calle de Francisco Zea,http://www.wikidata.org/entity/Q44005426,Francisco Zea,poeta español,masculino,1825,1857,poeta,España
http://www.wikidata.org/entity/Q118610855,calle de Francisco Zea,http://www.wikidata.org/entity/Q44005426,Francisco Zea,poeta español,masculino,1825,1857,funcionario,España
http://www.wikidata.org/entity/Q28032307,calle de Francisco de Rojas,http://www.wikidata.org/entity/Q1442310,Francisco de Rojas Zorrilla,escritor español,masculino,1607,1648,escritor,España
http://www.wikidata.org/entity/Q28032307,calle de Francisco de Rojas,http://www.wikidata.org/entity/Q1442310,Francisco de Rojas Zorrilla,escritor español,masculino,1607,1648,dramaturgo,España
http://www.wikidata.org/entity/Q28032307,calle de Francisco de Rojas,http://www.wikidata.org/entity/Q1442310,Francisco de Rojas Zorrilla,escritor español,masculino,1607,1648,dramaturgo,España
http://www.wikidata.org/entity/Q29859738,calle de Fray Junípero Serra,http://www.wikidata.org/entity/Q522107,Junípero Serra,fraile franciscano español y fundador de varias misiones españolas,masculino,1713,1784,misionero,Corona de Aragón
http://www.wikidata.org/entity/Q29859738,calle de Fray Junípero Serra,http://www.wikidata.org/entity/Q522107,Junípero Serra,fraile franciscano español y fundador de varias misiones españolas,masculino,1713,1784,sacerdote católico,Corona de Aragón
http://www.wikidata.org/entity/Q29859738,calle de Fray Junípero Serra,http://www.wikidata.org/entity/Q522107,Junípero Serra,fraile franciscano español y fundador de varias misiones españolas,masculino,1713,1784,explorador,Corona de Aragón
http://www.wikidata.org/entity/Q5740840,calle de Fuencarral,http://www.wikidata.org/entity/Q1059853,Fuencarral,neighborhood,,,,,
http://www.wikidata.org/entity/Q20908825,calle de Fúcar,http://www.wikidata.org/entity/Q155834,Familia Fugger,familia de banqueros europeos con sede en Augsburgo,,,,,
http://www.wikidata.org/entity/Q17623542,calle de Galdo,http://www.wikidata.org/entity/Q17478037,Manuel María José de Galdo,político y naturalista español,masculino,1825,1895,naturalista,España
http://www.wikidata.org/entity/Q17623542,calle de Galdo,http://www.wikidata.org/entity/Q17478037,Manuel María José de Galdo,político y naturalista español,masculino,1825,1895,médico,España
http://www.wikidata.org/entity/Q17623542,calle de Galdo,http://www.wikidata.org/entity/Q17478037,Manuel María José de Galdo,político y naturalista español,masculino,1825,1895,político,España
http://www.wikidata.org/entity/Q27031392,calle de Galileo,http://www.wikidata.org/entity/Q307,Galileo Galilei,"astrónomo, filósofo, matemático y físico italiano",masculino,1564,1642,científico,Gran Ducado de Toscana
http://www.wikidata.org/entity/Q27031392,calle de Galileo,http://www.wikidata.org/entity/Q307,Galileo Galilei,"astrónomo, filósofo, matemático y físico italiano",masculino,1564,1642,astrónomo,Gran Ducado de Toscana
http://www.wikidata.org/entity/Q27031392,calle de Galileo,http://www.wikidata.org/entity/Q307,Galileo Galilei,"astrónomo, filósofo, matemático y físico italiano",masculino,1564,1642,ingeniero,Gran Ducado de Toscana
http://www.wikidata.org/entity/Q27031392,calle de Galileo,http://www.wikidata.org/entity/Q307,Galileo Galilei,"astrónomo, filósofo, matemático y físico italiano",masculino,1564,1642,político,Gran Ducado de Toscana
http://www.wikidata.org/entity/Q27031392,calle de Galileo,http://www.wikidata.org/entity/Q307,Galileo Galilei,"astrónomo, filósofo, matemático y físico italiano",masculino,1564,1642,astrólogo,Gran Ducado de Toscana
http://www.wikidata.org/entity/Q27031392,calle de Galileo,http://www.wikidata.org/entity/Q307,Galileo Galilei,"astrónomo, filósofo, matemático y físico italiano",masculino,1564,1642,físico,Gran Ducado de Toscana
http://www.wikidata.org/entity/Q27031392,calle de Galileo,http://www.wikidata.org/entity/Q307,Galileo Galilei,"astrónomo, filósofo, matemático y físico italiano",masculino,1564,1642,matemático,Gran Ducado de Toscana
http://www.wikidata.org/entity/Q27031392,calle de Galileo,http://www.wikidata.org/entity/Q307,Galileo Galilei,"astrónomo, filósofo, matemático y físico italiano",masculino,1564,1642,inventor,Gran Ducado de Toscana
http://www.wikidata.org/entity/Q27031392,calle de Galileo,http://www.wikidata.org/entity/Q307,Galileo Galilei,"astrónomo, filósofo, matemático y físico italiano",masculino,1564,1642,profesor universitario,Gran Ducado de Toscana
http://www.wikidata.org/entity/Q27031392,calle de Galileo,http://www.wikidata.org/entity/Q307,Galileo Galilei,"astrónomo, filósofo, matemático y físico italiano",masculino,1564,1642,filósofo,Gran Ducado de Toscana
http://www.wikidata.org/entity/Q27031392,calle de Galileo,http://www.wikidata.org/entity/Q307,Galileo Galilei,"astrónomo, filósofo, matemático y físico italiano",masculino,1564,1642,científico,Ducado de Florencia
http://www.wikidata.org/entity/Q27031392,calle de Galileo,http://www.wikidata.org/entity/Q307,Galileo Galilei,"astrónomo, filósofo, matemático y físico italiano",masculino,1564,1642,astrónomo,Ducado de Florencia
http://www.wikidata.org/entity/Q27031392,calle de Galileo,http://www.wikidata.org/entity/Q307,Galileo Galilei,"astrónomo, filósofo, matemático y físico italiano",masculino,1564,1642,ingeniero,Ducado de Florencia
http://www.wikidata.org/entity/Q27031392,calle de Galileo,http://www.wikidata.org/entity/Q307,Galileo Galilei,"astrónomo, filósofo, matemático y físico italiano",masculino,1564,1642,político,Ducado de Florencia
http://www.wikidata.org/entity/Q27031392,calle de Galileo,http://www.wikidata.org/entity/Q307,Galileo Galilei,"astrónomo, filósofo, matemático y físico italiano",masculino,1564,1642,astrólogo,Ducado de Florencia
http://www.wikidata.org/entity/Q27031392,calle de Galileo,http://www.wikidata.org/entity/Q307,Galileo Galilei,"astrónomo, filósofo, matemático y físico italiano",masculino,1564,1642,físico,Ducado de Florencia
http://www.wikidata.org/entity/Q27031392,calle de Galileo,http://www.wikidata.org/entity/Q307,Galileo Galilei,"astrónomo, filósofo, matemático y físico italiano",masculino,1564,1642,matemático,Ducado de Florencia
http://www.wikidata.org/entity/Q27031392,calle de Galileo,http://www.wikidata.org/entity/Q307,Galileo Galilei,"astrónomo, filósofo, matemático y físico italiano",masculino,1564,1642,inventor,Ducado de Florencia
http://www.wikidata.org/entity/Q27031392,calle de Galileo,http://www.wikidata.org/entity/Q307,Galileo Galilei,"astrónomo, filósofo, matemático y físico italiano",masculino,1564,1642,profesor universitario,Ducado de Florencia
http://www.wikidata.org/entity/Q27031392,calle de Galileo,http://www.wikidata.org/entity/Q307,Galileo Galilei,"astrónomo, filósofo, matemático y físico italiano",masculino,1564,1642,filósofo,Ducado de Florencia
http://www.wikidata.org/entity/Q28539254,calle de Garcilaso,http://www.wikidata.org/entity/Q311405,Garcilaso de la Vega,poeta y militar español,masculino,1503,1536,escritor,España
http://www.wikidata.org/entity/Q28539254,calle de Garcilaso,http://www.wikidata.org/entity/Q311405,Garcilaso de la Vega,poeta y militar español,masculino,1503,1536,militar,España
http://www.wikidata.org/entity/Q28539254,calle de Garcilaso,http://www.wikidata.org/entity/Q311405,Garcilaso de la Vega,poeta y militar español,masculino,1503,1536,poeta,España
http://www.wikidata.org/entity/Q28539254,calle de Garcilaso,http://www.wikidata.org/entity/Q311405,Garcilaso de la Vega,poeta y militar español,masculino,1503,1536,diplomático,España
http://www.wikidata.org/entity/Q28539254,calle de Garcilaso,http://www.wikidata.org/entity/Q311405,Garcilaso de la Vega,poeta y militar español,masculino,1503,1536,soldado,España
http://www.wikidata.org/entity/Q27999056,calle de García de Paredes,http://www.wikidata.org/entity/Q1624915,Diego García de Paredes,militar español (1468-1533),masculino,1468,1533,escritor,España
http://www.wikidata.org/entity/Q27999056,calle de García de Paredes,http://www.wikidata.org/entity/Q1624915,Diego García de Paredes,militar español (1468-1533),masculino,1468,1534,escritor,España
http://www.wikidata.org/entity/Q27999056,calle de García de Paredes,http://www.wikidata.org/entity/Q1624915,Diego García de Paredes,militar español (1468-1533),masculino,1466,1533,escritor,España
http://www.wikidata.org/entity/Q27999056,calle de García de Paredes,http://www.wikidata.org/entity/Q1624915,Diego García de Paredes,militar español (1468-1533),masculino,1466,1534,escritor,España
http://www.wikidata.org/entity/Q27999056,calle de García de Paredes,http://www.wikidata.org/entity/Q1624915,Diego García de Paredes,militar español (1468-1533),masculino,1468,1533,soldado,España
http://www.wikidata.org/entity/Q27999056,calle de García de Paredes,http://www.wikidata.org/entity/Q1624915,Diego García de Paredes,militar español (1468-1533),masculino,1468,1534,soldado,España
http://www.wikidata.org/entity/Q27999056,calle de García de Paredes,http://www.wikidata.org/entity/Q1624915,Diego García de Paredes,militar español (1468-1533),masculino,1466,1533,soldado,España
http://www.wikidata.org/entity/Q27999056,calle de García de Paredes,http://www.wikidata.org/entity/Q1624915,Diego García de Paredes,militar español (1468-1533),masculino,1466,1534,soldado,España
http://www.wikidata.org/entity/Q27243265,calle de Gaztambide,http://www.wikidata.org/entity/Q3177239,Joaquín Gaztambide,compositor de zarzuelas español,masculino,1822,1870,compositor,España
http://www.wikidata.org/entity/Q27243265,calle de Gaztambide,http://www.wikidata.org/entity/Q3177239,Joaquín Gaztambide,compositor de zarzuelas español,masculino,1822,1870,director de orquesta,España
http://www.wikidata.org/entity/Q27243265,calle de Gaztambide,http://www.wikidata.org/entity/Q3177239,Joaquín Gaztambide,compositor de zarzuelas español,masculino,1822,1870,pianista,España
http://www.wikidata.org/entity/Q30339411,calle de Gerda Taro,http://www.wikidata.org/entity/Q77347,Gerda Taro,fotógrafa alemana,femenino,1910,1937,fotógrafo,República de Weimar
http://www.wikidata.org/entity/Q30339411,calle de Gerda Taro,http://www.wikidata.org/entity/Q77347,Gerda Taro,fotógrafa alemana,femenino,1910,1937,fotoperiodista,República de Weimar
http://www.wikidata.org/entity/Q30339411,calle de Gerda Taro,http://www.wikidata.org/entity/Q77347,Gerda Taro,fotógrafa alemana,femenino,1910,1937,fotógrafo de guerra,República de Weimar
http://www.wikidata.org/entity/Q28534583,calle de Gerona,http://www.wikidata.org/entity/Q7038,Gerona,"municipio de la provincia de Gerona, Cataluña, España",,,,,
http://www.wikidata.org/entity/Q52665603,calle de Gil de Santivañes,http://www.wikidata.org/entity/Q23942884,Arturo González Gil,militar y aviador español,masculino,1896,,militar,España
http://www.wikidata.org/entity/Q28966412,calle de Goiri,http://www.wikidata.org/entity/Q118629665,Manuel María de Goiri,fundador de la Sociedad de Seguros Mutuos para los afectados por incendios en Madrid,masculino,,,,España
http://www.wikidata.org/entity/Q54026053,calle de Gonzalo Jiménez de Quesada,http://www.wikidata.org/entity/Q347688,Gonzalo Jiménez de Quesada,conquistador español,masculino,1509,1579,militar,España
http://www.wikidata.org/entity/Q54026053,calle de Gonzalo Jiménez de Quesada,http://www.wikidata.org/entity/Q347688,Gonzalo Jiménez de Quesada,conquistador español,masculino,1509,1579,conquistador,España
http://www.wikidata.org/entity/Q54026053,calle de Gonzalo Jiménez de Quesada,http://www.wikidata.org/entity/Q347688,Gonzalo Jiménez de Quesada,conquistador español,masculino,1509,1579,historiador,España
http://www.wikidata.org/entity/Q54026053,calle de Gonzalo Jiménez de Quesada,http://www.wikidata.org/entity/Q347688,Gonzalo Jiménez de Quesada,conquistador español,masculino,1509,1579,explorador,España
http://www.wikidata.org/entity/Q28733317,calle de Gonzalo de Córdoba,http://www.wikidata.org/entity/Q318699,Gonzalo Fernández de Córdoba,general castellano (1453-1515),masculino,1453,1515,militar,España
http://www.wikidata.org/entity/Q28733317,calle de Gonzalo de Córdoba,http://www.wikidata.org/entity/Q318699,Gonzalo Fernández de Córdoba,general castellano (1453-1515),masculino,1453,1515,político,España
http://www.wikidata.org/entity/Q28733317,calle de Gonzalo de Córdoba,http://www.wikidata.org/entity/Q318699,Gonzalo Fernández de Córdoba,general castellano (1453-1515),masculino,1453,1515,oficial militar,España
http://www.wikidata.org/entity/Q28733317,calle de Gonzalo de Córdoba,http://www.wikidata.org/entity/Q318699,Gonzalo Fernández de Córdoba,general castellano (1453-1515),masculino,1453,1515,líder militar,España
http://www.wikidata.org/entity/Q28015873,calle de Goya,http://www.wikidata.org/entity/Q5432,Francisco de Goya,pintor español,masculino,1746,1828,pintor,España
http://www.wikidata.org/entity/Q28015873,calle de Goya,http://www.wikidata.org/entity/Q5432,Francisco de Goya,pintor español,masculino,1746,1828,artista visual,España
http://www.wikidata.org/entity/Q28015873,calle de Goya,http://www.wikidata.org/entity/Q5432,Francisco de Goya,pintor español,masculino,1746,1828,aguafuertista,España
http://www.wikidata.org/entity/Q28015873,calle de Goya,http://www.wikidata.org/entity/Q5432,Francisco de Goya,pintor español,masculino,1746,1828,grabador,España
http://www.wikidata.org/entity/Q28015873,calle de Goya,http://www.wikidata.org/entity/Q5432,Francisco de Goya,pintor español,masculino,1746,1828,dibujante,España
http://www.wikidata.org/entity/Q28015873,calle de Goya,http://www.wikidata.org/entity/Q5432,Francisco de Goya,pintor español,masculino,1746,1828,litógrafo,España
http://www.wikidata.org/entity/Q26248347,calle de Gravina,http://www.wikidata.org/entity/Q602054,Federico Gravina,Marino y militar español,masculino,1756,1806,marino,España
http://www.wikidata.org/entity/Q26248347,calle de Gravina,http://www.wikidata.org/entity/Q602054,Federico Gravina,Marino y militar español,masculino,1756,1806,marino,España
http://www.wikidata.org/entity/Q26248347,calle de Gravina,http://www.wikidata.org/entity/Q602054,Federico Gravina,Marino y militar español,masculino,1756,1806,marino,España
http://www.wikidata.org/entity/Q26248347,calle de Gravina,http://www.wikidata.org/entity/Q602054,Federico Gravina,Marino y militar español,masculino,1756,1806,marino,España
http://www.wikidata.org/entity/Q26248347,calle de Gravina,http://www.wikidata.org/entity/Q602054,Federico Gravina,Marino y militar español,masculino,1756,1806,diplomático,España
http://www.wikidata.org/entity/Q26248347,calle de Gravina,http://www.wikidata.org/entity/Q602054,Federico Gravina,Marino y militar español,masculino,1756,1806,diplomático,España
http://www.wikidata.org/entity/Q26248347,calle de Gravina,http://www.wikidata.org/entity/Q602054,Federico Gravina,Marino y militar español,masculino,1756,1806,diplomático,España
http://www.wikidata.org/entity/Q26248347,calle de Gravina,http://www.wikidata.org/entity/Q602054,Federico Gravina,Marino y militar español,masculino,1756,1806,diplomático,España
http://www.wikidata.org/entity/Q26248347,calle de Gravina,http://www.wikidata.org/entity/Q602054,Federico Gravina,Marino y militar español,masculino,1756,1806,oficial naval,España
http://www.wikidata.org/entity/Q26248347,calle de Gravina,http://www.wikidata.org/entity/Q602054,Federico Gravina,Marino y militar español,masculino,1756,1806,oficial naval,España
http://www.wikidata.org/entity/Q26248347,calle de Gravina,http://www.wikidata.org/entity/Q602054,Federico Gravina,Marino y militar español,masculino,1756,1806,oficial naval,España
http://www.wikidata.org/entity/Q26248347,calle de Gravina,http://www.wikidata.org/entity/Q602054,Federico Gravina,Marino y militar español,masculino,1756,1806,oficial naval,España
http://www.wikidata.org/entity/Q118630230,calle de Guetaria,http://www.wikidata.org/entity/Q849330,Guetaria,"municipio de Guipúzcoa, España",,,,,
http://www.wikidata.org/entity/Q28042654,calle de Guipúzcoa,http://www.wikidata.org/entity/Q95010,Guipúzcoa,provincia de España,,,,,
http://www.wikidata.org/entity/Q28792607,calle de Guisando,http://www.wikidata.org/entity/Q1450130,Guisando,"municipio de la provincia de Ávila, España",,,,,
http://www.wikidata.org/entity/Q28531457,calle de Gutiérrez Solana,http://www.wikidata.org/entity/Q428928,José Gutiérrez Solana,pintor y grabador español,masculino,1886,1945,escritor,España
http://www.wikidata.org/entity/Q28531457,calle de Gutiérrez Solana,http://www.wikidata.org/entity/Q428928,José Gutiérrez Solana,pintor y grabador español,masculino,1886,1945,grabador,España
http://www.wikidata.org/entity/Q28531457,calle de Gutiérrez Solana,http://www.wikidata.org/entity/Q428928,José Gutiérrez Solana,pintor y grabador español,masculino,1886,1945,pintor,España
http://www.wikidata.org/entity/Q28531457,calle de Gutiérrez Solana,http://www.wikidata.org/entity/Q428928,José Gutiérrez Solana,pintor y grabador español,masculino,1886,1945,artista gráfico,España
http://www.wikidata.org/entity/Q28531457,calle de Gutiérrez Solana,http://www.wikidata.org/entity/Q428928,José Gutiérrez Solana,pintor y grabador español,masculino,1886,1945,artista visual,España
http://www.wikidata.org/entity/Q28531457,calle de Gutiérrez Solana,http://www.wikidata.org/entity/Q428928,José Gutiérrez Solana,pintor y grabador español,masculino,1886,1945,grabador,España
http://www.wikidata.org/entity/Q27031398,calle de Guzmán el Bueno,http://www.wikidata.org/entity/Q4734497,Alonso Pérez de Guzmán,"militar y noble leonés (1256-1309), I señor de Sanlúcar",masculino,1256,1309,guerrero,Corona de Castilla
http://www.wikidata.org/entity/Q24294474,calle de Génova,http://www.wikidata.org/entity/Q1449,Génova,"ciudad italiana, capital de la provincia homónima",,,,,
http://www.wikidata.org/entity/Q29018355,calle de Henri Dunant,http://www.wikidata.org/entity/Q12091,Henry Dunant,hombre de negocios y filántropo suizo,masculino,1828,1910,escritor,Suiza
http://www.wikidata.org/entity/Q29018355,calle de Henri Dunant,http://www.wikidata.org/entity/Q12091,Henry Dunant,hombre de negocios y filántropo suizo,masculino,1828,1910,emprendedor,Suiza
http://www.wikidata.org/entity/Q29018355,calle de Henri Dunant,http://www.wikidata.org/entity/Q12091,Henry Dunant,hombre de negocios y filántropo suizo,masculino,1828,1910,comerciante,Suiza
http://www.wikidata.org/entity/Q29018355,calle de Henri Dunant,http://www.wikidata.org/entity/Q12091,Henry Dunant,hombre de negocios y filántropo suizo,masculino,1828,1910,fundador,Suiza
http://www.wikidata.org/entity/Q29018355,calle de Henri Dunant,http://www.wikidata.org/entity/Q12091,Henry Dunant,hombre de negocios y filántropo suizo,masculino,1828,1910,escritor,Francia
http://www.wikidata.org/entity/Q29018355,calle de Henri Dunant,http://www.wikidata.org/entity/Q12091,Henry Dunant,hombre de negocios y filántropo suizo,masculino,1828,1910,emprendedor,Francia
http://www.wikidata.org/entity/Q29018355,calle de Henri Dunant,http://www.wikidata.org/entity/Q12091,Henry Dunant,hombre de negocios y filántropo suizo,masculino,1828,1910,comerciante,Francia
http://www.wikidata.org/entity/Q29018355,calle de Henri Dunant,http://www.wikidata.org/entity/Q12091,Henry Dunant,hombre de negocios y filántropo suizo,masculino,1828,1910,fundador,Francia
http://www.wikidata.org/entity/Q26833571,calle de Hernani,http://www.wikidata.org/entity/Q1441329,Hernani,"municipio de Guipúzcoa, España",,,,,
http://www.wikidata.org/entity/Q25118677,calle de Hernán Cortés,http://www.wikidata.org/entity/Q7326,Hernán Cortés,"militar, conquistador, explorador, fundador, capitán general y escritor español",masculino,1485,1547,conquistador,España
http://www.wikidata.org/entity/Q25118677,calle de Hernán Cortés,http://www.wikidata.org/entity/Q7326,Hernán Cortés,"militar, conquistador, explorador, fundador, capitán general y escritor español",masculino,1485,1547,gobernador,España
http://www.wikidata.org/entity/Q25118677,calle de Hernán Cortés,http://www.wikidata.org/entity/Q7326,Hernán Cortés,"militar, conquistador, explorador, fundador, capitán general y escritor español",masculino,1485,1547,explorador,España
http://www.wikidata.org/entity/Q27243291,calle de Hilarión Eslava,http://www.wikidata.org/entity/Q3818102,Hilarión Eslava,compositor y musicólogo español,masculino,1807,1878,compositor,España
http://www.wikidata.org/entity/Q27243291,calle de Hilarión Eslava,http://www.wikidata.org/entity/Q3818102,Hilarión Eslava,compositor y musicólogo español,masculino,1807,1878,musicólogo,España
http://www.wikidata.org/entity/Q29026227,calle de Honduras,http://www.wikidata.org/entity/Q783,Honduras,país en América Central y el Caribe,,,,,
http://www.wikidata.org/entity/Q63247838,calle de Ibiza,http://www.wikidata.org/entity/Q52631,Ibiza,isla de España,,,,,
http://www.wikidata.org/entity/Q26791245,calle de Isaac Peral,http://www.wikidata.org/entity/Q545065,Isaac Peral,"científico, marino, militar español y un gran pionero en el mundo moderno de los submarinos",masculino,1851,1895,submarinista,España
http://www.wikidata.org/entity/Q26791245,calle de Isaac Peral,http://www.wikidata.org/entity/Q545065,Isaac Peral,"científico, marino, militar español y un gran pionero en el mundo moderno de los submarinos",masculino,1851,1895,militar,España
http://www.wikidata.org/entity/Q26791245,calle de Isaac Peral,http://www.wikidata.org/entity/Q545065,Isaac Peral,"científico, marino, militar español y un gran pionero en el mundo moderno de los submarinos",masculino,1851,1895,ingeniero,España
http://www.wikidata.org/entity/Q26791245,calle de Isaac Peral,http://www.wikidata.org/entity/Q545065,Isaac Peral,"científico, marino, militar español y un gran pionero en el mundo moderno de los submarinos",masculino,1851,1895,político,España
http://www.wikidata.org/entity/Q26791245,calle de Isaac Peral,http://www.wikidata.org/entity/Q545065,Isaac Peral,"científico, marino, militar español y un gran pionero en el mundo moderno de los submarinos",masculino,1851,1895,inventor,España
http://www.wikidata.org/entity/Q54158661,calle de Isabel Tintero,http://www.wikidata.org/entity/Q43673839,Isabel Tintero,"Devota española que inició la devoción a la Virgen de la Paloma, advocación mariana en Madrid",femenino,1747,1813,,España
http://www.wikidata.org/entity/Q27043900,calle de Isabel la Católica,http://www.wikidata.org/entity/Q45859,Isabel I de Castilla,reina de Castilla y reina consorte de Sicilia y Aragón,femenino,1451,1504,gobernante,Corona de Castilla
http://www.wikidata.org/entity/Q118638752,calle de Istúriz,http://www.wikidata.org/entity/Q287441,Francisco Javier de Istúriz,político español,masculino,1790,1871,político,España
http://www.wikidata.org/entity/Q118638752,calle de Istúriz,http://www.wikidata.org/entity/Q287441,Francisco Javier de Istúriz,político español,masculino,1785,1871,político,España
http://www.wikidata.org/entity/Q118638752,calle de Istúriz,http://www.wikidata.org/entity/Q287441,Francisco Javier de Istúriz,político español,masculino,1790,1871,diplomático,España
http://www.wikidata.org/entity/Q118638752,calle de Istúriz,http://www.wikidata.org/entity/Q287441,Francisco Javier de Istúriz,político español,masculino,1785,1871,diplomático,España
http://www.wikidata.org/entity/Q5651414,calle de Jacometrezo,http://www.wikidata.org/entity/Q3805911,Jacome da Trezzo,Medallist from Italy (1515–1589),masculino,1515,1589,artista,
http://www.wikidata.org/entity/Q5651414,calle de Jacometrezo,http://www.wikidata.org/entity/Q3805911,Jacome da Trezzo,Medallist from Italy (1515–1589),masculino,1515,1589,escultor,
http://www.wikidata.org/entity/Q5651414,calle de Jacometrezo,http://www.wikidata.org/entity/Q3805911,Jacome da Trezzo,Medallist from Italy (1515–1589),masculino,1515,1589,medallista,
http://www.wikidata.org/entity/Q27243080,calle de Jenner,http://www.wikidata.org/entity/Q40852,Edward Jenner,científico inglés y abogado,masculino,1749,1823,naturalista,Reino Unido de Gran Bretaña e Irlanda
http://www.wikidata.org/entity/Q27243080,calle de Jenner,http://www.wikidata.org/entity/Q40852,Edward Jenner,científico inglés y abogado,masculino,1749,1823,médico,Reino Unido de Gran Bretaña e Irlanda
http://www.wikidata.org/entity/Q27243080,calle de Jenner,http://www.wikidata.org/entity/Q40852,Edward Jenner,científico inglés y abogado,masculino,1749,1823,biólogo,Reino Unido de Gran Bretaña e Irlanda
http://www.wikidata.org/entity/Q26820218,calle de Jerónima Llorente,http://www.wikidata.org/entity/Q5929439,Jerónima Llorente,actriz española,femenino,1793,1848,actor,España
http://www.wikidata.org/entity/Q28976257,calle de Joaquín Arjona,http://www.wikidata.org/entity/Q16493473,Joaquín Arjona,actor y docente español,masculino,1817,1875,actor,España
http://www.wikidata.org/entity/Q28976257,calle de Joaquín Arjona,http://www.wikidata.org/entity/Q16493473,Joaquín Arjona,actor y docente español,masculino,1817,1875,profesor,España
http://www.wikidata.org/entity/Q27137371,calle de Joaquín Costa,http://www.wikidata.org/entity/Q965602,Joaquín Costa,politico español de finales del siglo XIX,masculino,1846,1911,escritor,España
http://www.wikidata.org/entity/Q27137371,calle de Joaquín Costa,http://www.wikidata.org/entity/Q965602,Joaquín Costa,politico español de finales del siglo XIX,masculino,1846,1911,político,España
http://www.wikidata.org/entity/Q27137371,calle de Joaquín Costa,http://www.wikidata.org/entity/Q965602,Joaquín Costa,politico español de finales del siglo XIX,masculino,1846,1911,economista,España
http://www.wikidata.org/entity/Q27137371,calle de Joaquín Costa,http://www.wikidata.org/entity/Q965602,Joaquín Costa,politico español de finales del siglo XIX,masculino,1846,1911,historiador,España
http://www.wikidata.org/entity/Q27137371,calle de Joaquín Costa,http://www.wikidata.org/entity/Q965602,Joaquín Costa,politico español de finales del siglo XIX,masculino,1846,1911,politólogo,España
http://www.wikidata.org/entity/Q27137371,calle de Joaquín Costa,http://www.wikidata.org/entity/Q965602,Joaquín Costa,politico español de finales del siglo XIX,masculino,1846,1911,profesor universitario,España
http://www.wikidata.org/entity/Q27243136,calle de Joaquín María López,http://www.wikidata.org/entity/Q1377287,Joaquín María López,"político español, periodista y escritor",masculino,1798,1855,juez,España
http://www.wikidata.org/entity/Q27243136,calle de Joaquín María López,http://www.wikidata.org/entity/Q1377287,Joaquín María López,"político español, periodista y escritor",masculino,1798,1855,escritor,España
http://www.wikidata.org/entity/Q27243136,calle de Joaquín María López,http://www.wikidata.org/entity/Q1377287,Joaquín María López,"político español, periodista y escritor",masculino,1798,1855,abogado,España
http://www.wikidata.org/entity/Q27243136,calle de Joaquín María López,http://www.wikidata.org/entity/Q1377287,Joaquín María López,"político español, periodista y escritor",masculino,1798,1855,militar,España
http://www.wikidata.org/entity/Q27243136,calle de Joaquín María López,http://www.wikidata.org/entity/Q1377287,Joaquín María López,"político español, periodista y escritor",masculino,1798,1855,poeta,España
http://www.wikidata.org/entity/Q27243136,calle de Joaquín María López,http://www.wikidata.org/entity/Q1377287,Joaquín María López,"político español, periodista y escritor",masculino,1798,1855,político,España
http://www.wikidata.org/entity/Q27243136,calle de Joaquín María López,http://www.wikidata.org/entity/Q1377287,Joaquín María López,"político español, periodista y escritor",masculino,1798,1855,ministro,España
http://www.wikidata.org/entity/Q27243136,calle de Joaquín María López,http://www.wikidata.org/entity/Q1377287,Joaquín María López,"político español, periodista y escritor",masculino,1798,1855,profesor universitario,España
http://www.wikidata.org/entity/Q28733276,calle de Jordán,http://www.wikidata.org/entity/Q5492985,Esteban Jordán,escultor español,masculino,1530,1598,escultor,España
http://www.wikidata.org/entity/Q28070822,calle de Jorge Juan,http://www.wikidata.org/entity/Q2085725,Jorge Juan,Ingeniero y científico español,masculino,1713,1773,astrónomo,España
http://www.wikidata.org/entity/Q28070822,calle de Jorge Juan,http://www.wikidata.org/entity/Q2085725,Jorge Juan,Ingeniero y científico español,masculino,1713,1773,matemático,España
http://www.wikidata.org/entity/Q28070822,calle de Jorge Juan,http://www.wikidata.org/entity/Q2085725,Jorge Juan,Ingeniero y científico español,masculino,1713,1773,espía,España
http://www.wikidata.org/entity/Q28070822,calle de Jorge Juan,http://www.wikidata.org/entity/Q2085725,Jorge Juan,Ingeniero y científico español,masculino,1713,1773,marino,España
http://www.wikidata.org/entity/Q28059362,calle de Jorge Manrique,http://www.wikidata.org/entity/Q389233,Jorge Manrique,poeta y militar castellano,masculino,1440,1479,escritor,Corona de Castilla
http://www.wikidata.org/entity/Q28059362,calle de Jorge Manrique,http://www.wikidata.org/entity/Q389233,Jorge Manrique,poeta y militar castellano,masculino,1440,1479,militar,Corona de Castilla
http://www.wikidata.org/entity/Q28059362,calle de Jorge Manrique,http://www.wikidata.org/entity/Q389233,Jorge Manrique,poeta y militar castellano,masculino,1440,1479,poeta,Corona de Castilla
http://www.wikidata.org/entity/Q27310549,calle de José Abascal,http://www.wikidata.org/entity/Q9013476,José Abascal y Carredano,político español (1829-1890),masculino,1829,1890,político,España
http://www.wikidata.org/entity/Q29051262,calle de José Anselmo Clave,http://www.wikidata.org/entity/Q2335557,Anselmo Clavé,"poeta, político y compositor catalán",masculino,1824,1874,escritor,España
http://www.wikidata.org/entity/Q29051262,calle de José Anselmo Clave,http://www.wikidata.org/entity/Q2335557,Anselmo Clavé,"poeta, político y compositor catalán",masculino,1824,1874,compositor,España
http://www.wikidata.org/entity/Q29051262,calle de José Anselmo Clave,http://www.wikidata.org/entity/Q2335557,Anselmo Clavé,"poeta, político y compositor catalán",masculino,1824,1874,empresario,España
http://www.wikidata.org/entity/Q29051262,calle de José Anselmo Clave,http://www.wikidata.org/entity/Q2335557,Anselmo Clavé,"poeta, político y compositor catalán",masculino,1824,1874,poeta,España
http://www.wikidata.org/entity/Q29051262,calle de José Anselmo Clave,http://www.wikidata.org/entity/Q2335557,Anselmo Clavé,"poeta, político y compositor catalán",masculino,1824,1874,político,España
http://www.wikidata.org/entity/Q28037227,calle de José Calvo,http://www.wikidata.org/entity/Q5944889,José Ramón Calvo,actor español,masculino,1805,1873,actor,España
http://www.wikidata.org/entity/Q29394851,calle de José Luis de Arrese,http://www.wikidata.org/entity/Q3751004,José Luis Arrese,"arquitecto, militante falangista y político franquista español (1905-1986)",masculino,1905,1986,arquitecto,España
http://www.wikidata.org/entity/Q29394851,calle de José Luis de Arrese,http://www.wikidata.org/entity/Q3751004,José Luis Arrese,"arquitecto, militante falangista y político franquista español (1905-1986)",masculino,1905,1986,político,España
http://www.wikidata.org/entity/Q16540548,calle de José Ortega y Gasset,http://www.wikidata.org/entity/Q153020,José Ortega y Gasset,filósofo español,masculino,1883,1955,escritor,España
http://www.wikidata.org/entity/Q16540548,calle de José Ortega y Gasset,http://www.wikidata.org/entity/Q153020,José Ortega y Gasset,filósofo español,masculino,1883,1955,poeta,España
http://www.wikidata.org/entity/Q16540548,calle de José Ortega y Gasset,http://www.wikidata.org/entity/Q153020,José Ortega y Gasset,filósofo español,masculino,1883,1955,político,España
http://www.wikidata.org/entity/Q16540548,calle de José Ortega y Gasset,http://www.wikidata.org/entity/Q153020,José Ortega y Gasset,filósofo español,masculino,1883,1955,matemático,España
http://www.wikidata.org/entity/Q16540548,calle de José Ortega y Gasset,http://www.wikidata.org/entity/Q153020,José Ortega y Gasset,filósofo español,masculino,1883,1955,traductor,España
http://www.wikidata.org/entity/Q16540548,calle de José Ortega y Gasset,http://www.wikidata.org/entity/Q153020,José Ortega y Gasset,filósofo español,masculino,1883,1955,pedagogo,España
http://www.wikidata.org/entity/Q16540548,calle de José Ortega y Gasset,http://www.wikidata.org/entity/Q153020,José Ortega y Gasset,filósofo español,masculino,1883,1955,profesor universitario,España
http://www.wikidata.org/entity/Q16540548,calle de José Ortega y Gasset,http://www.wikidata.org/entity/Q153020,José Ortega y Gasset,filósofo español,masculino,1883,1955,sociólogo,España
http://www.wikidata.org/entity/Q16540548,calle de José Ortega y Gasset,http://www.wikidata.org/entity/Q153020,José Ortega y Gasset,filósofo español,masculino,1883,1955,crítico literario,España
http://www.wikidata.org/entity/Q16540548,calle de José Ortega y Gasset,http://www.wikidata.org/entity/Q153020,José Ortega y Gasset,filósofo español,masculino,1883,1955,filósofo,España
http://www.wikidata.org/entity/Q16540548,calle de José Ortega y Gasset,http://www.wikidata.org/entity/Q153020,José Ortega y Gasset,filósofo español,masculino,1883,1955,periodista de opinión,España
http://www.wikidata.org/entity/Q16540548,calle de José Ortega y Gasset,http://www.wikidata.org/entity/Q153020,José Ortega y Gasset,filósofo español,masculino,1883,1955,ensayista,España
http://www.wikidata.org/entity/Q118608581,calle de José Picón,http://www.wikidata.org/entity/Q5944611,José Picón,arquitecto y escritor español (1829-1873),masculino,1829,1873,escritor,España
http://www.wikidata.org/entity/Q118608581,calle de José Picón,http://www.wikidata.org/entity/Q5944611,José Picón,arquitecto y escritor español (1829-1873),masculino,1829,1873,arquitecto,España
http://www.wikidata.org/entity/Q118608581,calle de José Picón,http://www.wikidata.org/entity/Q5944611,José Picón,arquitecto y escritor español (1829-1873),masculino,1829,1873,dramaturgo,España
http://www.wikidata.org/entity/Q118608581,calle de José Picón,http://www.wikidata.org/entity/Q5944611,José Picón,arquitecto y escritor español (1829-1873),masculino,1829,1873,libretista,España
http://www.wikidata.org/entity/Q50227806,calle de Jovellanos,http://www.wikidata.org/entity/Q282498,Gaspar Melchor de Jovellanos,"escritor, jurista, político e intelectual ilustrado español (1744–1811)",masculino,1744,1811,escritor,España
http://www.wikidata.org/entity/Q50227806,calle de Jovellanos,http://www.wikidata.org/entity/Q282498,Gaspar Melchor de Jovellanos,"escritor, jurista, político e intelectual ilustrado español (1744–1811)",masculino,1744,1811,abogado,España
http://www.wikidata.org/entity/Q50227806,calle de Jovellanos,http://www.wikidata.org/entity/Q282498,Gaspar Melchor de Jovellanos,"escritor, jurista, político e intelectual ilustrado español (1744–1811)",masculino,1744,1811,político,España
http://www.wikidata.org/entity/Q50227806,calle de Jovellanos,http://www.wikidata.org/entity/Q282498,Gaspar Melchor de Jovellanos,"escritor, jurista, político e intelectual ilustrado español (1744–1811)",masculino,1744,1811,jurista,España
http://www.wikidata.org/entity/Q50227806,calle de Jovellanos,http://www.wikidata.org/entity/Q282498,Gaspar Melchor de Jovellanos,"escritor, jurista, político e intelectual ilustrado español (1744–1811)",masculino,1744,1811,economista,España
http://www.wikidata.org/entity/Q50227806,calle de Jovellanos,http://www.wikidata.org/entity/Q282498,Gaspar Melchor de Jovellanos,"escritor, jurista, político e intelectual ilustrado español (1744–1811)",masculino,1744,1811,filósofo,España
http://www.wikidata.org/entity/Q28054647,calle de Juan Bravo,http://www.wikidata.org/entity/Q2742152,Juan Bravo,político y revolucionario castellano,masculino,1483,1521,político,España
http://www.wikidata.org/entity/Q28054647,calle de Juan Bravo,http://www.wikidata.org/entity/Q2742152,Juan Bravo,político y revolucionario castellano,masculino,1483,1521,militar,España
http://www.wikidata.org/entity/Q28054647,calle de Juan Bravo,http://www.wikidata.org/entity/Q2742152,Juan Bravo,político y revolucionario castellano,masculino,1483,1521,revolucionario,España
http://www.wikidata.org/entity/Q56876804,calle de Juan Español,http://www.wikidata.org/entity/Q313117,Luis Carrero Blanco,militar y político español (1904-1973),masculino,1904,1973,político,España
http://www.wikidata.org/entity/Q56876804,calle de Juan Español,http://www.wikidata.org/entity/Q313117,Luis Carrero Blanco,militar y político español (1904-1973),masculino,1904,1973,almirante,España
http://www.wikidata.org/entity/Q56876804,calle de Juan Español,http://www.wikidata.org/entity/Q313117,Luis Carrero Blanco,militar y político español (1904-1973),masculino,1904,1973,veterano,España
http://www.wikidata.org/entity/Q56876804,calle de Juan Español,http://www.wikidata.org/entity/Q313117,Luis Carrero Blanco,militar y político español (1904-1973),masculino,1904,1973,estadista,España
http://www.wikidata.org/entity/Q56876804,calle de Juan Español,http://www.wikidata.org/entity/Q313117,Luis Carrero Blanco,militar y político español (1904-1973),masculino,1904,1973,oficial naval,España
http://www.wikidata.org/entity/Q54486212,calle de Juan Hurtado de Mendoza,http://www.wikidata.org/entity/Q47519702,Juan Hurtado de Mendoza y Tovar,"poeta, contino e hidalgo castellano (1468-1523)",masculino,1468,1523,poeta,
http://www.wikidata.org/entity/Q54486212,calle de Juan Hurtado de Mendoza,http://www.wikidata.org/entity/Q47519702,Juan Hurtado de Mendoza y Tovar,"poeta, contino e hidalgo castellano (1468-1523)",masculino,1468,1523,hidalgo,
http://www.wikidata.org/entity/Q104804331,calle de Juan Montalvo,http://www.wikidata.org/entity/Q1394572,Juan Montalvo,escritor ecuatoriano,masculino,1832,1889,escritor,Ecuador
http://www.wikidata.org/entity/Q104804331,calle de Juan Montalvo,http://www.wikidata.org/entity/Q1394572,Juan Montalvo,escritor ecuatoriano,masculino,1832,1889,Q70098210,Ecuador
http://www.wikidata.org/entity/Q104804331,calle de Juan Montalvo,http://www.wikidata.org/entity/Q1394572,Juan Montalvo,escritor ecuatoriano,masculino,1832,1889,escritor,Colombia
http://www.wikidata.org/entity/Q104804331,calle de Juan Montalvo,http://www.wikidata.org/entity/Q1394572,Juan Montalvo,escritor ecuatoriano,masculino,1832,1889,Q70098210,Colombia
http://www.wikidata.org/entity/Q118644991,calle de Juan Pantoja,http://www.wikidata.org/entity/Q1380081,Juan Pantoja de la Cruz,pintor español (1553-1608),masculino,1553,1608,pintor,España
http://www.wikidata.org/entity/Q118644991,calle de Juan Pantoja,http://www.wikidata.org/entity/Q1380081,Juan Pantoja de la Cruz,pintor español (1553-1608),masculino,1553,1608,artista visual,España
http://www.wikidata.org/entity/Q130473514,calle de Juan Pérez Zúñiga,http://www.wikidata.org/entity/Q5547767,Juan Pérez Zúñiga,"escritor, abogado y músico español",masculino,1860,1938,escritor,España
http://www.wikidata.org/entity/Q130473514,calle de Juan Pérez Zúñiga,http://www.wikidata.org/entity/Q5547767,Juan Pérez Zúñiga,"escritor, abogado y músico español",masculino,1860,1938,poeta,España
http://www.wikidata.org/entity/Q130473514,calle de Juan Pérez Zúñiga,http://www.wikidata.org/entity/Q5547767,Juan Pérez Zúñiga,"escritor, abogado y músico español",masculino,1860,1938,periodista,España
http://www.wikidata.org/entity/Q130473514,calle de Juan Pérez Zúñiga,http://www.wikidata.org/entity/Q5547767,Juan Pérez Zúñiga,"escritor, abogado y músico español",masculino,1860,1938,novelista,España
http://www.wikidata.org/entity/Q29018444,calle de Juan Ramón Jiménez,http://www.wikidata.org/entity/Q131318,Juan Ramón Jiménez,poeta español,masculino,1881,1958,escritor,España
http://www.wikidata.org/entity/Q29018444,calle de Juan Ramón Jiménez,http://www.wikidata.org/entity/Q131318,Juan Ramón Jiménez,poeta español,masculino,1881,1958,escritor,España
http://www.wikidata.org/entity/Q29018444,calle de Juan Ramón Jiménez,http://www.wikidata.org/entity/Q131318,Juan Ramón Jiménez,poeta español,masculino,1881,1958,poeta,España
http://www.wikidata.org/entity/Q29018444,calle de Juan Ramón Jiménez,http://www.wikidata.org/entity/Q131318,Juan Ramón Jiménez,poeta español,masculino,1881,1958,poeta,España
http://www.wikidata.org/entity/Q29647684,calle de Juan Vigón,http://www.wikidata.org/entity/Q1710665,Juan Vigón,general español 1880-1955,masculino,1880,1955,militar,España
http://www.wikidata.org/entity/Q29647684,calle de Juan Vigón,http://www.wikidata.org/entity/Q1710665,Juan Vigón,general español 1880-1955,masculino,1880,1955,político,España
http://www.wikidata.org/entity/Q28533453,calle de Juan de Austria,http://www.wikidata.org/entity/Q157107,Juan de Austria,militar y diplomático español,masculino,1547,1578,militar,España
http://www.wikidata.org/entity/Q28533453,calle de Juan de Austria,http://www.wikidata.org/entity/Q157107,Juan de Austria,militar y diplomático español,masculino,1547,1578,oficial militar,España
http://www.wikidata.org/entity/Q28533453,calle de Juan de Austria,http://www.wikidata.org/entity/Q157107,Juan de Austria,militar y diplomático español,masculino,1547,1578,diplomático,España
http://www.wikidata.org/entity/Q28533453,calle de Juan de Austria,http://www.wikidata.org/entity/Q157107,Juan de Austria,militar y diplomático español,masculino,1547,1578,condottiero,España
http://www.wikidata.org/entity/Q52153099,calle de Juan de Herrera,http://www.wikidata.org/entity/Q363914,Juan de Herrera,arquitecto español,masculino,1530,1597,arquitecto,España
http://www.wikidata.org/entity/Q52153099,calle de Juan de Herrera,http://www.wikidata.org/entity/Q363914,Juan de Herrera,arquitecto español,masculino,1530,1597,matemático,España
http://www.wikidata.org/entity/Q118644768,calle de Juan de Mariana,http://www.wikidata.org/entity/Q939889,Juan de Mariana,"historiador, teólogo y sacerdote español",masculino,1536,1624,economista,España
http://www.wikidata.org/entity/Q118644768,calle de Juan de Mariana,http://www.wikidata.org/entity/Q939889,Juan de Mariana,"historiador, teólogo y sacerdote español",masculino,1536,1624,economista,España
http://www.wikidata.org/entity/Q118644768,calle de Juan de Mariana,http://www.wikidata.org/entity/Q939889,Juan de Mariana,"historiador, teólogo y sacerdote español",masculino,1536,1624,historiador,España
http://www.wikidata.org/entity/Q118644768,calle de Juan de Mariana,http://www.wikidata.org/entity/Q939889,Juan de Mariana,"historiador, teólogo y sacerdote español",masculino,1536,1624,historiador,España
http://www.wikidata.org/entity/Q118644768,calle de Juan de Mariana,http://www.wikidata.org/entity/Q939889,Juan de Mariana,"historiador, teólogo y sacerdote español",masculino,1536,1624,profesor universitario,España
http://www.wikidata.org/entity/Q118644768,calle de Juan de Mariana,http://www.wikidata.org/entity/Q939889,Juan de Mariana,"historiador, teólogo y sacerdote español",masculino,1536,1624,profesor universitario,España
http://www.wikidata.org/entity/Q113653572,calle de Juan de Mena,http://www.wikidata.org/entity/Q388140,Juan de Mena,poeta español,masculino,1411,1456,escritor,Corona de Castilla
http://www.wikidata.org/entity/Q113653572,calle de Juan de Mena,http://www.wikidata.org/entity/Q388140,Juan de Mena,poeta español,masculino,1411,1456,poeta,Corona de Castilla
http://www.wikidata.org/entity/Q29051496,calle de Juan de Urbieta,http://www.wikidata.org/entity/Q6301337,Juan de Urbieta,militar español,masculino,,1553,militar,España
http://www.wikidata.org/entity/Q118652458,calle de Juan de Vera,http://www.wikidata.org/entity/Q118652607,Juan de Vera,escultor y pintor español del siglo XVI,masculino,,,pintor,
http://www.wikidata.org/entity/Q118652458,calle de Juan de Vera,http://www.wikidata.org/entity/Q118652607,Juan de Vera,escultor y pintor español del siglo XVI,masculino,,,escultor,
http://www.wikidata.org/entity/Q118608664,calle de Juan de la Hoz,http://www.wikidata.org/entity/Q5696400,Juan de la Hoz y Mota,dramaturgo español (1622-1714),masculino,1622,1714,escritor,España
http://www.wikidata.org/entity/Q118608664,calle de Juan de la Hoz,http://www.wikidata.org/entity/Q5696400,Juan de la Hoz y Mota,dramaturgo español (1622-1714),masculino,1622,1714,dramaturgo,España
http://www.wikidata.org/entity/Q27245500,calle de Juan Álvarez Mendizábal,http://www.wikidata.org/entity/Q167743,Juan Álvarez Mendizábal,político español,masculino,1790,1853,militar,España
http://www.wikidata.org/entity/Q27245500,calle de Juan Álvarez Mendizábal,http://www.wikidata.org/entity/Q167743,Juan Álvarez Mendizábal,político español,masculino,1790,1853,político,España
http://www.wikidata.org/entity/Q27245500,calle de Juan Álvarez Mendizábal,http://www.wikidata.org/entity/Q167743,Juan Álvarez Mendizábal,político español,masculino,1790,1853,economista,España
http://www.wikidata.org/entity/Q28045186,calle de Juanelo,http://www.wikidata.org/entity/Q1388187,Juanelo Turriano,ingeniero e inventor italiano naturalizado español,masculino,1501,1585,arquitecto,España
http://www.wikidata.org/entity/Q28045186,calle de Juanelo,http://www.wikidata.org/entity/Q1388187,Juanelo Turriano,ingeniero e inventor italiano naturalizado español,masculino,1500,1585,arquitecto,España
http://www.wikidata.org/entity/Q28045186,calle de Juanelo,http://www.wikidata.org/entity/Q1388187,Juanelo Turriano,ingeniero e inventor italiano naturalizado español,masculino,1501,1585,ingeniero,España
http://www.wikidata.org/entity/Q28045186,calle de Juanelo,http://www.wikidata.org/entity/Q1388187,Juanelo Turriano,ingeniero e inventor italiano naturalizado español,masculino,1500,1585,ingeniero,España
http://www.wikidata.org/entity/Q28045186,calle de Juanelo,http://www.wikidata.org/entity/Q1388187,Juanelo Turriano,ingeniero e inventor italiano naturalizado español,masculino,1501,1585,matemático,España
http://www.wikidata.org/entity/Q28045186,calle de Juanelo,http://www.wikidata.org/entity/Q1388187,Juanelo Turriano,ingeniero e inventor italiano naturalizado español,masculino,1500,1585,matemático,España
http://www.wikidata.org/entity/Q28045186,calle de Juanelo,http://www.wikidata.org/entity/Q1388187,Juanelo Turriano,ingeniero e inventor italiano naturalizado español,masculino,1501,1585,inventor,España
http://www.wikidata.org/entity/Q28045186,calle de Juanelo,http://www.wikidata.org/entity/Q1388187,Juanelo Turriano,ingeniero e inventor italiano naturalizado español,masculino,1500,1585,inventor,España
http://www.wikidata.org/entity/Q28045186,calle de Juanelo,http://www.wikidata.org/entity/Q1388187,Juanelo Turriano,ingeniero e inventor italiano naturalizado español,masculino,1501,1585,escultor,España
http://www.wikidata.org/entity/Q28045186,calle de Juanelo,http://www.wikidata.org/entity/Q1388187,Juanelo Turriano,ingeniero e inventor italiano naturalizado español,masculino,1500,1585,escultor,España
http://www.wikidata.org/entity/Q118712092,calle de Julio Camba,http://www.wikidata.org/entity/Q593405,Julio Camba,"escritor, periodista y anarquista español",masculino,1884,1962,periodista,España
http://www.wikidata.org/entity/Q26806522,calle de Julián Besteiro,http://www.wikidata.org/entity/Q930045,José Enrique Varela,militar español,masculino,1891,1951,militar,España
http://www.wikidata.org/entity/Q26806522,calle de Julián Besteiro,http://www.wikidata.org/entity/Q930045,José Enrique Varela,militar español,masculino,1891,1951,político,España
http://www.wikidata.org/entity/Q26806522,calle de Julián Besteiro,http://www.wikidata.org/entity/Q2467469,Julián Besteiro,académico y político español,masculino,1870,1940,político,España
http://www.wikidata.org/entity/Q26806522,calle de Julián Besteiro,http://www.wikidata.org/entity/Q2467469,Julián Besteiro,académico y político español,masculino,1870,1940,profesor,España
http://www.wikidata.org/entity/Q26806522,calle de Julián Besteiro,http://www.wikidata.org/entity/Q2467469,Julián Besteiro,académico y político español,masculino,1870,1940,filósofo,España
http://www.wikidata.org/entity/Q26806522,calle de Julián Besteiro,http://www.wikidata.org/entity/Q2467469,Julián Besteiro,académico y político español,masculino,1870,1940,profesor de educación secundaria,España
http://www.wikidata.org/entity/Q26806522,calle de Julián Besteiro,http://www.wikidata.org/entity/Q2467469,Julián Besteiro,académico y político español,masculino,1870,1940,sindicalista,España
http://www.wikidata.org/entity/Q29051365,calle de Julián Gayarre,http://www.wikidata.org/entity/Q1366357,Julián Gayarre,tenor español,masculino,1844,1890,actor de teatro,España
http://www.wikidata.org/entity/Q29051365,calle de Julián Gayarre,http://www.wikidata.org/entity/Q1366357,Julián Gayarre,tenor español,masculino,1844,1890,cantante de ópera,España
http://www.wikidata.org/entity/Q29919201,calle de Julián Romea,http://www.wikidata.org/entity/Q9016623,Julián Romea,actor español,masculino,1813,1868,actor,España
http://www.wikidata.org/entity/Q29919201,calle de Julián Romea,http://www.wikidata.org/entity/Q9016623,Julián Romea,actor español,masculino,1813,1868,escritor,España
http://www.wikidata.org/entity/Q28973782,calle de Julián Zugazagoitia,http://www.wikidata.org/entity/Q3502901,Julián Zugazagoitia,político español,masculino,1899,1936,escritor,España
http://www.wikidata.org/entity/Q28973782,calle de Julián Zugazagoitia,http://www.wikidata.org/entity/Q3502901,Julián Zugazagoitia,político español,masculino,1899,1940,escritor,España
http://www.wikidata.org/entity/Q28973782,calle de Julián Zugazagoitia,http://www.wikidata.org/entity/Q3502901,Julián Zugazagoitia,político español,masculino,1893,1936,escritor,España
http://www.wikidata.org/entity/Q28973782,calle de Julián Zugazagoitia,http://www.wikidata.org/entity/Q3502901,Julián Zugazagoitia,político español,masculino,1893,1940,escritor,España
http://www.wikidata.org/entity/Q28973782,calle de Julián Zugazagoitia,http://www.wikidata.org/entity/Q3502901,Julián Zugazagoitia,político español,masculino,1899,1936,político,España
http://www.wikidata.org/entity/Q28973782,calle de Julián Zugazagoitia,http://www.wikidata.org/entity/Q3502901,Julián Zugazagoitia,político español,masculino,1899,1940,político,España
http://www.wikidata.org/entity/Q28973782,calle de Julián Zugazagoitia,http://www.wikidata.org/entity/Q3502901,Julián Zugazagoitia,político español,masculino,1893,1936,político,España
http://www.wikidata.org/entity/Q28973782,calle de Julián Zugazagoitia,http://www.wikidata.org/entity/Q3502901,Julián Zugazagoitia,político español,masculino,1893,1940,político,España
http://www.wikidata.org/entity/Q28973782,calle de Julián Zugazagoitia,http://www.wikidata.org/entity/Q3502901,Julián Zugazagoitia,político español,masculino,1899,1936,periodista,España
http://www.wikidata.org/entity/Q28973782,calle de Julián Zugazagoitia,http://www.wikidata.org/entity/Q3502901,Julián Zugazagoitia,político español,masculino,1899,1940,periodista,España
http://www.wikidata.org/entity/Q28973782,calle de Julián Zugazagoitia,http://www.wikidata.org/entity/Q3502901,Julián Zugazagoitia,político español,masculino,1893,1936,periodista,España
http://www.wikidata.org/entity/Q28973782,calle de Julián Zugazagoitia,http://www.wikidata.org/entity/Q3502901,Julián Zugazagoitia,político español,masculino,1893,1940,periodista,España
http://www.wikidata.org/entity/Q28064981,calle de Lagasca,http://www.wikidata.org/entity/Q891966,Mariano Lagasca,médico y botánico español (1776-1839),masculino,1776,1839,médico,España
http://www.wikidata.org/entity/Q28064981,calle de Lagasca,http://www.wikidata.org/entity/Q891966,Mariano Lagasca,médico y botánico español (1776-1839),masculino,1776,1839,agrónomo,España
http://www.wikidata.org/entity/Q28064981,calle de Lagasca,http://www.wikidata.org/entity/Q891966,Mariano Lagasca,médico y botánico español (1776-1839),masculino,1776,1839,recolector de plantas,España
http://www.wikidata.org/entity/Q28064981,calle de Lagasca,http://www.wikidata.org/entity/Q891966,Mariano Lagasca,médico y botánico español (1776-1839),masculino,1776,1839,botánico,España
http://www.wikidata.org/entity/Q28064981,calle de Lagasca,http://www.wikidata.org/entity/Q891966,Mariano Lagasca,médico y botánico español (1776-1839),masculino,1776,1839,recolector científico,España
http://www.wikidata.org/entity/Q28032558,calle de Larra,http://www.wikidata.org/entity/Q298773,Mariano José de Larra,"escritor, periodista y político español (1809-1837)",masculino,1809,1837,escritor,España
http://www.wikidata.org/entity/Q28032558,calle de Larra,http://www.wikidata.org/entity/Q298773,Mariano José de Larra,"escritor, periodista y político español (1809-1837)",masculino,1809,1837,poeta,España
http://www.wikidata.org/entity/Q28032558,calle de Larra,http://www.wikidata.org/entity/Q298773,Mariano José de Larra,"escritor, periodista y político español (1809-1837)",masculino,1809,1837,dramaturgo,España
http://www.wikidata.org/entity/Q28032558,calle de Larra,http://www.wikidata.org/entity/Q298773,Mariano José de Larra,"escritor, periodista y político español (1809-1837)",masculino,1809,1837,periodista,España
http://www.wikidata.org/entity/Q28032558,calle de Larra,http://www.wikidata.org/entity/Q298773,Mariano José de Larra,"escritor, periodista y político español (1809-1837)",masculino,1809,1837,crítico literario,España
http://www.wikidata.org/entity/Q29007055,calle de Lepanto,http://www.wikidata.org/entity/Q165425,batalla de Lepanto,combate naval del 7 de octubre de 1571,,,,,
http://www.wikidata.org/entity/Q118701213,calle de Lombía,http://www.wikidata.org/entity/Q5950703,Juan Lombía,actor y dramaturgo español,masculino,1806,1851,actor,España
http://www.wikidata.org/entity/Q118701213,calle de Lombía,http://www.wikidata.org/entity/Q5950703,Juan Lombía,actor y dramaturgo español,masculino,1806,1851,dramaturgo,España
http://www.wikidata.org/entity/Q118701213,calle de Lombía,http://www.wikidata.org/entity/Q5950703,Juan Lombía,actor y dramaturgo español,masculino,1806,1851,empresario de teatro,España
http://www.wikidata.org/entity/Q118612038,calle de Londres,http://www.wikidata.org/entity/Q84,Londres,capital de Inglaterra y del Reino Unido,,,,,
http://www.wikidata.org/entity/Q28039019,calle de Lope de Haro,http://www.wikidata.org/entity/Q3111019,Lope Díaz III de Haro,VIII Señor de Vizcaya,masculino,1201,1288,militar,Corona de Castilla
http://www.wikidata.org/entity/Q28039019,calle de Lope de Haro,http://www.wikidata.org/entity/Q3111019,Lope Díaz III de Haro,VIII Señor de Vizcaya,masculino,1201,1288,aristócrata,Corona de Castilla
http://www.wikidata.org/entity/Q28071028,calle de Lope de Rueda,http://www.wikidata.org/entity/Q52206,Lope de Rueda,dramaturgo y actor español,masculino,1505,1566,actor,España
http://www.wikidata.org/entity/Q28071028,calle de Lope de Rueda,http://www.wikidata.org/entity/Q52206,Lope de Rueda,dramaturgo y actor español,masculino,1505,1566,escritor,España
http://www.wikidata.org/entity/Q28071028,calle de Lope de Rueda,http://www.wikidata.org/entity/Q52206,Lope de Rueda,dramaturgo y actor español,masculino,1505,1566,poeta,España
http://www.wikidata.org/entity/Q28071028,calle de Lope de Rueda,http://www.wikidata.org/entity/Q52206,Lope de Rueda,dramaturgo y actor español,masculino,1505,1566,dramaturgo,España
http://www.wikidata.org/entity/Q19800989,calle de Lope de Vega,http://www.wikidata.org/entity/Q165257,Lope de Vega,"sacerdote, poeta y dramaturgo español del Siglo de Oro",masculino,1562,1635,escritor,España
http://www.wikidata.org/entity/Q19800989,calle de Lope de Vega,http://www.wikidata.org/entity/Q165257,Lope de Vega,"sacerdote, poeta y dramaturgo español del Siglo de Oro",masculino,1562,1635,poeta,España
http://www.wikidata.org/entity/Q19800989,calle de Lope de Vega,http://www.wikidata.org/entity/Q165257,Lope de Vega,"sacerdote, poeta y dramaturgo español del Siglo de Oro",masculino,1562,1635,dramaturgo,España
http://www.wikidata.org/entity/Q19800989,calle de Lope de Vega,http://www.wikidata.org/entity/Q165257,Lope de Vega,"sacerdote, poeta y dramaturgo español del Siglo de Oro",masculino,1562,1635,sacerdote católico,España
http://www.wikidata.org/entity/Q19800989,calle de Lope de Vega,http://www.wikidata.org/entity/Q165257,Lope de Vega,"sacerdote, poeta y dramaturgo español del Siglo de Oro",masculino,1562,1635,traductor,España
http://www.wikidata.org/entity/Q28024324,calle de Lucio del Valle,http://www.wikidata.org/entity/Q5982356,Lucio del Valle,ingeniero y arquitecto español,masculino,1815,1874,arquitecto,España
http://www.wikidata.org/entity/Q28024324,calle de Lucio del Valle,http://www.wikidata.org/entity/Q5982356,Lucio del Valle,ingeniero y arquitecto español,masculino,1815,1874,ingeniero,España
http://www.wikidata.org/entity/Q28943623,calle de Luis Cabrera,http://www.wikidata.org/entity/Q6700397,Luis Cabrera de Córdoba,Escritor e historiador español (1559-1623),masculino,1559,1623,escritor,España
http://www.wikidata.org/entity/Q28943623,calle de Luis Cabrera,http://www.wikidata.org/entity/Q6700397,Luis Cabrera de Córdoba,Escritor e historiador español (1559-1623),masculino,1559,1623,historiador,España
http://www.wikidata.org/entity/Q118610441,calle de Luis Díaz Cobeña,http://www.wikidata.org/entity/Q107300559,Luis Díaz Cobeña,poeta y dramaturgo español (1837-1915),masculino,1837,1915,escritor,España
http://www.wikidata.org/entity/Q118610441,calle de Luis Díaz Cobeña,http://www.wikidata.org/entity/Q107300559,Luis Díaz Cobeña,poeta y dramaturgo español (1837-1915),masculino,1837,1915,abogado,España
http://www.wikidata.org/entity/Q118610441,calle de Luis Díaz Cobeña,http://www.wikidata.org/entity/Q107300559,Luis Díaz Cobeña,poeta y dramaturgo español (1837-1915),masculino,1837,1915,poeta,España
http://www.wikidata.org/entity/Q118610441,calle de Luis Díaz Cobeña,http://www.wikidata.org/entity/Q107300559,Luis Díaz Cobeña,poeta y dramaturgo español (1837-1915),masculino,1837,1915,político,España
http://www.wikidata.org/entity/Q118610441,calle de Luis Díaz Cobeña,http://www.wikidata.org/entity/Q107300559,Luis Díaz Cobeña,poeta y dramaturgo español (1837-1915),masculino,1837,1915,dramaturgo,España
http://www.wikidata.org/entity/Q29212673,calle de Luis Vives,http://www.wikidata.org/entity/Q316357,Juan Luis Vives,filósofo español,masculino,1492,1540,profesor,España
http://www.wikidata.org/entity/Q29212673,calle de Luis Vives,http://www.wikidata.org/entity/Q316357,Juan Luis Vives,filósofo español,masculino,1492,1540,pedagogo,España
http://www.wikidata.org/entity/Q29212673,calle de Luis Vives,http://www.wikidata.org/entity/Q316357,Juan Luis Vives,filósofo español,masculino,1492,1540,profesor universitario,España
http://www.wikidata.org/entity/Q29212673,calle de Luis Vives,http://www.wikidata.org/entity/Q316357,Juan Luis Vives,filósofo español,masculino,1492,1540,humanista del Renacimiento,España
http://www.wikidata.org/entity/Q29212673,calle de Luis Vives,http://www.wikidata.org/entity/Q316357,Juan Luis Vives,filósofo español,masculino,1492,1540,filósofo,España
http://www.wikidata.org/entity/Q28033229,calle de Luis Vélez de Guevara,http://www.wikidata.org/entity/Q1305828,Luis Vélez de Guevara,dramaturgo y novelista español,masculino,1579,1644,escritor,España
http://www.wikidata.org/entity/Q28033229,calle de Luis Vélez de Guevara,http://www.wikidata.org/entity/Q1305828,Luis Vélez de Guevara,dramaturgo y novelista español,masculino,1579,1644,poeta,España
http://www.wikidata.org/entity/Q28033229,calle de Luis Vélez de Guevara,http://www.wikidata.org/entity/Q1305828,Luis Vélez de Guevara,dramaturgo y novelista español,masculino,1579,1644,dramaturgo,España
http://www.wikidata.org/entity/Q28033229,calle de Luis Vélez de Guevara,http://www.wikidata.org/entity/Q1305828,Luis Vélez de Guevara,dramaturgo y novelista español,masculino,1579,1644,soldado,España
http://www.wikidata.org/entity/Q28016755,calle de Luisa Fernanda,http://www.wikidata.org/entity/Q240397,Luisa Fernanda de Borbón,infanta de España,femenino,1832,1897,aristócrata,España
http://www.wikidata.org/entity/Q27043844,calle de López de Hoyos,http://www.wikidata.org/entity/Q3072117,Juan López de Hoyos,escritor español,masculino,1511,1583,escritor,España
http://www.wikidata.org/entity/Q20908832,calle de Madrid,http://www.wikidata.org/entity/Q2807,Madrid,capital de España,,,,,
http://www.wikidata.org/entity/Q27243356,calle de Magallanes,http://www.wikidata.org/entity/Q1496,Fernando de Magallanes,navegante y explorador portugués al servicio de España (1480-1521),masculino,1480,1521,marino,Reino de Portugal
http://www.wikidata.org/entity/Q27243356,calle de Magallanes,http://www.wikidata.org/entity/Q1496,Fernando de Magallanes,navegante y explorador portugués al servicio de España (1480-1521),masculino,1480,1521,explorador,Reino de Portugal
http://www.wikidata.org/entity/Q27243356,calle de Magallanes,http://www.wikidata.org/entity/Q1496,Fernando de Magallanes,navegante y explorador portugués al servicio de España (1480-1521),masculino,1480,1521,marino,Reino de Portugal
http://www.wikidata.org/entity/Q28056166,calle de Maldonado,http://www.wikidata.org/entity/Q2742352,Francisco Maldonado,Spanish rebel,masculino,1480,1521,,
http://www.wikidata.org/entity/Q27048299,calle de Mallorca,http://www.wikidata.org/entity/Q8828,Mallorca,isla de España,,,,,
http://www.wikidata.org/entity/Q28537702,calle de Manuel Cortina,http://www.wikidata.org/entity/Q5992686,Manuel Cortina y Arenzana,abogado y político español,masculino,1802,1879,abogado,España
http://www.wikidata.org/entity/Q28537702,calle de Manuel Cortina,http://www.wikidata.org/entity/Q5992686,Manuel Cortina y Arenzana,abogado y político español,masculino,1802,1879,militar,España
http://www.wikidata.org/entity/Q28537702,calle de Manuel Cortina,http://www.wikidata.org/entity/Q5992686,Manuel Cortina y Arenzana,abogado y político español,masculino,1802,1879,político,España
http://www.wikidata.org/entity/Q29007235,calle de Manuel Fernández y González,http://www.wikidata.org/entity/Q4483027,Manuel Fernández y González,novelista español,masculino,1821,1888,escritor,España
http://www.wikidata.org/entity/Q29007235,calle de Manuel Fernández y González,http://www.wikidata.org/entity/Q4483027,Manuel Fernández y González,novelista español,masculino,1821,1888,poeta,España
http://www.wikidata.org/entity/Q29007235,calle de Manuel Fernández y González,http://www.wikidata.org/entity/Q4483027,Manuel Fernández y González,novelista español,masculino,1821,1888,dramaturgo,España
http://www.wikidata.org/entity/Q29007235,calle de Manuel Fernández y González,http://www.wikidata.org/entity/Q4483027,Manuel Fernández y González,novelista español,masculino,1821,1888,restaurador,España
http://www.wikidata.org/entity/Q29007235,calle de Manuel Fernández y González,http://www.wikidata.org/entity/Q4483027,Manuel Fernández y González,novelista español,masculino,1821,1888,novelista,España
http://www.wikidata.org/entity/Q29007235,calle de Manuel Fernández y González,http://www.wikidata.org/entity/Q4483027,Manuel Fernández y González,novelista español,masculino,1821,1888,escritor de cuentos,España
http://www.wikidata.org/entity/Q28032364,calle de Manuel Silvela,http://www.wikidata.org/entity/Q3286939,Manuel Silvela,político español,masculino,1830,1892,escritor,España
http://www.wikidata.org/entity/Q28032364,calle de Manuel Silvela,http://www.wikidata.org/entity/Q3286939,Manuel Silvela,político español,masculino,1830,1892,abogado,España
http://www.wikidata.org/entity/Q28032364,calle de Manuel Silvela,http://www.wikidata.org/entity/Q3286939,Manuel Silvela,político español,masculino,1830,1892,político,España
http://www.wikidata.org/entity/Q28032364,calle de Manuel Silvela,http://www.wikidata.org/entity/Q3286939,Manuel Silvela,político español,masculino,1830,1892,diplomático,España
http://www.wikidata.org/entity/Q28032364,calle de Manuel Silvela,http://www.wikidata.org/entity/Q3286939,Manuel Silvela,político español,masculino,1830,1892,magistrado,España
http://www.wikidata.org/entity/Q28740170,calle de Manuel de Falla,http://www.wikidata.org/entity/Q193283,Manuel de Falla,compositor español,masculino,1876,1946,compositor,España
http://www.wikidata.org/entity/Q28740170,calle de Manuel de Falla,http://www.wikidata.org/entity/Q193283,Manuel de Falla,compositor español,masculino,1876,1946,poeta,España
http://www.wikidata.org/entity/Q28740170,calle de Manuel de Falla,http://www.wikidata.org/entity/Q193283,Manuel de Falla,compositor español,masculino,1876,1946,pianista,España
http://www.wikidata.org/entity/Q27044275,calle de Manuela Malasaña,http://www.wikidata.org/entity/Q2984294,Manuela Malasaña,costurera y heroína española,femenino,1791,1808,bordador,España
http://www.wikidata.org/entity/Q28531054,calle de Marceliano Santa María,http://www.wikidata.org/entity/Q5995562,Marceliano Santa María,pintor español (1866-1952),masculino,1866,1952,pintor,España
http://www.wikidata.org/entity/Q5740848,calle de Marcelo Usera,http://www.wikidata.org/entity/Q2884914,Marcelo Usera,Militar y empresario español,masculino,1874,1955,abogado,España
http://www.wikidata.org/entity/Q5740848,calle de Marcelo Usera,http://www.wikidata.org/entity/Q2884914,Marcelo Usera,Militar y empresario español,masculino,1874,1955,empresario,España
http://www.wikidata.org/entity/Q5740848,calle de Marcelo Usera,http://www.wikidata.org/entity/Q2884914,Marcelo Usera,Militar y empresario español,masculino,1874,1955,militar,España
http://www.wikidata.org/entity/Q5740848,calle de Marcelo Usera,http://www.wikidata.org/entity/Q2884914,Marcelo Usera,Militar y empresario español,masculino,1874,1955,urbanista,España
http://www.wikidata.org/entity/Q28042912,calle de Mariano Fernández,http://www.wikidata.org/entity/Q28042897,Mariano Fernández,actor cómico español,masculino,1815,1890,actor de teatro,España
http://www.wikidata.org/entity/Q28042912,calle de Mariano Fernández,http://www.wikidata.org/entity/Q28042897,Mariano Fernández,actor cómico español,masculino,1815,1890,actor de teatro,España
http://www.wikidata.org/entity/Q28042912,calle de Mariano Fernández,http://www.wikidata.org/entity/Q28042897,Mariano Fernández,actor cómico español,masculino,1814,1890,actor de teatro,España
http://www.wikidata.org/entity/Q28042912,calle de Mariano Fernández,http://www.wikidata.org/entity/Q28042897,Mariano Fernández,actor cómico español,masculino,1814,1890,actor de teatro,España
http://www.wikidata.org/entity/Q68986257,calle de Martín de Vargas,http://www.wikidata.org/entity/Q2875927,Martín de Vargas,"Cisterciense y teólogo español, fundador de la Congregación de Castilla",masculino,1380,1446,teólogo,Corona de Castilla
http://www.wikidata.org/entity/Q68986257,calle de Martín de Vargas,http://www.wikidata.org/entity/Q2875927,Martín de Vargas,"Cisterciense y teólogo español, fundador de la Congregación de Castilla",masculino,1380,1446,canonista,Corona de Castilla
http://www.wikidata.org/entity/Q68986257,calle de Martín de Vargas,http://www.wikidata.org/entity/Q2875927,Martín de Vargas,"Cisterciense y teólogo español, fundador de la Congregación de Castilla",masculino,1380,1446,confesor,Corona de Castilla
http://www.wikidata.org/entity/Q26821321,calle de Martín de los Heros,http://www.wikidata.org/entity/Q9029845,Martín de los Heros,,masculino,1783,1859,escritor,España
http://www.wikidata.org/entity/Q26821321,calle de Martín de los Heros,http://www.wikidata.org/entity/Q9029845,Martín de los Heros,,masculino,1783,1859,militar,España
http://www.wikidata.org/entity/Q26821321,calle de Martín de los Heros,http://www.wikidata.org/entity/Q9029845,Martín de los Heros,,masculino,1783,1859,político,España
http://www.wikidata.org/entity/Q118608481,calle de Martínez Izquierdo,http://www.wikidata.org/entity/Q6038074,Narciso Martínez Izquierdo,primer obispo de la diócesis de Madrid-Alcalá (1830-1886),masculino,1830,1886,sacerdote católico,España
http://www.wikidata.org/entity/Q118608481,calle de Martínez Izquierdo,http://www.wikidata.org/entity/Q6038074,Narciso Martínez Izquierdo,primer obispo de la diócesis de Madrid-Alcalá (1830-1886),masculino,1830,1886,obispo católico,España
http://www.wikidata.org/entity/Q118731722,calle de Martínez de la Rosa,http://www.wikidata.org/entity/Q27357,Francisco Martínez de la Rosa,"poeta, dramaturgo, político y diplomático español",masculino,1787,1862,escritor,España
http://www.wikidata.org/entity/Q118731722,calle de Martínez de la Rosa,http://www.wikidata.org/entity/Q27357,Francisco Martínez de la Rosa,"poeta, dramaturgo, político y diplomático español",masculino,1787,1862,poeta,España
http://www.wikidata.org/entity/Q118731722,calle de Martínez de la Rosa,http://www.wikidata.org/entity/Q27357,Francisco Martínez de la Rosa,"poeta, dramaturgo, político y diplomático español",masculino,1787,1862,político,España
http://www.wikidata.org/entity/Q118731722,calle de Martínez de la Rosa,http://www.wikidata.org/entity/Q27357,Francisco Martínez de la Rosa,"poeta, dramaturgo, político y diplomático español",masculino,1787,1862,diplomático,España
http://www.wikidata.org/entity/Q118731722,calle de Martínez de la Rosa,http://www.wikidata.org/entity/Q27357,Francisco Martínez de la Rosa,"poeta, dramaturgo, político y diplomático español",masculino,1787,1862,historiador,España
http://www.wikidata.org/entity/Q118731722,calle de Martínez de la Rosa,http://www.wikidata.org/entity/Q27357,Francisco Martínez de la Rosa,"poeta, dramaturgo, político y diplomático español",masculino,1787,1862,dramaturgo,España
http://www.wikidata.org/entity/Q118731722,calle de Martínez de la Rosa,http://www.wikidata.org/entity/Q27357,Francisco Martínez de la Rosa,"poeta, dramaturgo, político y diplomático español",masculino,1787,1862,profesor universitario,España
http://www.wikidata.org/entity/Q29400949,calle de María Teresa Sáenz de Heredia,http://www.wikidata.org/entity/Q29400407,María Teresa Sáenz de Heredia,mujer española,femenino,,1994,,España
http://www.wikidata.org/entity/Q27310035,calle de María de Guzmán,http://www.wikidata.org/entity/Q6003955,María Isidra de Guzmán y de la Cerda,traductora española,femenino,1767,1803,traductor,España
http://www.wikidata.org/entity/Q28058270,calle de María de Molina,http://www.wikidata.org/entity/Q266025,María de Molina,reina consorte de Castilla (1284-1295),femenino,1264,1321,reina consorte,
http://www.wikidata.org/entity/Q26821557,calle de Mateo Inurria,http://www.wikidata.org/entity/Q9030461,Mateo Inurria,escultor español (1867-1924),masculino,1867,1924,escultor,España
http://www.wikidata.org/entity/Q56121903,calle de Matilde Landa,http://www.wikidata.org/entity/Q16605380,Matilde Landa,política española,femenino,1904,1942,político,España
http://www.wikidata.org/entity/Q118847819,calle de Medellín,http://www.wikidata.org/entity/Q668384,Medellín,"municipio de la provincia de Badajoz, España",,,,,
http://www.wikidata.org/entity/Q24560004,calle de Mejía Lequerica,http://www.wikidata.org/entity/Q5943846,José Mejía Lequerica,Diputado de 1812,masculino,1775,1813,político,España
http://www.wikidata.org/entity/Q24560004,calle de Mejía Lequerica,http://www.wikidata.org/entity/Q5943846,José Mejía Lequerica,Diputado de 1812,masculino,1775,1813,político,Imperio Español
http://www.wikidata.org/entity/Q27031533,calle de Meléndez Valdés,http://www.wikidata.org/entity/Q2415144,Juan Meléndez Valdés,poeta,masculino,1754,1817,escritor,España
http://www.wikidata.org/entity/Q27031533,calle de Meléndez Valdés,http://www.wikidata.org/entity/Q2415144,Juan Meléndez Valdés,poeta,masculino,1754,1817,poeta,España
http://www.wikidata.org/entity/Q27031533,calle de Meléndez Valdés,http://www.wikidata.org/entity/Q2415144,Juan Meléndez Valdés,poeta,masculino,1754,1817,político,España
http://www.wikidata.org/entity/Q16867482,calle de Mesonero Romanos,http://www.wikidata.org/entity/Q1545524,Ramón de Mesonero Romanos,escritor español,masculino,1803,1882,escritor,España
http://www.wikidata.org/entity/Q27991265,calle de Miguel Ángel,http://www.wikidata.org/entity/Q5592,Miguel Ángel,"pintor, escultor y arquitecto italiano",masculino,1475,1564,escritor,República de Florencia
http://www.wikidata.org/entity/Q27991265,calle de Miguel Ángel,http://www.wikidata.org/entity/Q5592,Miguel Ángel,"pintor, escultor y arquitecto italiano",masculino,1475,1564,arquitecto,República de Florencia
http://www.wikidata.org/entity/Q27991265,calle de Miguel Ángel,http://www.wikidata.org/entity/Q5592,Miguel Ángel,"pintor, escultor y arquitecto italiano",masculino,1475,1564,poeta,República de Florencia
http://www.wikidata.org/entity/Q27991265,calle de Miguel Ángel,http://www.wikidata.org/entity/Q5592,Miguel Ángel,"pintor, escultor y arquitecto italiano",masculino,1475,1564,contratista,República de Florencia
http://www.wikidata.org/entity/Q27991265,calle de Miguel Ángel,http://www.wikidata.org/entity/Q5592,Miguel Ángel,"pintor, escultor y arquitecto italiano",masculino,1475,1564,pintor,República de Florencia
http://www.wikidata.org/entity/Q27991265,calle de Miguel Ángel,http://www.wikidata.org/entity/Q5592,Miguel Ángel,"pintor, escultor y arquitecto italiano",masculino,1475,1564,escultor,República de Florencia
http://www.wikidata.org/entity/Q27991265,calle de Miguel Ángel,http://www.wikidata.org/entity/Q5592,Miguel Ángel,"pintor, escultor y arquitecto italiano",masculino,1475,1564,artista visual,República de Florencia
http://www.wikidata.org/entity/Q27991265,calle de Miguel Ángel,http://www.wikidata.org/entity/Q5592,Miguel Ángel,"pintor, escultor y arquitecto italiano",masculino,1475,1564,dibujante arquitectónico,República de Florencia
http://www.wikidata.org/entity/Q27314640,calle de Modesto Lafuente,http://www.wikidata.org/entity/Q627987,Modesto Lafuente,"periodista, historiador y escritor satírico español",masculino,1806,1866,escritor,España
http://www.wikidata.org/entity/Q27314640,calle de Modesto Lafuente,http://www.wikidata.org/entity/Q627987,Modesto Lafuente,"periodista, historiador y escritor satírico español",masculino,1806,1866,historiador,España
http://www.wikidata.org/entity/Q27314640,calle de Modesto Lafuente,http://www.wikidata.org/entity/Q627987,Modesto Lafuente,"periodista, historiador y escritor satírico español",masculino,1806,1866,periodista,España
http://www.wikidata.org/entity/Q28070795,calle de Montesa,http://www.wikidata.org/entity/Q631357,Orden de Santa María de Montesa,orden militar y religiosa española,,,,,
http://www.wikidata.org/entity/Q29963610,calle de Montevideo,http://www.wikidata.org/entity/Q1335,Montevideo,capital de Uruguay,,,,,
http://www.wikidata.org/entity/Q29611022,calle de Montserrat,http://www.wikidata.org/entity/Q3821803,iglesia de Nuestra Señora de Montserrat,edificio en Madrid,,,,,
http://www.wikidata.org/entity/Q24944024,calle de Moratín,http://www.wikidata.org/entity/Q351132,Leandro Fernández de Moratín,"poeta, traductor y escritor español",masculino,1760,1828,escritor,España
http://www.wikidata.org/entity/Q24944024,calle de Moratín,http://www.wikidata.org/entity/Q351132,Leandro Fernández de Moratín,"poeta, traductor y escritor español",masculino,1760,1828,poeta,España
http://www.wikidata.org/entity/Q24944024,calle de Moratín,http://www.wikidata.org/entity/Q351132,Leandro Fernández de Moratín,"poeta, traductor y escritor español",masculino,1760,1828,dramaturgo,España
http://www.wikidata.org/entity/Q24944024,calle de Moratín,http://www.wikidata.org/entity/Q351132,Leandro Fernández de Moratín,"poeta, traductor y escritor español",masculino,1760,1828,traductor,España
http://www.wikidata.org/entity/Q28539675,calle de Morejón,http://www.wikidata.org/entity/Q5698624,Antonio Hernández Morejón,médico e historiador español,masculino,1773,1836,médico,España
http://www.wikidata.org/entity/Q28539675,calle de Morejón,http://www.wikidata.org/entity/Q5698624,Antonio Hernández Morejón,médico e historiador español,masculino,1773,1836,historiador,España
http://www.wikidata.org/entity/Q28539675,calle de Morejón,http://www.wikidata.org/entity/Q5698624,Antonio Hernández Morejón,médico e historiador español,masculino,1773,1836,higienista,España
http://www.wikidata.org/entity/Q52354751,calle de Muñoz Torrero,http://www.wikidata.org/entity/Q8470974,Diego Muñoz-Torrero,político español,masculino,1761,1829,político,España
http://www.wikidata.org/entity/Q28936774,calle de Máiquez,http://www.wikidata.org/entity/Q5921222,Isidoro Máiquez,actor español,masculino,1768,1820,dramaturgo,España
http://www.wikidata.org/entity/Q28936774,calle de Máiquez,http://www.wikidata.org/entity/Q5921222,Isidoro Máiquez,actor español,masculino,1768,1820,actor de teatro,España
http://www.wikidata.org/entity/Q28936774,calle de Máiquez,http://www.wikidata.org/entity/Q5921222,Isidoro Máiquez,actor español,masculino,1768,1820,empresario de teatro,España
http://www.wikidata.org/entity/Q36220986,calle de Méjico,http://www.wikidata.org/entity/Q96,México,país de América del Norte,,,,,
http://www.wikidata.org/entity/Q63975135,calle de Méndez Núñez,http://www.wikidata.org/entity/Q3394337,Casto Méndez Núñez,marino militar y almirante español,masculino,1824,1869,político,España
http://www.wikidata.org/entity/Q63975135,calle de Méndez Núñez,http://www.wikidata.org/entity/Q3394337,Casto Méndez Núñez,marino militar y almirante español,masculino,1824,1869,oficial naval,España
http://www.wikidata.org/entity/Q5553104,calle de Méndez Álvaro,http://www.wikidata.org/entity/Q5866884,Francisco Méndez Álvaro,político español,masculino,1806,1883,escritor,España
http://www.wikidata.org/entity/Q5553104,calle de Méndez Álvaro,http://www.wikidata.org/entity/Q5866884,Francisco Méndez Álvaro,político español,masculino,1806,1883,médico,España
http://www.wikidata.org/entity/Q5553104,calle de Méndez Álvaro,http://www.wikidata.org/entity/Q5866884,Francisco Méndez Álvaro,político español,masculino,1806,1883,político,España
http://www.wikidata.org/entity/Q27245466,calle de Narciso Serra,http://www.wikidata.org/entity/Q15839216,Narciso Serra,dramaturgo español,masculino,1830,1877,dramaturgo,España
http://www.wikidata.org/entity/Q28936837,calle de Narváez,http://www.wikidata.org/entity/Q185551,Ramón María Narváez,diplomático español,masculino,1800,1868,militar,España
http://www.wikidata.org/entity/Q28936837,calle de Narváez,http://www.wikidata.org/entity/Q185551,Ramón María Narváez,diplomático español,masculino,1800,1868,político,España
http://www.wikidata.org/entity/Q28936837,calle de Narváez,http://www.wikidata.org/entity/Q185551,Ramón María Narváez,diplomático español,masculino,1800,1868,diplomático,España
http://www.wikidata.org/entity/Q28537739,calle de Nicasio Gallego,http://www.wikidata.org/entity/Q720492,Juan Nicasio Gallego,poeta y escritor español,masculino,1777,1853,escritor,España
http://www.wikidata.org/entity/Q28537739,calle de Nicasio Gallego,http://www.wikidata.org/entity/Q720492,Juan Nicasio Gallego,poeta y escritor español,masculino,1777,1853,poeta,España
http://www.wikidata.org/entity/Q28537739,calle de Nicasio Gallego,http://www.wikidata.org/entity/Q720492,Juan Nicasio Gallego,poeta y escritor español,masculino,1777,1853,político,España
http://www.wikidata.org/entity/Q28537739,calle de Nicasio Gallego,http://www.wikidata.org/entity/Q720492,Juan Nicasio Gallego,poeta y escritor español,masculino,1777,1853,traductor,España
http://www.wikidata.org/entity/Q28945098,calle de Nueva Zelanda,http://www.wikidata.org/entity/Q664,Nueva Zelanda,país de Oceanía,,,,,
http://www.wikidata.org/entity/Q29007173,calle de Núñez de Arce,http://www.wikidata.org/entity/Q64652,Gaspar Núñez de Arce,poeta y político español (1832–1903),masculino,1832,1903,escritor,España
http://www.wikidata.org/entity/Q29007173,calle de Núñez de Arce,http://www.wikidata.org/entity/Q64652,Gaspar Núñez de Arce,poeta y político español (1832–1903),masculino,1832,1903,poeta,España
http://www.wikidata.org/entity/Q29007173,calle de Núñez de Arce,http://www.wikidata.org/entity/Q64652,Gaspar Núñez de Arce,poeta y político español (1832–1903),masculino,1832,1903,político,España
http://www.wikidata.org/entity/Q29007173,calle de Núñez de Arce,http://www.wikidata.org/entity/Q64652,Gaspar Núñez de Arce,poeta y político español (1832–1903),masculino,1832,1903,periodista,España
http://www.wikidata.org/entity/Q28065000,calle de Núñez de Balboa,http://www.wikidata.org/entity/Q19080,Vasco Núñez de Balboa,"Adelantado, explorador, gobernante y conquistador español",masculino,1475,1519,político,España
http://www.wikidata.org/entity/Q28065000,calle de Núñez de Balboa,http://www.wikidata.org/entity/Q19080,Vasco Núñez de Balboa,"Adelantado, explorador, gobernante y conquistador español",masculino,1475,1519,conquistador,España
http://www.wikidata.org/entity/Q28065000,calle de Núñez de Balboa,http://www.wikidata.org/entity/Q19080,Vasco Núñez de Balboa,"Adelantado, explorador, gobernante y conquistador español",masculino,1475,1519,explorador,España
http://www.wikidata.org/entity/Q5740859,calle de O'Donnell,http://www.wikidata.org/entity/Q454265,Leopoldo O'Donnell,militar y político español,masculino,1809,1867,militar,España
http://www.wikidata.org/entity/Q5740859,calle de O'Donnell,http://www.wikidata.org/entity/Q454265,Leopoldo O'Donnell,militar y político español,masculino,1809,1867,político,España
http://www.wikidata.org/entity/Q28733302,calle de Olid,http://www.wikidata.org/entity/Q550491,Cristóbal de Óscar Ramirez,conquistador español,masculino,1487,1524,militar,Castilla
http://www.wikidata.org/entity/Q28733302,calle de Olid,http://www.wikidata.org/entity/Q550491,Cristóbal de Óscar Ramirez,conquistador español,masculino,1487,1524,conquistador,Castilla
http://www.wikidata.org/entity/Q28525695,calle de Orellana,http://www.wikidata.org/entity/Q207901,Francisco de Orellana,explorador español,masculino,1511,1546,militar,Corona de Castilla
http://www.wikidata.org/entity/Q28525695,calle de Orellana,http://www.wikidata.org/entity/Q207901,Francisco de Orellana,explorador español,masculino,1511,1546,conquistador,Corona de Castilla
http://www.wikidata.org/entity/Q28525695,calle de Orellana,http://www.wikidata.org/entity/Q207901,Francisco de Orellana,explorador español,masculino,1511,1546,teniente gobernador,Corona de Castilla
http://www.wikidata.org/entity/Q28525695,calle de Orellana,http://www.wikidata.org/entity/Q207901,Francisco de Orellana,explorador español,masculino,1511,1546,soldado,Corona de Castilla
http://www.wikidata.org/entity/Q26761687,calle de Orense,http://www.wikidata.org/entity/Q99151,Orense,"municipio de la provincia de Orense, España",,,,,
http://www.wikidata.org/entity/Q28528263,calle de Orfila,http://www.wikidata.org/entity/Q704342,Mateo Orfila,"Mateo Orfila y Rotger (Menorca, 1787- Paris, 1853), catedrático de Medicina Legal en París y fundador de la toxicología",masculino,1787,1853,médico,España
http://www.wikidata.org/entity/Q28528263,calle de Orfila,http://www.wikidata.org/entity/Q704342,Mateo Orfila,"Mateo Orfila y Rotger (Menorca, 1787- Paris, 1853), catedrático de Medicina Legal en París y fundador de la toxicología",masculino,1787,1853,químico,España
http://www.wikidata.org/entity/Q28528263,calle de Orfila,http://www.wikidata.org/entity/Q704342,Mateo Orfila,"Mateo Orfila y Rotger (Menorca, 1787- Paris, 1853), catedrático de Medicina Legal en París y fundador de la toxicología",masculino,1787,1853,fisiólogo,España
http://www.wikidata.org/entity/Q28528263,calle de Orfila,http://www.wikidata.org/entity/Q704342,Mateo Orfila,"Mateo Orfila y Rotger (Menorca, 1787- Paris, 1853), catedrático de Medicina Legal en París y fundador de la toxicología",masculino,1787,1853,farmacólogo,España
http://www.wikidata.org/entity/Q28528263,calle de Orfila,http://www.wikidata.org/entity/Q704342,Mateo Orfila,"Mateo Orfila y Rotger (Menorca, 1787- Paris, 1853), catedrático de Medicina Legal en París y fundador de la toxicología",masculino,1787,1853,toxicólogo,España
http://www.wikidata.org/entity/Q28528263,calle de Orfila,http://www.wikidata.org/entity/Q704342,Mateo Orfila,"Mateo Orfila y Rotger (Menorca, 1787- Paris, 1853), catedrático de Medicina Legal en París y fundador de la toxicología",masculino,1787,1853,forense,España
http://www.wikidata.org/entity/Q28528263,calle de Orfila,http://www.wikidata.org/entity/Q704342,Mateo Orfila,"Mateo Orfila y Rotger (Menorca, 1787- Paris, 1853), catedrático de Medicina Legal en París y fundador de la toxicología",masculino,1787,1853,químico,Francia
http://www.wikidata.org/entity/Q28528263,calle de Orfila,http://www.wikidata.org/entity/Q704342,Mateo Orfila,"Mateo Orfila y Rotger (Menorca, 1787- Paris, 1853), catedrático de Medicina Legal en París y fundador de la toxicología",masculino,1787,1853,fisiólogo,Francia
http://www.wikidata.org/entity/Q28528263,calle de Orfila,http://www.wikidata.org/entity/Q704342,Mateo Orfila,"Mateo Orfila y Rotger (Menorca, 1787- Paris, 1853), catedrático de Medicina Legal en París y fundador de la toxicología",masculino,1787,1853,farmacólogo,Francia
http://www.wikidata.org/entity/Q28528263,calle de Orfila,http://www.wikidata.org/entity/Q704342,Mateo Orfila,"Mateo Orfila y Rotger (Menorca, 1787- Paris, 1853), catedrático de Medicina Legal en París y fundador de la toxicología",masculino,1787,1853,toxicólogo,Francia
http://www.wikidata.org/entity/Q28528263,calle de Orfila,http://www.wikidata.org/entity/Q704342,Mateo Orfila,"Mateo Orfila y Rotger (Menorca, 1787- Paris, 1853), catedrático de Medicina Legal en París y fundador de la toxicología",masculino,1787,1853,forense,Francia
http://www.wikidata.org/entity/Q28528263,calle de Orfila,http://www.wikidata.org/entity/Q704342,Mateo Orfila,"Mateo Orfila y Rotger (Menorca, 1787- Paris, 1853), catedrático de Medicina Legal en París y fundador de la toxicología",masculino,1787,1853,médico,Francia
http://www.wikidata.org/entity/Q28976208,calle de Oudrid,http://www.wikidata.org/entity/Q2679032,Cristóbal Oudrid,"pianista, compositor de zarzuelas y director de orquesta español (1825-1877)",masculino,1825,1877,compositor,España
http://www.wikidata.org/entity/Q28976208,calle de Oudrid,http://www.wikidata.org/entity/Q2679032,Cristóbal Oudrid,"pianista, compositor de zarzuelas y director de orquesta español (1825-1877)",masculino,1825,1877,director de orquesta,España
http://www.wikidata.org/entity/Q28976208,calle de Oudrid,http://www.wikidata.org/entity/Q2679032,Cristóbal Oudrid,"pianista, compositor de zarzuelas y director de orquesta español (1825-1877)",masculino,1825,1877,pianista,España
http://www.wikidata.org/entity/Q28056135,calle de Padilla,http://www.wikidata.org/entity/Q1339628,Juan de Padilla,rebelde de las Guerra de las Comunidades de Castilla,masculino,1490,1521,,España
http://www.wikidata.org/entity/Q28733295,calle de Palafox,http://www.wikidata.org/entity/Q332481,José Rebolledo de Palafox y Melzi,"I Duque de Zaragoza, héroe de los sitios de Zaragoza",masculino,1775,1847,político,España
http://www.wikidata.org/entity/Q28733295,calle de Palafox,http://www.wikidata.org/entity/Q332481,José Rebolledo de Palafox y Melzi,"I Duque de Zaragoza, héroe de los sitios de Zaragoza",masculino,1775,1847,líder militar,España
http://www.wikidata.org/entity/Q30816733,calle de Pavía,http://www.wikidata.org/entity/Q63468,batalla de Pavía,"enfrentamiento militar ocurrido en 1525 en Italia, entre las fuerzas del rey francés Francisco I y las tropas del emperador Carlos V",,,,,
http://www.wikidata.org/entity/Q29023921,calle de Pedro Muguruza,http://www.wikidata.org/entity/Q3374095,Pedro Muguruza,arquitecto español,masculino,1893,1952,arquitecto,España
http://www.wikidata.org/entity/Q29023921,calle de Pedro Muguruza,http://www.wikidata.org/entity/Q3374095,Pedro Muguruza,arquitecto español,masculino,1893,1952,político,España
http://www.wikidata.org/entity/Q28916914,calle de Pedro Muñoz Seca,http://www.wikidata.org/entity/Q3322907,Pedro Muñoz Seca,escritor español (1879-1936),masculino,1879,1936,escritor,España
http://www.wikidata.org/entity/Q28916914,calle de Pedro Muñoz Seca,http://www.wikidata.org/entity/Q3322907,Pedro Muñoz Seca,escritor español (1879-1936),masculino,1879,1936,dramaturgo,España
http://www.wikidata.org/entity/Q56427389,calle de Pedro Rico,http://www.wikidata.org/entity/Q3774291,Pedro Rico López,"abogado y político español, antiguo alcalde de Madrid.",masculino,1888,1957,abogado,España
http://www.wikidata.org/entity/Q56427389,calle de Pedro Rico,http://www.wikidata.org/entity/Q3774291,Pedro Rico López,"abogado y político español, antiguo alcalde de Madrid.",masculino,1888,1957,político,España
http://www.wikidata.org/entity/Q28059081,calle de Pedro de Valdivia,http://www.wikidata.org/entity/Q203534,Pedro de Valdivia,"conquistador español, primer gobernador de Chile",masculino,1497,1554,político,Corona de Castilla
http://www.wikidata.org/entity/Q28059081,calle de Pedro de Valdivia,http://www.wikidata.org/entity/Q203534,Pedro de Valdivia,"conquistador español, primer gobernador de Chile",masculino,1497,1554,conquistador,Corona de Castilla
http://www.wikidata.org/entity/Q28059081,calle de Pedro de Valdivia,http://www.wikidata.org/entity/Q203534,Pedro de Valdivia,"conquistador español, primer gobernador de Chile",masculino,1497,1554,explorador,Corona de Castilla
http://www.wikidata.org/entity/Q27193723,calle de Pelayo,http://www.wikidata.org/entity/Q14655,Pelayo,rey de Asturias,masculino,685,737,guerrero,reino de Asturias
http://www.wikidata.org/entity/Q27193723,calle de Pelayo,http://www.wikidata.org/entity/Q14655,Pelayo,rey de Asturias,masculino,685,737,aristócrata,reino de Asturias
http://www.wikidata.org/entity/Q27193723,calle de Pelayo,http://www.wikidata.org/entity/Q14655,Pelayo,rey de Asturias,masculino,685,737,guerrero,Reino de Galicia
http://www.wikidata.org/entity/Q27193723,calle de Pelayo,http://www.wikidata.org/entity/Q14655,Pelayo,rey de Asturias,masculino,685,737,aristócrata,Reino de Galicia
http://www.wikidata.org/entity/Q26737707,calle de Ponzano,http://www.wikidata.org/entity/Q1588564,Ponciano Ponzano,escultor y dibujante español (1813-1877),masculino,1813,1877,escultor,España
http://www.wikidata.org/entity/Q26737707,calle de Ponzano,http://www.wikidata.org/entity/Q1588564,Ponciano Ponzano,escultor y dibujante español (1813-1877),masculino,1813,1877,escultor,España
http://www.wikidata.org/entity/Q26737707,calle de Ponzano,http://www.wikidata.org/entity/Q1588564,Ponciano Ponzano,escultor y dibujante español (1813-1877),masculino,1813,1877,dibujante,España
http://www.wikidata.org/entity/Q26737707,calle de Ponzano,http://www.wikidata.org/entity/Q1588564,Ponciano Ponzano,escultor y dibujante español (1813-1877),masculino,1813,1877,dibujante,España
http://www.wikidata.org/entity/Q28916366,calle de Prim,http://www.wikidata.org/entity/Q379787,Juan Prim,presidente del Consejo de ministros y capitán general de los ejércitos nacionales de España (1814-1870),masculino,1814,1870,militar,España
http://www.wikidata.org/entity/Q28916366,calle de Prim,http://www.wikidata.org/entity/Q379787,Juan Prim,presidente del Consejo de ministros y capitán general de los ejércitos nacionales de España (1814-1870),masculino,1814,1870,político,España
http://www.wikidata.org/entity/Q28916366,calle de Prim,http://www.wikidata.org/entity/Q379787,Juan Prim,presidente del Consejo de ministros y capitán general de los ejércitos nacionales de España (1814-1870),masculino,1814,1870,oficial militar,España
http://www.wikidata.org/entity/Q28916366,calle de Prim,http://www.wikidata.org/entity/Q379787,Juan Prim,presidente del Consejo de ministros y capitán general de los ejércitos nacionales de España (1814-1870),masculino,1814,1870,soldado,España
http://www.wikidata.org/entity/Q24944176,calle de Pérez Galdós,http://www.wikidata.org/entity/Q189869,Benito Pérez Galdós,escritor español (1843-1920),masculino,1843,1920,escritor,España
http://www.wikidata.org/entity/Q24944176,calle de Pérez Galdós,http://www.wikidata.org/entity/Q189869,Benito Pérez Galdós,escritor español (1843-1920),masculino,1843,1920,poeta,España
http://www.wikidata.org/entity/Q24944176,calle de Pérez Galdós,http://www.wikidata.org/entity/Q189869,Benito Pérez Galdós,escritor español (1843-1920),masculino,1843,1920,político,España
http://www.wikidata.org/entity/Q24944176,calle de Pérez Galdós,http://www.wikidata.org/entity/Q189869,Benito Pérez Galdós,escritor español (1843-1920),masculino,1843,1920,dramaturgo,España
http://www.wikidata.org/entity/Q24944176,calle de Pérez Galdós,http://www.wikidata.org/entity/Q189869,Benito Pérez Galdós,escritor español (1843-1920),masculino,1843,1920,periodista,España
http://www.wikidata.org/entity/Q24944176,calle de Pérez Galdós,http://www.wikidata.org/entity/Q189869,Benito Pérez Galdós,escritor español (1843-1920),masculino,1843,1920,novelista,España
http://www.wikidata.org/entity/Q19798936,calle de Quevedo,http://www.wikidata.org/entity/Q201315,Francisco de Quevedo,escritor español del Siglo de Oro,masculino,1584,1645,escritor,España
http://www.wikidata.org/entity/Q19798936,calle de Quevedo,http://www.wikidata.org/entity/Q201315,Francisco de Quevedo,escritor español del Siglo de Oro,masculino,1584,1645,poeta,España
http://www.wikidata.org/entity/Q19798936,calle de Quevedo,http://www.wikidata.org/entity/Q201315,Francisco de Quevedo,escritor español del Siglo de Oro,masculino,1584,1645,novelista,España
http://www.wikidata.org/entity/Q28016208,calle de Quintana,http://www.wikidata.org/entity/Q380792,Manuel José Quintana,poeta español,masculino,1772,1857,escritor,España
http://www.wikidata.org/entity/Q28016208,calle de Quintana,http://www.wikidata.org/entity/Q380792,Manuel José Quintana,poeta español,masculino,1772,1857,poeta,España
http://www.wikidata.org/entity/Q28016208,calle de Quintana,http://www.wikidata.org/entity/Q380792,Manuel José Quintana,poeta español,masculino,1772,1857,político,España
http://www.wikidata.org/entity/Q28527132,calle de Rafael Calvo,http://www.wikidata.org/entity/Q6097100,Rafael Calvo Revilla,actor de teatro español,masculino,1842,1888,actor de teatro,España
http://www.wikidata.org/entity/Q27430115,calle de Rafael de Riego,http://www.wikidata.org/entity/Q203036,Rafael del Riego,militar y político español,masculino,1784,1823,militar,España
http://www.wikidata.org/entity/Q27430115,calle de Rafael de Riego,http://www.wikidata.org/entity/Q203036,Rafael del Riego,militar y político español,masculino,1784,1823,político,España
http://www.wikidata.org/entity/Q27430115,calle de Rafael de Riego,http://www.wikidata.org/entity/Q203036,Rafael del Riego,militar y político español,masculino,1784,1823,oficial militar,España
http://www.wikidata.org/entity/Q26741180,calle de Raimundo Fernández Villaverde,http://www.wikidata.org/entity/Q959509,Raimundo Fernández Villaverde,político español (1848–1905),masculino,1848,1905,político,España
http://www.wikidata.org/entity/Q26741180,calle de Raimundo Fernández Villaverde,http://www.wikidata.org/entity/Q959509,Raimundo Fernández Villaverde,político español (1848–1905),masculino,1848,1905,ministro,España
http://www.wikidata.org/entity/Q28538784,calle de Raimundo Lulio,http://www.wikidata.org/entity/Q193660,Raimundo Lulio,"filósofo, poeta, místico, teólogo y misionero español",masculino,1232,1316,escritor,Reino de Mallorca
http://www.wikidata.org/entity/Q28538784,calle de Raimundo Lulio,http://www.wikidata.org/entity/Q193660,Raimundo Lulio,"filósofo, poeta, místico, teólogo y misionero español",masculino,1232,1316,poeta,Reino de Mallorca
http://www.wikidata.org/entity/Q28538784,calle de Raimundo Lulio,http://www.wikidata.org/entity/Q193660,Raimundo Lulio,"filósofo, poeta, místico, teólogo y misionero español",masculino,1232,1316,astrólogo,Reino de Mallorca
http://www.wikidata.org/entity/Q28538784,calle de Raimundo Lulio,http://www.wikidata.org/entity/Q193660,Raimundo Lulio,"filósofo, poeta, místico, teólogo y misionero español",masculino,1232,1316,misionero,Reino de Mallorca
http://www.wikidata.org/entity/Q28538784,calle de Raimundo Lulio,http://www.wikidata.org/entity/Q193660,Raimundo Lulio,"filósofo, poeta, místico, teólogo y misionero español",masculino,1232,1316,teólogo,Reino de Mallorca
http://www.wikidata.org/entity/Q28538784,calle de Raimundo Lulio,http://www.wikidata.org/entity/Q193660,Raimundo Lulio,"filósofo, poeta, místico, teólogo y misionero español",masculino,1232,1316,clérigo,Reino de Mallorca
http://www.wikidata.org/entity/Q28538784,calle de Raimundo Lulio,http://www.wikidata.org/entity/Q193660,Raimundo Lulio,"filósofo, poeta, místico, teólogo y misionero español",masculino,1232,1316,filósofo,Reino de Mallorca
http://www.wikidata.org/entity/Q28538784,calle de Raimundo Lulio,http://www.wikidata.org/entity/Q193660,Raimundo Lulio,"filósofo, poeta, místico, teólogo y misionero español",masculino,1232,1316,novelista,Reino de Mallorca
http://www.wikidata.org/entity/Q28041805,calle de Ramiro II,http://www.wikidata.org/entity/Q225113,Ramiro II de León,rey de León,masculino,898,951,político,Reino de León
http://www.wikidata.org/entity/Q26833477,calle de Ramiro de Maeztu,http://www.wikidata.org/entity/Q1340223,Ramiro de Maeztu,"ensayista, novelista y político español",masculino,1874,1936,escritor,España
http://www.wikidata.org/entity/Q26833477,calle de Ramiro de Maeztu,http://www.wikidata.org/entity/Q1340223,Ramiro de Maeztu,"ensayista, novelista y político español",masculino,1874,1936,poeta,España
http://www.wikidata.org/entity/Q26833477,calle de Ramiro de Maeztu,http://www.wikidata.org/entity/Q1340223,Ramiro de Maeztu,"ensayista, novelista y político español",masculino,1874,1936,político,España
http://www.wikidata.org/entity/Q26833477,calle de Ramiro de Maeztu,http://www.wikidata.org/entity/Q1340223,Ramiro de Maeztu,"ensayista, novelista y político español",masculino,1874,1936,diplomático,España
http://www.wikidata.org/entity/Q26833477,calle de Ramiro de Maeztu,http://www.wikidata.org/entity/Q1340223,Ramiro de Maeztu,"ensayista, novelista y político español",masculino,1874,1936,periodista,España
http://www.wikidata.org/entity/Q26833477,calle de Ramiro de Maeztu,http://www.wikidata.org/entity/Q1340223,Ramiro de Maeztu,"ensayista, novelista y político español",masculino,1874,1936,crítico literario,España
http://www.wikidata.org/entity/Q28940870,calle de Ramos Carrión,http://www.wikidata.org/entity/Q5253445,Miguel Ramos Carrión,"dramaturgo, periodista y humorista español",masculino,1848,1915,escritor,España
http://www.wikidata.org/entity/Q28940870,calle de Ramos Carrión,http://www.wikidata.org/entity/Q5253445,Miguel Ramos Carrión,"dramaturgo, periodista y humorista español",masculino,1848,1915,dramaturgo,España
http://www.wikidata.org/entity/Q28940870,calle de Ramos Carrión,http://www.wikidata.org/entity/Q5253445,Miguel Ramos Carrión,"dramaturgo, periodista y humorista español",masculino,1848,1915,periodista,España
http://www.wikidata.org/entity/Q28940870,calle de Ramos Carrión,http://www.wikidata.org/entity/Q5253445,Miguel Ramos Carrión,"dramaturgo, periodista y humorista español",masculino,1848,1915,libretista,España
http://www.wikidata.org/entity/Q29833222,calle de Ricardo León,http://www.wikidata.org/entity/Q6108283,Ricardo León,escritor español,masculino,1877,1943,escritor,España
http://www.wikidata.org/entity/Q29833222,calle de Ricardo León,http://www.wikidata.org/entity/Q6108283,Ricardo León,escritor español,masculino,1877,1943,poeta,España
http://www.wikidata.org/entity/Q29833222,calle de Ricardo León,http://www.wikidata.org/entity/Q6108283,Ricardo León,escritor español,masculino,1877,1943,periodista,España
http://www.wikidata.org/entity/Q29833222,calle de Ricardo León,http://www.wikidata.org/entity/Q6108283,Ricardo León,escritor español,masculino,1877,1943,novelista,España
http://www.wikidata.org/entity/Q29203861,calle de Rodríguez Marín,http://www.wikidata.org/entity/Q556648,Francisco Rodríguez Marín,"poeta, folclorista, paremiólogo, lexicólogo y cervantista español (1855-1943)",masculino,1855,1943,escritor,España
http://www.wikidata.org/entity/Q29203861,calle de Rodríguez Marín,http://www.wikidata.org/entity/Q556648,Francisco Rodríguez Marín,"poeta, folclorista, paremiólogo, lexicólogo y cervantista español (1855-1943)",masculino,1855,1943,abogado,España
http://www.wikidata.org/entity/Q29203861,calle de Rodríguez Marín,http://www.wikidata.org/entity/Q556648,Francisco Rodríguez Marín,"poeta, folclorista, paremiólogo, lexicólogo y cervantista español (1855-1943)",masculino,1855,1943,poeta,España
http://www.wikidata.org/entity/Q29203861,calle de Rodríguez Marín,http://www.wikidata.org/entity/Q556648,Francisco Rodríguez Marín,"poeta, folclorista, paremiólogo, lexicólogo y cervantista español (1855-1943)",masculino,1855,1943,político,España
http://www.wikidata.org/entity/Q29203861,calle de Rodríguez Marín,http://www.wikidata.org/entity/Q556648,Francisco Rodríguez Marín,"poeta, folclorista, paremiólogo, lexicólogo y cervantista español (1855-1943)",masculino,1855,1943,etnólogo,España
http://www.wikidata.org/entity/Q29203861,calle de Rodríguez Marín,http://www.wikidata.org/entity/Q556648,Francisco Rodríguez Marín,"poeta, folclorista, paremiólogo, lexicólogo y cervantista español (1855-1943)",masculino,1855,1943,periodista,España
http://www.wikidata.org/entity/Q29203861,calle de Rodríguez Marín,http://www.wikidata.org/entity/Q556648,Francisco Rodríguez Marín,"poeta, folclorista, paremiólogo, lexicólogo y cervantista español (1855-1943)",masculino,1855,1943,romanista,España
http://www.wikidata.org/entity/Q29203861,calle de Rodríguez Marín,http://www.wikidata.org/entity/Q556648,Francisco Rodríguez Marín,"poeta, folclorista, paremiólogo, lexicólogo y cervantista español (1855-1943)",masculino,1855,1943,folclorista,España
http://www.wikidata.org/entity/Q29203861,calle de Rodríguez Marín,http://www.wikidata.org/entity/Q556648,Francisco Rodríguez Marín,"poeta, folclorista, paremiólogo, lexicólogo y cervantista español (1855-1943)",masculino,1855,1943,filólogo,España
http://www.wikidata.org/entity/Q29203861,calle de Rodríguez Marín,http://www.wikidata.org/entity/Q556648,Francisco Rodríguez Marín,"poeta, folclorista, paremiólogo, lexicólogo y cervantista español (1855-1943)",masculino,1855,1943,lexicógrafo,España
http://www.wikidata.org/entity/Q27031515,calle de Rodríguez San Pedro,http://www.wikidata.org/entity/Q3821801,Faustino Rodríguez-San Pedro,político español,masculino,1833,1925,abogado,España
http://www.wikidata.org/entity/Q27031515,calle de Rodríguez San Pedro,http://www.wikidata.org/entity/Q3821801,Faustino Rodríguez-San Pedro,político español,masculino,1833,1925,político,España
http://www.wikidata.org/entity/Q27031515,calle de Rodríguez San Pedro,http://www.wikidata.org/entity/Q3821801,Faustino Rodríguez-San Pedro,político español,masculino,1833,1925,jurista,España
http://www.wikidata.org/entity/Q27031515,calle de Rodríguez San Pedro,http://www.wikidata.org/entity/Q3821801,Faustino Rodríguez-San Pedro,político español,masculino,1833,1925,diplomático,España
http://www.wikidata.org/entity/Q118712204,calle de Roma,http://www.wikidata.org/entity/Q220,Roma,capital de Italia,,,,,
http://www.wikidata.org/entity/Q27245488,calle de Romero Robledo,http://www.wikidata.org/entity/Q2370852,Francisco Romero Robledo,político español (1838-1906),masculino,1838,1906,político,España
http://www.wikidata.org/entity/Q29055028,calle de Rosario Pino,http://www.wikidata.org/entity/Q6112403,Rosario Pino,actriz de teatro y cine española,femenino,1871,1933,actor de teatro,España
http://www.wikidata.org/entity/Q29055028,calle de Rosario Pino,http://www.wikidata.org/entity/Q6112403,Rosario Pino,actriz de teatro y cine española,femenino,1871,1933,actor de cine,España
http://www.wikidata.org/entity/Q28029239,calle de Ruiz,http://www.wikidata.org/entity/Q5924229,Jacinto Ruiz y Mendoza,militar español,masculino,1779,1809,militar,España
http://www.wikidata.org/entity/Q27267331,calle de Ríos Rosas,http://www.wikidata.org/entity/Q2893913,Antonio de los Ríos Rosas,jurista y político español,masculino,1812,1873,político,España
http://www.wikidata.org/entity/Q27267331,calle de Ríos Rosas,http://www.wikidata.org/entity/Q2893913,Antonio de los Ríos Rosas,jurista y político español,masculino,1812,1873,jurista,España
http://www.wikidata.org/entity/Q27267331,calle de Ríos Rosas,http://www.wikidata.org/entity/Q2893913,Antonio de los Ríos Rosas,jurista y político español,masculino,1812,1873,diplomático,España
http://www.wikidata.org/entity/Q26810966,calle de Sagasta,http://www.wikidata.org/entity/Q379779,Práxedes Mateo Sagasta,político español (1825-1903),masculino,1825,1903,ingeniero,España
http://www.wikidata.org/entity/Q26810966,calle de Sagasta,http://www.wikidata.org/entity/Q379779,Práxedes Mateo Sagasta,político español (1825-1903),masculino,1825,1903,político,España
http://www.wikidata.org/entity/Q26810966,calle de Sagasta,http://www.wikidata.org/entity/Q379779,Práxedes Mateo Sagasta,político español (1825-1903),masculino,1825,1903,ingeniero civil,España
http://www.wikidata.org/entity/Q28539387,calle de Sagunto,http://www.wikidata.org/entity/Q815210,sitio de Sagunto,"219 BCE battle between the Carthaginians and the Saguntines in the Roman-allied town of Saguntum (in modern-day Sagunto, Spain), triggering the Second Punic War",,,,,
http://www.wikidata.org/entity/Q28065087,calle de Salas,http://www.wikidata.org/entity/Q59155375,Francisco Salas,bajo operístico español (1812-1875),masculino,1812,1875,actor,España
http://www.wikidata.org/entity/Q28065087,calle de Salas,http://www.wikidata.org/entity/Q59155375,Francisco Salas,bajo operístico español (1812-1875),masculino,1812,1875,compositor,España
http://www.wikidata.org/entity/Q28065087,calle de Salas,http://www.wikidata.org/entity/Q59155375,Francisco Salas,bajo operístico español (1812-1875),masculino,1812,1875,empresario,España
http://www.wikidata.org/entity/Q28065087,calle de Salas,http://www.wikidata.org/entity/Q59155375,Francisco Salas,bajo operístico español (1812-1875),masculino,1812,1875,cantante de ópera,España
http://www.wikidata.org/entity/Q29582299,calle de Salustiano Olózaga,http://www.wikidata.org/entity/Q959518,Salustiano Olózaga,"político, abogado y escritor español",masculino,1805,1873,escritor,España
http://www.wikidata.org/entity/Q29582299,calle de Salustiano Olózaga,http://www.wikidata.org/entity/Q959518,Salustiano Olózaga,"político, abogado y escritor español",masculino,1805,1873,abogado,España
http://www.wikidata.org/entity/Q29582299,calle de Salustiano Olózaga,http://www.wikidata.org/entity/Q959518,Salustiano Olózaga,"político, abogado y escritor español",masculino,1805,1873,militar,España
http://www.wikidata.org/entity/Q29582299,calle de Salustiano Olózaga,http://www.wikidata.org/entity/Q959518,Salustiano Olózaga,"político, abogado y escritor español",masculino,1805,1873,político,España
http://www.wikidata.org/entity/Q29582299,calle de Salustiano Olózaga,http://www.wikidata.org/entity/Q959518,Salustiano Olózaga,"político, abogado y escritor español",masculino,1805,1873,diplomático,España
http://www.wikidata.org/entity/Q29582299,calle de Salustiano Olózaga,http://www.wikidata.org/entity/Q959518,Salustiano Olózaga,"político, abogado y escritor español",masculino,1805,1873,filósofo,España
http://www.wikidata.org/entity/Q27166315,calle de San Andrés,http://www.wikidata.org/entity/Q43399,Andrés el Apóstol,apóstol de Jesús,masculino,-5,60,misionero,Antigua Roma
http://www.wikidata.org/entity/Q27166315,calle de San Andrés,http://www.wikidata.org/entity/Q43399,Andrés el Apóstol,apóstol de Jesús,masculino,-5,60,pescador,Antigua Roma
http://www.wikidata.org/entity/Q27166315,calle de San Andrés,http://www.wikidata.org/entity/Q43399,Andrés el Apóstol,apóstol de Jesús,masculino,-5,60,predicador,Antigua Roma
http://www.wikidata.org/entity/Q5740864,calle de San Bernardo,http://www.wikidata.org/entity/Q188411,Bernardo de Claraval,santo católico y monje cisterciense francés,masculino,1091,1153,escritor,Reino de Francia
http://www.wikidata.org/entity/Q5740864,calle de San Bernardo,http://www.wikidata.org/entity/Q188411,Bernardo de Claraval,santo católico y monje cisterciense francés,masculino,1091,1153,teólogo,Reino de Francia
http://www.wikidata.org/entity/Q5740864,calle de San Bernardo,http://www.wikidata.org/entity/Q188411,Bernardo de Claraval,santo católico y monje cisterciense francés,masculino,1091,1153,religioso cristiano,Reino de Francia
http://www.wikidata.org/entity/Q5740864,calle de San Bernardo,http://www.wikidata.org/entity/Q188411,Bernardo de Claraval,santo católico y monje cisterciense francés,masculino,1091,1153,religioso,Reino de Francia
http://www.wikidata.org/entity/Q5740864,calle de San Bernardo,http://www.wikidata.org/entity/Q188411,Bernardo de Claraval,santo católico y monje cisterciense francés,masculino,1091,1153,filósofo,Reino de Francia
http://www.wikidata.org/entity/Q5740864,calle de San Bernardo,http://www.wikidata.org/entity/Q188411,Bernardo de Claraval,santo católico y monje cisterciense francés,masculino,1091,1153,místico,Reino de Francia
http://www.wikidata.org/entity/Q5740864,calle de San Bernardo,http://www.wikidata.org/entity/Q188411,Bernardo de Claraval,santo católico y monje cisterciense francés,masculino,1091,1153,escritor de himnos,Reino de Francia
http://www.wikidata.org/entity/Q46194997,calle de San Joaquín,http://www.wikidata.org/entity/Q314700,San Joaquín,padre de la Virgen María,masculino,-99,-9,ovejero,Antigua Roma
http://www.wikidata.org/entity/Q46198964,calle de San Lorenzo,http://www.wikidata.org/entity/Q17590,Lorenzo de Roma,"diácono romano, mártir y santo de la Iglesia católica",masculino,225,258,diácono católico,Antigua Roma
http://www.wikidata.org/entity/Q24532121,calle de San Mateo,http://www.wikidata.org/entity/Q43600,San Mateo,apóstol de Jesús y evangelista,masculino,10,74,publicano,
http://www.wikidata.org/entity/Q24532121,calle de San Mateo,http://www.wikidata.org/entity/Q43600,San Mateo,apóstol de Jesús y evangelista,masculino,10,74,presbítero,
http://www.wikidata.org/entity/Q24532121,calle de San Mateo,http://www.wikidata.org/entity/Q43600,San Mateo,apóstol de Jesús y evangelista,masculino,10,74,recaudador de impuestos,
http://www.wikidata.org/entity/Q54911757,calle de San Pedro,http://www.wikidata.org/entity/Q33923,Pedro,apóstol de Jesús y primer papa según la tradición católica,masculino,0,65,pescador,
http://www.wikidata.org/entity/Q54911757,calle de San Pedro,http://www.wikidata.org/entity/Q33923,Pedro,apóstol de Jesús y primer papa según la tradición católica,masculino,0,65,obispo católico,
http://www.wikidata.org/entity/Q54911757,calle de San Pedro,http://www.wikidata.org/entity/Q33923,Pedro,apóstol de Jesús y primer papa según la tradición católica,masculino,0,65,presbítero,
http://www.wikidata.org/entity/Q28033123,calle de San Pedro Mártir,http://www.wikidata.org/entity/Q5785797,Convento de San Pedro Mártir,"convento católico en Toledo, España.",,,,,
http://www.wikidata.org/entity/Q30819000,calle de San Quintín,http://www.wikidata.org/entity/Q2066129,batalla de San Quintín,batalla (1557),,,,,
http://www.wikidata.org/entity/Q27165938,calle de San Vicente Ferrer,http://www.wikidata.org/entity/Q317131,Vicente Ferrer,santo católico dominico español,masculino,1350,1419,escritor,Reino de Valencia
http://www.wikidata.org/entity/Q27165938,calle de San Vicente Ferrer,http://www.wikidata.org/entity/Q317131,Vicente Ferrer,santo católico dominico español,masculino,1350,1419,misionero,Reino de Valencia
http://www.wikidata.org/entity/Q27165938,calle de San Vicente Ferrer,http://www.wikidata.org/entity/Q317131,Vicente Ferrer,santo católico dominico español,masculino,1350,1419,sacerdote católico,Reino de Valencia
http://www.wikidata.org/entity/Q27165938,calle de San Vicente Ferrer,http://www.wikidata.org/entity/Q317131,Vicente Ferrer,santo católico dominico español,masculino,1350,1419,fraile,Reino de Valencia
http://www.wikidata.org/entity/Q28029264,calle de Sandoval,http://www.wikidata.org/entity/Q3130411,Prudencio de Sandoval,obispo e historiador español,masculino,1551,1620,historiador,España
http://www.wikidata.org/entity/Q28029264,calle de Sandoval,http://www.wikidata.org/entity/Q3130411,Prudencio de Sandoval,obispo e historiador español,masculino,1551,1620,sacerdote católico,España
http://www.wikidata.org/entity/Q28029264,calle de Sandoval,http://www.wikidata.org/entity/Q3130411,Prudencio de Sandoval,obispo e historiador español,masculino,1551,1620,obispo católico,España
http://www.wikidata.org/entity/Q27525845,calle de Santa Brígida,http://www.wikidata.org/entity/Q204996,Brígida de Suecia,religiosa sueca,femenino,1303,1373,escritor,Suecia
http://www.wikidata.org/entity/Q27525845,calle de Santa Brígida,http://www.wikidata.org/entity/Q204996,Brígida de Suecia,religiosa sueca,femenino,1303,1373,político,Suecia
http://www.wikidata.org/entity/Q27525845,calle de Santa Brígida,http://www.wikidata.org/entity/Q204996,Brígida de Suecia,religiosa sueca,femenino,1303,1373,teólogo,Suecia
http://www.wikidata.org/entity/Q27525845,calle de Santa Brígida,http://www.wikidata.org/entity/Q204996,Brígida de Suecia,religiosa sueca,femenino,1303,1373,filósofo,Suecia
http://www.wikidata.org/entity/Q27525845,calle de Santa Brígida,http://www.wikidata.org/entity/Q204996,Brígida de Suecia,religiosa sueca,femenino,1303,1373,memorialista,Suecia
http://www.wikidata.org/entity/Q27525845,calle de Santa Brígida,http://www.wikidata.org/entity/Q204996,Brígida de Suecia,religiosa sueca,femenino,1303,1373,místico,Suecia
http://www.wikidata.org/entity/Q28525867,calle de Santa Teresa,http://www.wikidata.org/entity/Q110146667,convento de Santa Teresa de Jesús,convento de Madrid,,,,,
http://www.wikidata.org/entity/Q29648920,calle de Santander,http://www.wikidata.org/entity/Q12233,Santander,"municipio capital de Cantabria, España",,,,,
http://www.wikidata.org/entity/Q28375358,calle de Santiago Bernabéu,http://www.wikidata.org/entity/Q223156,Santiago Bernabéu,futbolista español,masculino,1895,1978,jurista,España
http://www.wikidata.org/entity/Q28375358,calle de Santiago Bernabéu,http://www.wikidata.org/entity/Q223156,Santiago Bernabéu,futbolista español,masculino,1895,1978,entrenador,España
http://www.wikidata.org/entity/Q28375358,calle de Santiago Bernabéu,http://www.wikidata.org/entity/Q223156,Santiago Bernabéu,futbolista español,masculino,1895,1978,futbolista,España
http://www.wikidata.org/entity/Q28375358,calle de Santiago Bernabéu,http://www.wikidata.org/entity/Q223156,Santiago Bernabéu,futbolista español,masculino,1895,1978,dirigente deportivo,España
http://www.wikidata.org/entity/Q28593693,calle de Santísima Trinidad,http://www.wikidata.org/entity/Q615189,Santísima Trinidad,navío de guerra español botado en 1769 y perdido en la batalla de Trafalgar,,,,,
http://www.wikidata.org/entity/Q55899017,calle de Saturnino Calleja,http://www.wikidata.org/entity/Q6122084,Saturnino Calleja,"editor, pedagogo y escritor español",masculino,1853,1915,escritor,España
http://www.wikidata.org/entity/Q55899017,calle de Saturnino Calleja,http://www.wikidata.org/entity/Q6122084,Saturnino Calleja,"editor, pedagogo y escritor español",masculino,1853,1915,empresario,España
http://www.wikidata.org/entity/Q55899017,calle de Saturnino Calleja,http://www.wikidata.org/entity/Q6122084,Saturnino Calleja,"editor, pedagogo y escritor español",masculino,1853,1915,traductor,España
http://www.wikidata.org/entity/Q55899017,calle de Saturnino Calleja,http://www.wikidata.org/entity/Q6122084,Saturnino Calleja,"editor, pedagogo y escritor español",masculino,1853,1915,editor,España
http://www.wikidata.org/entity/Q55899017,calle de Saturnino Calleja,http://www.wikidata.org/entity/Q6122084,Saturnino Calleja,"editor, pedagogo y escritor español",masculino,1853,1915,periodista,España
http://www.wikidata.org/entity/Q8255505,calle de Segovia,http://www.wikidata.org/entity/Q15684,Segovia,"municipio de la provincia de Segovia, Castilla y León, España",,,,,
http://www.wikidata.org/entity/Q5740879,calle de Serrano,http://www.wikidata.org/entity/Q515741,Francisco Serrano y Domínguez,político y militar español (1810-1885),masculino,1810,1885,militar,España
http://www.wikidata.org/entity/Q5740879,calle de Serrano,http://www.wikidata.org/entity/Q515741,Francisco Serrano y Domínguez,político y militar español (1810-1885),masculino,1810,1885,militar,España
http://www.wikidata.org/entity/Q5740879,calle de Serrano,http://www.wikidata.org/entity/Q515741,Francisco Serrano y Domínguez,político y militar español (1810-1885),masculino,1810,1885,político,España
http://www.wikidata.org/entity/Q5740879,calle de Serrano,http://www.wikidata.org/entity/Q515741,Francisco Serrano y Domínguez,político y militar español (1810-1885),masculino,1810,1885,político,España
http://www.wikidata.org/entity/Q5740879,calle de Serrano,http://www.wikidata.org/entity/Q515741,Francisco Serrano y Domínguez,político y militar español (1810-1885),masculino,1810,1885,diplomático,España
http://www.wikidata.org/entity/Q5740879,calle de Serrano,http://www.wikidata.org/entity/Q515741,Francisco Serrano y Domínguez,político y militar español (1810-1885),masculino,1810,1885,diplomático,España
http://www.wikidata.org/entity/Q28028455,calle de Serrano Anguita,http://www.wikidata.org/entity/Q5867463,Francisco Serrano Anguita,periodista y dramaturgo español,masculino,1887,1968,escritor,España
http://www.wikidata.org/entity/Q28028455,calle de Serrano Anguita,http://www.wikidata.org/entity/Q5867463,Francisco Serrano Anguita,periodista y dramaturgo español,masculino,1887,1968,dramaturgo,España
http://www.wikidata.org/entity/Q28028455,calle de Serrano Anguita,http://www.wikidata.org/entity/Q5867463,Francisco Serrano Anguita,periodista y dramaturgo español,masculino,1887,1968,periodista,España
http://www.wikidata.org/entity/Q29405102,calle de Soledad Cazorla,http://www.wikidata.org/entity/Q19857069,Soledad Cazorla Prieto,primera Fiscal de Sala contra la Violencia sobre la Mujer en España,femenino,1955,2015,jurista,España
http://www.wikidata.org/entity/Q21011321,calle de Sor Ángela de la Cruz,http://www.wikidata.org/entity/Q252055,Ángela de la Cruz,religiosa católica española,femenino,1846,1932,monja,España
http://www.wikidata.org/entity/Q27243067,calle de Sotomayor,http://www.wikidata.org/entity/Q1378117,Fernando Álvarez de Sotomayor,artista español,masculino,1875,1960,político,España
http://www.wikidata.org/entity/Q27243067,calle de Sotomayor,http://www.wikidata.org/entity/Q1378117,Fernando Álvarez de Sotomayor,artista español,masculino,1875,1960,pintor,España
http://www.wikidata.org/entity/Q29202471,calle de Suero de Quiñones,http://www.wikidata.org/entity/Q9080408,Suero de Quiñones,noble caballero del Reino de León,masculino,1409,1456,,
http://www.wikidata.org/entity/Q29578550,calle de Sánchez Barcáiztegui,http://www.wikidata.org/entity/Q9093474,Victoriano Sánchez Barcáiztegui,Spanish sailor (1826–1875),masculino,1826,1875,marino,España
http://www.wikidata.org/entity/Q54087402,calle de Tamayo y Baus,http://www.wikidata.org/entity/Q568824,Manuel Tamayo y Baus,dramaturgo español,masculino,1829,1898,escritor,España
http://www.wikidata.org/entity/Q54087402,calle de Tamayo y Baus,http://www.wikidata.org/entity/Q568824,Manuel Tamayo y Baus,dramaturgo español,masculino,1829,1898,bibliotecario,España
http://www.wikidata.org/entity/Q54087402,calle de Tamayo y Baus,http://www.wikidata.org/entity/Q568824,Manuel Tamayo y Baus,dramaturgo español,masculino,1829,1898,dramaturgo,España
http://www.wikidata.org/entity/Q28042629,calle de Teruel,http://www.wikidata.org/entity/Q54955,provincia de Teruel,"provincia de Aragón, España",,,,,
http://www.wikidata.org/entity/Q28946398,calle de Torija,http://www.wikidata.org/entity/Q16585378,Juan de Torija,"arquitecto, tratadista de arquitectura, maestro arquitecto, aparejador de las obras reales y alarife español (1604-1666)",masculino,1604,1666,arquitecto,España
http://www.wikidata.org/entity/Q28024216,calle de Trafalgar,http://www.wikidata.org/entity/Q171416,batalla de Trafalgar,batalla naval del siglo XIX,,,,,
http://www.wikidata.org/entity/Q27345310,calle de Treviño,http://www.wikidata.org/entity/Q2890251,batalla de Treviño,batalla de la Tercera Guerra Carlista,,,,,
http://www.wikidata.org/entity/Q26810468,calle de Valencia,http://www.wikidata.org/entity/Q27038728,Portillo de Valencia,portillo desaparecido de Madrid,,,,,
http://www.wikidata.org/entity/Q27430105,calle de Vara de Rey,http://www.wikidata.org/entity/Q4891771,Joaquín Vara de Rey,militar español,masculino,1841,1898,militar,España
http://www.wikidata.org/entity/Q26812307,calle de Velarde,http://www.wikidata.org/entity/Q718282,Pedro Velarde,militar español (1779-1808),masculino,1779,1808,militar,España
http://www.wikidata.org/entity/Q28016771,calle de Ventura Rodríguez,http://www.wikidata.org/entity/Q2565889,Ventura Rodríguez,arquitecto español,masculino,1717,1785,arquitecto,España
http://www.wikidata.org/entity/Q29004234,calle de Vergara,http://www.wikidata.org/entity/Q2996259,Abrazo de Vergara,convenio que pone fin a la primera guerra carlista en España,,,,,
http://www.wikidata.org/entity/Q29051449,calle de Vigo,http://www.wikidata.org/entity/Q8745,Vigo,"municipio de la provincia de Pontevedra, España",,,,,
http://www.wikidata.org/entity/Q28037199,calle de Villaamil,http://www.wikidata.org/entity/Q5444959,Fernando Villaamil,marino militar español,masculino,1845,1898,político,España
http://www.wikidata.org/entity/Q28037199,calle de Villaamil,http://www.wikidata.org/entity/Q5444959,Fernando Villaamil,marino militar español,masculino,1845,1898,oficial naval,España
http://www.wikidata.org/entity/Q28037199,calle de Villaamil,http://www.wikidata.org/entity/Q5444959,Fernando Villaamil,marino militar español,masculino,1845,1898,explorador,España
http://www.wikidata.org/entity/Q28921542,calle de Villanueva,http://www.wikidata.org/entity/Q2429525,Juan de Villanueva,arquitecto español (1739-1811),masculino,1739,1811,arquitecto,España
http://www.wikidata.org/entity/Q28015653,calle de Viriato,http://www.wikidata.org/entity/Q331889,Viriato,pastor y caudillo militar de la tribu de los lusitanos,masculino,-179,-138,señor de la guerra,
http://www.wikidata.org/entity/Q28015653,calle de Viriato,http://www.wikidata.org/entity/Q331889,Viriato,pastor y caudillo militar de la tribu de los lusitanos,masculino,-179,-138,guerrero,
http://www.wikidata.org/entity/Q54024484,calle de Víctor Hugo,http://www.wikidata.org/entity/Q535,Victor Hugo,"poeta, dramaturgo y novelista romántico francés",masculino,1802,1885,escritor,Francia
http://www.wikidata.org/entity/Q54024484,calle de Víctor Hugo,http://www.wikidata.org/entity/Q535,Victor Hugo,"poeta, dramaturgo y novelista romántico francés",masculino,1802,1885,poeta,Francia
http://www.wikidata.org/entity/Q54024484,calle de Víctor Hugo,http://www.wikidata.org/entity/Q535,Victor Hugo,"poeta, dramaturgo y novelista romántico francés",masculino,1802,1885,político,Francia
http://www.wikidata.org/entity/Q54024484,calle de Víctor Hugo,http://www.wikidata.org/entity/Q535,Victor Hugo,"poeta, dramaturgo y novelista romántico francés",masculino,1802,1885,dramaturgo,Francia
http://www.wikidata.org/entity/Q54024484,calle de Víctor Hugo,http://www.wikidata.org/entity/Q535,Victor Hugo,"poeta, dramaturgo y novelista romántico francés",masculino,1802,1885,autor,Francia
http://www.wikidata.org/entity/Q54024484,calle de Víctor Hugo,http://www.wikidata.org/entity/Q535,Victor Hugo,"poeta, dramaturgo y novelista romántico francés",masculino,1802,1885,ilustrador,Francia
http://www.wikidata.org/entity/Q54024484,calle de Víctor Hugo,http://www.wikidata.org/entity/Q535,Victor Hugo,"poeta, dramaturgo y novelista romántico francés",masculino,1802,1885,historiador del arte,Francia
http://www.wikidata.org/entity/Q54024484,calle de Víctor Hugo,http://www.wikidata.org/entity/Q535,Victor Hugo,"poeta, dramaturgo y novelista romántico francés",masculino,1802,1885,artista gráfico,Francia
http://www.wikidata.org/entity/Q54024484,calle de Víctor Hugo,http://www.wikidata.org/entity/Q535,Victor Hugo,"poeta, dramaturgo y novelista romántico francés",masculino,1802,1885,escritor de viajes,Francia
http://www.wikidata.org/entity/Q54024484,calle de Víctor Hugo,http://www.wikidata.org/entity/Q535,Victor Hugo,"poeta, dramaturgo y novelista romántico francés",masculino,1802,1885,periodista de opinión,Francia
http://www.wikidata.org/entity/Q54024484,calle de Víctor Hugo,http://www.wikidata.org/entity/Q535,Victor Hugo,"poeta, dramaturgo y novelista romántico francés",masculino,1802,1885,novelista,Francia
http://www.wikidata.org/entity/Q54024484,calle de Víctor Hugo,http://www.wikidata.org/entity/Q535,Victor Hugo,"poeta, dramaturgo y novelista romántico francés",masculino,1802,1885,libretista,Francia
http://www.wikidata.org/entity/Q54024484,calle de Víctor Hugo,http://www.wikidata.org/entity/Q535,Victor Hugo,"poeta, dramaturgo y novelista romántico francés",masculino,1802,1885,ensayista,Francia
http://www.wikidata.org/entity/Q54024484,calle de Víctor Hugo,http://www.wikidata.org/entity/Q535,Victor Hugo,"poeta, dramaturgo y novelista romántico francés",masculino,1802,1885,dibujante,Francia
http://www.wikidata.org/entity/Q28976221,calle de Wad-Rás,http://www.wikidata.org/entity/Q2890359,batalla de Wad-Ras,1860 battle,,,,,
http://www.wikidata.org/entity/Q28051307,calle de Zaragoza,http://www.wikidata.org/entity/Q10305,Zaragoza,"capital de la Comunidad Autónoma de Aragón, España",,,,,
http://www.wikidata.org/entity/Q27043742,calle de Zurbano,http://www.wikidata.org/entity/Q3295691,Martín Zurbano,militar español,masculino,1788,1845,militar,España
http://www.wikidata.org/entity/Q28028696,calle de Zurbarán,http://www.wikidata.org/entity/Q209615,Francisco de Zurbarán,pintor español,masculino,1598,1664,pintor,España
http://www.wikidata.org/entity/Q29051010,calle de Zurita,http://www.wikidata.org/entity/Q727313,Jerónimo Zurita,Historiador aragonés,masculino,1512,1580,escritor,Reino de Aragón
http://www.wikidata.org/entity/Q29051010,calle de Zurita,http://www.wikidata.org/entity/Q727313,Jerónimo Zurita,Historiador aragonés,masculino,1512,1580,historiador,Reino de Aragón
http://www.wikidata.org/entity/Q29051010,calle de Zurita,http://www.wikidata.org/entity/Q727313,Jerónimo Zurita,Historiador aragonés,masculino,1512,1580,medievalista,Reino de Aragón
http://www.wikidata.org/entity/Q24527284,calle de la Abada,http://www.wikidata.org/entity/Q16960089,Abada,rinoceronte hembra (?-1588),hembra,,1588,,
http://www.wikidata.org/entity/Q28492284,calle de la Aduana,http://www.wikidata.org/entity/Q7300858,Real Casa de la Aduana,bien de interés cultural,,,,,
http://www.wikidata.org/entity/Q27224202,calle de la Alameda,http://www.wikidata.org/entity/Q3572030,Alameda,grupo de álamos,,,,,
http://www.wikidata.org/entity/Q58318905,calle de la Armada Española,http://www.wikidata.org/entity/Q676404,Armada Española,rama marítima de las Fuerzas Armadas españolas,,,,,
http://www.wikidata.org/entity/Q24666817,calle de la Berenjena,http://www.wikidata.org/entity/Q7540,berenjena,especie de planta,,,,,
http://www.wikidata.org/entity/Q27243798,calle de la Escosura,http://www.wikidata.org/entity/Q573223,Patricio de la Escosura y Morrogh,político y escritor español,masculino,1807,1878,escritor,España
http://www.wikidata.org/entity/Q27243798,calle de la Escosura,http://www.wikidata.org/entity/Q573223,Patricio de la Escosura y Morrogh,político y escritor español,masculino,1807,1878,militar,España
http://www.wikidata.org/entity/Q27243798,calle de la Escosura,http://www.wikidata.org/entity/Q573223,Patricio de la Escosura y Morrogh,político y escritor español,masculino,1807,1878,poeta,España
http://www.wikidata.org/entity/Q27243798,calle de la Escosura,http://www.wikidata.org/entity/Q573223,Patricio de la Escosura y Morrogh,político y escritor español,masculino,1807,1878,político,España
http://www.wikidata.org/entity/Q27243798,calle de la Escosura,http://www.wikidata.org/entity/Q573223,Patricio de la Escosura y Morrogh,político y escritor español,masculino,1807,1878,diplomático,España
http://www.wikidata.org/entity/Q27243798,calle de la Escosura,http://www.wikidata.org/entity/Q573223,Patricio de la Escosura y Morrogh,político y escritor español,masculino,1807,1878,dramaturgo,España
http://www.wikidata.org/entity/Q27243798,calle de la Escosura,http://www.wikidata.org/entity/Q573223,Patricio de la Escosura y Morrogh,político y escritor español,masculino,1807,1878,estadista,España
http://www.wikidata.org/entity/Q27243798,calle de la Escosura,http://www.wikidata.org/entity/Q573223,Patricio de la Escosura y Morrogh,político y escritor español,masculino,1807,1878,periodista,España
http://www.wikidata.org/entity/Q26809719,calle de la Farmacia,http://www.wikidata.org/entity/Q614304,farmacia,ciencia y técnica de preparación y dispensación de medicamentos,,,,,
http://www.wikidata.org/entity/Q29530146,calle de la Filósofa Simone Weil,http://www.wikidata.org/entity/Q157309,Simone Weil,"filósofa, activista social y mística cristiana francesa",femenino,1909,1943,escritor,Francia
http://www.wikidata.org/entity/Q29530146,calle de la Filósofa Simone Weil,http://www.wikidata.org/entity/Q157309,Simone Weil,"filósofa, activista social y mística cristiana francesa",femenino,1909,1943,poeta,Francia
http://www.wikidata.org/entity/Q29530146,calle de la Filósofa Simone Weil,http://www.wikidata.org/entity/Q157309,Simone Weil,"filósofa, activista social y mística cristiana francesa",femenino,1909,1943,traductor,Francia
http://www.wikidata.org/entity/Q29530146,calle de la Filósofa Simone Weil,http://www.wikidata.org/entity/Q157309,Simone Weil,"filósofa, activista social y mística cristiana francesa",femenino,1909,1943,filósofo,Francia
http://www.wikidata.org/entity/Q29530146,calle de la Filósofa Simone Weil,http://www.wikidata.org/entity/Q157309,Simone Weil,"filósofa, activista social y mística cristiana francesa",femenino,1909,1943,profesor de educación secundaria,Francia
http://www.wikidata.org/entity/Q29530146,calle de la Filósofa Simone Weil,http://www.wikidata.org/entity/Q157309,Simone Weil,"filósofa, activista social y mística cristiana francesa",femenino,1909,1943,sindicalista,Francia
http://www.wikidata.org/entity/Q29530146,calle de la Filósofa Simone Weil,http://www.wikidata.org/entity/Q157309,Simone Weil,"filósofa, activista social y mística cristiana francesa",femenino,1909,1943,autobiógrafo,Francia
http://www.wikidata.org/entity/Q29530146,calle de la Filósofa Simone Weil,http://www.wikidata.org/entity/Q157309,Simone Weil,"filósofa, activista social y mística cristiana francesa",femenino,1909,1943,diarista,Francia
http://www.wikidata.org/entity/Q29530146,calle de la Filósofa Simone Weil,http://www.wikidata.org/entity/Q157309,Simone Weil,"filósofa, activista social y mística cristiana francesa",femenino,1909,1943,miembro de la Resistencia francesa,Francia
http://www.wikidata.org/entity/Q123385599,calle de la Independencia,http://www.wikidata.org/entity/Q152499,guerra de la Independencia española,conflicto bélico desarrollado entre 1808 y 1814 en la península ibérica contra la Francia napoleónica,,,,,
http://www.wikidata.org/entity/Q27044192,calle de la Infanta Mercedes,http://www.wikidata.org/entity/Q218879,María de las Mercedes de Orleans,Reina consorte de España (1878-1878),femenino,1860,1878,aristócrata,España
http://www.wikidata.org/entity/Q27044192,calle de la Infanta Mercedes,http://www.wikidata.org/entity/Q218879,María de las Mercedes de Orleans,Reina consorte de España (1878-1878),femenino,1860,1878,consorte,España
http://www.wikidata.org/entity/Q118638350,calle de la Isla de Cuba,http://www.wikidata.org/entity/Q586657,Cuba,isla del mar Caribe,,,,,
http://www.wikidata.org/entity/Q24647167,calle de la Lechuga,http://www.wikidata.org/entity/Q83193,lechuga,especie de plantas,,,,,
http://www.wikidata.org/entity/Q20908829,calle de la Libertad,http://www.wikidata.org/entity/Q2979,libertad,capacidad de un individuo de poder obrar según su propia voluntad,,,,,
http://www.wikidata.org/entity/Q118729735,calle de la Marina Española,http://www.wikidata.org/entity/Q676404,Armada Española,rama marítima de las Fuerzas Armadas españolas,,,,,
http://www.wikidata.org/entity/Q29529808,calle de la Pintora Ángeles Santos,http://www.wikidata.org/entity/Q2574020,Ángeles Santos Torroella,pintora surrealista y artista gráfica española,femenino,1911,2013,ilustrador,España
http://www.wikidata.org/entity/Q29529808,calle de la Pintora Ángeles Santos,http://www.wikidata.org/entity/Q2574020,Ángeles Santos Torroella,pintora surrealista y artista gráfica española,femenino,1911,2013,pintor,España
http://www.wikidata.org/entity/Q29529808,calle de la Pintora Ángeles Santos,http://www.wikidata.org/entity/Q2574020,Ángeles Santos Torroella,pintora surrealista y artista gráfica española,femenino,1911,2013,dibujante,España
http://www.wikidata.org/entity/Q29529808,calle de la Pintora Ángeles Santos,http://www.wikidata.org/entity/Q5763007,Cerro Garabitas,montaña de España,,,,,
http://www.wikidata.org/entity/Q5740935,calle de la Princesa,http://www.wikidata.org/entity/Q240267,Isabel de Borbón y Borbón,"infanta de España, 30.ª Princesa de Asturias",femenino,1851,1931,,España
http://www.wikidata.org/entity/Q29001836,calle de la Victoria,http://www.wikidata.org/entity/Q5785667,Convento de la Victoria (Madrid),Madrid,,,,,
http://www.wikidata.org/entity/Q28974057,calle de las Carolinas,http://www.wikidata.org/entity/Q118350,Islas Carolinas,"archipiélago de la Micronesia, en el océano Pacífico",,,,,
http://www.wikidata.org/entity/Q24546100,calle de las Navas de Tolosa,http://www.wikidata.org/entity/Q219697,batalla de Las Navas de Tolosa,batalla acaecida en 1212 entre los ejércitos cristianos de la península ibérica y los ejércitos musulmanes del Imperio almohade en Santa Elena,,,,,
http://www.wikidata.org/entity/Q29793566,calle de los Caídos de la División Azul,http://www.wikidata.org/entity/Q159901,División Azul,división de voluntarios españoles de la Wehrmacht,,,,,
http://www.wikidata.org/entity/Q28007290,calle de los Donados,http://www.wikidata.org/entity/Q16576203,Hospital de Santa Catalina de los Donados,former hospital in Madrid,,,,,
http://www.wikidata.org/entity/Q28058956,calle de los Hermanos Bécquer,http://www.wikidata.org/entity/Q203715,Gustavo Adolfo Bécquer,poeta y narrador español,masculino,1836,1870,escritor,España
http://www.wikidata.org/entity/Q28058956,calle de los Hermanos Bécquer,http://www.wikidata.org/entity/Q203715,Gustavo Adolfo Bécquer,poeta y narrador español,masculino,1836,1870,poeta,España
http://www.wikidata.org/entity/Q28058956,calle de los Hermanos Bécquer,http://www.wikidata.org/entity/Q203715,Gustavo Adolfo Bécquer,poeta y narrador español,masculino,1836,1870,dramaturgo,España
http://www.wikidata.org/entity/Q28058956,calle de los Hermanos Bécquer,http://www.wikidata.org/entity/Q203715,Gustavo Adolfo Bécquer,poeta y narrador español,masculino,1836,1870,narrador,España
http://www.wikidata.org/entity/Q28058956,calle de los Hermanos Bécquer,http://www.wikidata.org/entity/Q203715,Gustavo Adolfo Bécquer,poeta y narrador español,masculino,1836,1870,escritor de cuentos,España
http://www.wikidata.org/entity/Q28058956,calle de los Hermanos Bécquer,http://www.wikidata.org/entity/Q3325495,Valeriano Domínguez Bécquer,ilustrador y pintor español del siglo XIX,masculino,1833,1870,pintor,España
http://www.wikidata.org/entity/Q91446030,calle de los Mártires de Alcalá,http://www.wikidata.org/entity/Q2671799,Justo y Pastor,santos católicos martirizados por los romanos,,,304,,
http://www.wikidata.org/entity/Q29529099,calle de los Picos de Europa,http://www.wikidata.org/entity/Q1141172,Picos de Europa,"macizo de la cordillera Cantábrica, España",,,,,
http://www.wikidata.org/entity/Q20908815,calle de Álvarez Gato,http://www.wikidata.org/entity/Q3810948,Juan Álvarez Gato,poeta español,masculino,1440,1509,poeta,Corona de Castilla
http://www.wikidata.org/entity/Q28966592,calle de Ávila,http://www.wikidata.org/entity/Q15688,Ávila,municipio de España,,,,,
http://www.wikidata.org/entity/Q28070977,calle del Alcalde Sáinz de Baranda,http://www.wikidata.org/entity/Q6070082,Pedro Sainz de Baranda,"político español, corregidor de Madrid",masculino,1775,1855,político,España
http://www.wikidata.org/entity/Q27615104,calle del Almendro,http://www.wikidata.org/entity/Q39918,almendro,árbol caducifolio cuyo fruto es la almendra,,,,,
http://www.wikidata.org/entity/Q29045308,calle del Arquitecto Sánchez Arcas,http://www.wikidata.org/entity/Q3391825,Manuel Sánchez Arcas,arquitecto español,masculino,1897,1970,arquitecto,España
http://www.wikidata.org/entity/Q28045099,calle del Aviador Zorita,http://www.wikidata.org/entity/Q5413306,Demetrio Zorita Alonso,militar español,masculino,1917,1956,militar,España
http://www.wikidata.org/entity/Q29530244,calle del Barco Sinaia,http://www.wikidata.org/entity/Q5484985,Sinaia,buque de vapor francés,,,,,
http://www.wikidata.org/entity/Q28016010,calle del Buen Suceso,http://www.wikidata.org/entity/Q5912701,iglesia del Buen Suceso,"edificio desaparecido de la Puerta del Sol, en Madrid",,,,,
http://www.wikidata.org/entity/Q5740985,calle del Caballero de Gracia,http://www.wikidata.org/entity/Q5924544,Jacobo de Grattis,caballero y sacerdote católico ítalo-español,masculino,1517,1619,sacerdote,
http://www.wikidata.org/entity/Q130244481,calle del Canal de Panamá,http://www.wikidata.org/entity/Q7350,Canal de Panamá,canal navegable artificial entre los océanos Atlántico y Pacífico,,,,,
http://www.wikidata.org/entity/Q27038685,calle del Capitán Blanco Argibay,http://www.wikidata.org/entity/Q16625300,Ricardo Blanco Argibay,"Spanish nationalist military, civil servant who participated in the Spanish Civil War (1915-1938)",masculino,1915,1938,militar,España
http://www.wikidata.org/entity/Q27038685,calle del Capitán Blanco Argibay,http://www.wikidata.org/entity/Q16625300,Ricardo Blanco Argibay,"Spanish nationalist military, civil servant who participated in the Spanish Civil War (1915-1938)",masculino,1915,1938,funcionario,España
http://www.wikidata.org/entity/Q28016841,calle del Cardenal Cisneros,http://www.wikidata.org/entity/Q342392,Francisco Jiménez de Cisneros,"gobernante y cardenal católico español, arzobispo de Toledo",masculino,1436,1517,escritor,España
http://www.wikidata.org/entity/Q28016841,calle del Cardenal Cisneros,http://www.wikidata.org/entity/Q342392,Francisco Jiménez de Cisneros,"gobernante y cardenal católico español, arzobispo de Toledo",masculino,1436,1517,político,España
http://www.wikidata.org/entity/Q28016841,calle del Cardenal Cisneros,http://www.wikidata.org/entity/Q342392,Francisco Jiménez de Cisneros,"gobernante y cardenal católico español, arzobispo de Toledo",masculino,1436,1517,sacerdote católico,España
http://www.wikidata.org/entity/Q28016841,calle del Cardenal Cisneros,http://www.wikidata.org/entity/Q342392,Francisco Jiménez de Cisneros,"gobernante y cardenal católico español, arzobispo de Toledo",masculino,1436,1517,traductor,España
http://www.wikidata.org/entity/Q28016841,calle del Cardenal Cisneros,http://www.wikidata.org/entity/Q342392,Francisco Jiménez de Cisneros,"gobernante y cardenal católico español, arzobispo de Toledo",masculino,1436,1517,fraile,España
http://www.wikidata.org/entity/Q28016841,calle del Cardenal Cisneros,http://www.wikidata.org/entity/Q342392,Francisco Jiménez de Cisneros,"gobernante y cardenal católico español, arzobispo de Toledo",masculino,1436,1517,obispo católico,España
http://www.wikidata.org/entity/Q28016841,calle del Cardenal Cisneros,http://www.wikidata.org/entity/Q342392,Francisco Jiménez de Cisneros,"gobernante y cardenal católico español, arzobispo de Toledo",masculino,1436,1517,inquisidor,España
http://www.wikidata.org/entity/Q52665136,calle del Cid,http://www.wikidata.org/entity/Q43958,Rodrigo Díaz de Vivar,militar castellano,masculino,,1099,militar,Reino de Castilla
http://www.wikidata.org/entity/Q52665136,calle del Cid,http://www.wikidata.org/entity/Q43958,Rodrigo Díaz de Vivar,militar castellano,masculino,,1099,militar,Reino de Castilla
http://www.wikidata.org/entity/Q52665136,calle del Cid,http://www.wikidata.org/entity/Q43958,Rodrigo Díaz de Vivar,militar castellano,masculino,,1099,político,Reino de Castilla
http://www.wikidata.org/entity/Q52665136,calle del Cid,http://www.wikidata.org/entity/Q43958,Rodrigo Díaz de Vivar,militar castellano,masculino,,1099,político,Reino de Castilla
http://www.wikidata.org/entity/Q52665136,calle del Cid,http://www.wikidata.org/entity/Q43958,Rodrigo Díaz de Vivar,militar castellano,masculino,,1099,caballero,Reino de Castilla
http://www.wikidata.org/entity/Q52665136,calle del Cid,http://www.wikidata.org/entity/Q43958,Rodrigo Díaz de Vivar,militar castellano,masculino,,1099,caballero,Reino de Castilla
http://www.wikidata.org/entity/Q52665136,calle del Cid,http://www.wikidata.org/entity/Q43958,Rodrigo Díaz de Vivar,militar castellano,masculino,,1099,mercenario,Reino de Castilla
http://www.wikidata.org/entity/Q52665136,calle del Cid,http://www.wikidata.org/entity/Q43958,Rodrigo Díaz de Vivar,militar castellano,masculino,,1099,mercenario,Reino de Castilla
http://www.wikidata.org/entity/Q52665136,calle del Cid,http://www.wikidata.org/entity/Q43958,Rodrigo Díaz de Vivar,militar castellano,masculino,,1099,líder militar,Reino de Castilla
http://www.wikidata.org/entity/Q52665136,calle del Cid,http://www.wikidata.org/entity/Q43958,Rodrigo Díaz de Vivar,militar castellano,masculino,,1099,líder militar,Reino de Castilla
http://www.wikidata.org/entity/Q27031730,calle del Conde Duque,http://www.wikidata.org/entity/Q371833,Gaspar de Guzmán y Pimentel Ribera y Velasco de Tovar,"Conde-duque de Olivares, valido de Felipe IV",masculino,1587,1645,militar,España
http://www.wikidata.org/entity/Q27031730,calle del Conde Duque,http://www.wikidata.org/entity/Q371833,Gaspar de Guzmán y Pimentel Ribera y Velasco de Tovar,"Conde-duque de Olivares, valido de Felipe IV",masculino,1587,1645,político,España
http://www.wikidata.org/entity/Q39585810,calle del Conde de Aranda,http://www.wikidata.org/entity/Q594286,Pedro Pablo Abarca de Bolea y Ximénez de Urrea,diplomático español (1719-1798). X conde de Aranda,masculino,1718,1798,militar,España
http://www.wikidata.org/entity/Q39585810,calle del Conde de Aranda,http://www.wikidata.org/entity/Q594286,Pedro Pablo Abarca de Bolea y Ximénez de Urrea,diplomático español (1719-1798). X conde de Aranda,masculino,1718,1798,político,España
http://www.wikidata.org/entity/Q39585810,calle del Conde de Aranda,http://www.wikidata.org/entity/Q594286,Pedro Pablo Abarca de Bolea y Ximénez de Urrea,diplomático español (1719-1798). X conde de Aranda,masculino,1718,1798,oficial militar,España
http://www.wikidata.org/entity/Q39585810,calle del Conde de Aranda,http://www.wikidata.org/entity/Q594286,Pedro Pablo Abarca de Bolea y Ximénez de Urrea,diplomático español (1719-1798). X conde de Aranda,masculino,1718,1798,diplomático,España
http://www.wikidata.org/entity/Q39585810,calle del Conde de Aranda,http://www.wikidata.org/entity/Q594286,Pedro Pablo Abarca de Bolea y Ximénez de Urrea,diplomático español (1719-1798). X conde de Aranda,masculino,1718,1798,oficial de ejército,España
http://www.wikidata.org/entity/Q28054244,calle del Conde de Peñalver,http://www.wikidata.org/entity/Q6042643,Nicolás de Peñalver y Zamora,político español (1853-1916),masculino,1853,1916,político,España
http://www.wikidata.org/entity/Q28026494,calle del Conde de Romanones,http://www.wikidata.org/entity/Q250975,Álvaro Figueroa y Torres,político español,masculino,1863,1950,escritor,España
http://www.wikidata.org/entity/Q28026494,calle del Conde de Romanones,http://www.wikidata.org/entity/Q250975,Álvaro Figueroa y Torres,político español,masculino,1863,1950,escritor,España
http://www.wikidata.org/entity/Q28026494,calle del Conde de Romanones,http://www.wikidata.org/entity/Q250975,Álvaro Figueroa y Torres,político español,masculino,1863,1950,escritor,España
http://www.wikidata.org/entity/Q28026494,calle del Conde de Romanones,http://www.wikidata.org/entity/Q250975,Álvaro Figueroa y Torres,político español,masculino,1863,1950,escritor,España
http://www.wikidata.org/entity/Q28026494,calle del Conde de Romanones,http://www.wikidata.org/entity/Q250975,Álvaro Figueroa y Torres,político español,masculino,1863,1950,abogado,España
http://www.wikidata.org/entity/Q28026494,calle del Conde de Romanones,http://www.wikidata.org/entity/Q250975,Álvaro Figueroa y Torres,político español,masculino,1863,1950,abogado,España
http://www.wikidata.org/entity/Q28026494,calle del Conde de Romanones,http://www.wikidata.org/entity/Q250975,Álvaro Figueroa y Torres,político español,masculino,1863,1950,abogado,España
http://www.wikidata.org/entity/Q28026494,calle del Conde de Romanones,http://www.wikidata.org/entity/Q250975,Álvaro Figueroa y Torres,político español,masculino,1863,1950,abogado,España
http://www.wikidata.org/entity/Q28026494,calle del Conde de Romanones,http://www.wikidata.org/entity/Q250975,Álvaro Figueroa y Torres,político español,masculino,1863,1950,político,España
http://www.wikidata.org/entity/Q28026494,calle del Conde de Romanones,http://www.wikidata.org/entity/Q250975,Álvaro Figueroa y Torres,político español,masculino,1863,1950,político,España
http://www.wikidata.org/entity/Q28026494,calle del Conde de Romanones,http://www.wikidata.org/entity/Q250975,Álvaro Figueroa y Torres,político español,masculino,1863,1950,político,España
http://www.wikidata.org/entity/Q28026494,calle del Conde de Romanones,http://www.wikidata.org/entity/Q250975,Álvaro Figueroa y Torres,político español,masculino,1863,1950,político,España
http://www.wikidata.org/entity/Q28026494,calle del Conde de Romanones,http://www.wikidata.org/entity/Q250975,Álvaro Figueroa y Torres,político español,masculino,1863,1950,agricultor,España
http://www.wikidata.org/entity/Q28026494,calle del Conde de Romanones,http://www.wikidata.org/entity/Q250975,Álvaro Figueroa y Torres,político español,masculino,1863,1950,agricultor,España
http://www.wikidata.org/entity/Q28026494,calle del Conde de Romanones,http://www.wikidata.org/entity/Q250975,Álvaro Figueroa y Torres,político español,masculino,1863,1950,agricultor,España
http://www.wikidata.org/entity/Q28026494,calle del Conde de Romanones,http://www.wikidata.org/entity/Q250975,Álvaro Figueroa y Torres,político español,masculino,1863,1950,agricultor,España
http://www.wikidata.org/entity/Q28026494,calle del Conde de Romanones,http://www.wikidata.org/entity/Q250975,Álvaro Figueroa y Torres,político español,masculino,1863,1950,diplomático,España
http://www.wikidata.org/entity/Q28026494,calle del Conde de Romanones,http://www.wikidata.org/entity/Q250975,Álvaro Figueroa y Torres,político español,masculino,1863,1950,diplomático,España
http://www.wikidata.org/entity/Q28026494,calle del Conde de Romanones,http://www.wikidata.org/entity/Q250975,Álvaro Figueroa y Torres,político español,masculino,1863,1950,diplomático,España
http://www.wikidata.org/entity/Q28026494,calle del Conde de Romanones,http://www.wikidata.org/entity/Q250975,Álvaro Figueroa y Torres,político español,masculino,1863,1950,diplomático,España
http://www.wikidata.org/entity/Q28026494,calle del Conde de Romanones,http://www.wikidata.org/entity/Q250975,Álvaro Figueroa y Torres,político español,masculino,1863,1950,periodista,España
http://www.wikidata.org/entity/Q28026494,calle del Conde de Romanones,http://www.wikidata.org/entity/Q250975,Álvaro Figueroa y Torres,político español,masculino,1863,1950,periodista,España
http://www.wikidata.org/entity/Q28026494,calle del Conde de Romanones,http://www.wikidata.org/entity/Q250975,Álvaro Figueroa y Torres,político español,masculino,1863,1950,periodista,España
http://www.wikidata.org/entity/Q28026494,calle del Conde de Romanones,http://www.wikidata.org/entity/Q250975,Álvaro Figueroa y Torres,político español,masculino,1863,1950,periodista,España
http://www.wikidata.org/entity/Q28026494,calle del Conde de Romanones,http://www.wikidata.org/entity/Q250975,Álvaro Figueroa y Torres,político español,masculino,1863,1950,propietario,España
http://www.wikidata.org/entity/Q28026494,calle del Conde de Romanones,http://www.wikidata.org/entity/Q250975,Álvaro Figueroa y Torres,político español,masculino,1863,1950,propietario,España
http://www.wikidata.org/entity/Q28026494,calle del Conde de Romanones,http://www.wikidata.org/entity/Q250975,Álvaro Figueroa y Torres,político español,masculino,1863,1950,propietario,España
http://www.wikidata.org/entity/Q28026494,calle del Conde de Romanones,http://www.wikidata.org/entity/Q250975,Álvaro Figueroa y Torres,político español,masculino,1863,1950,propietario,España
http://www.wikidata.org/entity/Q27037913,calle del Conde de Vallellano,http://www.wikidata.org/entity/Q5860280,Fernando Suárez de Tangil,"político español, alcalde de Madrid",masculino,1886,1964,abogado,España
http://www.wikidata.org/entity/Q27037913,calle del Conde de Vallellano,http://www.wikidata.org/entity/Q5860280,Fernando Suárez de Tangil,"político español, alcalde de Madrid",masculino,1886,1964,político,España
http://www.wikidata.org/entity/Q28916630,calle del Conde de Xiquena,http://www.wikidata.org/entity/Q6294383,José Álvarez de Toledo y Acuña,político y diplomático español (1838-1898),masculino,1838,1898,político,España
http://www.wikidata.org/entity/Q28945582,calle del Doctor Carracido,http://www.wikidata.org/entity/Q3395176,José Rodríguez Carracido,farmacéutico y bioquímico español,masculino,1856,1928,político,España
http://www.wikidata.org/entity/Q28945582,calle del Doctor Carracido,http://www.wikidata.org/entity/Q3395176,José Rodríguez Carracido,farmacéutico y bioquímico español,masculino,1856,1928,químico,España
http://www.wikidata.org/entity/Q63247891,calle del Doctor Castelo,http://www.wikidata.org/entity/Q57779199,Eusebio Castelo Serra,médico español (1825-1892),masculino,1825,1892,médico,España
http://www.wikidata.org/entity/Q63247891,calle del Doctor Castelo,http://www.wikidata.org/entity/Q8828,Mallorca,isla de España,,,,,
http://www.wikidata.org/entity/Q28031508,calle del Doctor Cortezo,http://www.wikidata.org/entity/Q8263848,Carlos Cortezo,médico y político español,masculino,1850,1933,médico,España
http://www.wikidata.org/entity/Q28031508,calle del Doctor Cortezo,http://www.wikidata.org/entity/Q8263848,Carlos Cortezo,médico y político español,masculino,1850,1933,médico,España
http://www.wikidata.org/entity/Q28031508,calle del Doctor Cortezo,http://www.wikidata.org/entity/Q8263848,Carlos Cortezo,médico y político español,masculino,1850,1933,político,España
http://www.wikidata.org/entity/Q28031508,calle del Doctor Cortezo,http://www.wikidata.org/entity/Q8263848,Carlos Cortezo,médico y político español,masculino,1850,1933,político,España
http://www.wikidata.org/entity/Q28031508,calle del Doctor Cortezo,http://www.wikidata.org/entity/Q8263848,Carlos Cortezo,médico y político español,masculino,1850,1933,esperantista,España
http://www.wikidata.org/entity/Q28031508,calle del Doctor Cortezo,http://www.wikidata.org/entity/Q8263848,Carlos Cortezo,médico y político español,masculino,1850,1933,esperantista,España
http://www.wikidata.org/entity/Q5741005,calle del Doctor Esquerdo,http://www.wikidata.org/entity/Q9014392,José María Esquerdo,psiquiatra español,masculino,1842,1912,médico,España
http://www.wikidata.org/entity/Q5741005,calle del Doctor Esquerdo,http://www.wikidata.org/entity/Q9014392,José María Esquerdo,psiquiatra español,masculino,1842,1912,político,España
http://www.wikidata.org/entity/Q5741005,calle del Doctor Esquerdo,http://www.wikidata.org/entity/Q9014392,José María Esquerdo,psiquiatra español,masculino,1842,1912,psiquiatra,España
http://www.wikidata.org/entity/Q29529388,calle del Doctor Fernando Primo de Rivera,http://www.wikidata.org/entity/Q5860087,Fernando Primo de Rivera y Sáenz de Heredia,militar español,masculino,1908,1936,médico,España
http://www.wikidata.org/entity/Q29529388,calle del Doctor Fernando Primo de Rivera,http://www.wikidata.org/entity/Q5860087,Fernando Primo de Rivera y Sáenz de Heredia,militar español,masculino,1908,1936,militar,España
http://www.wikidata.org/entity/Q29529388,calle del Doctor Fernando Primo de Rivera,http://www.wikidata.org/entity/Q5860087,Fernando Primo de Rivera y Sáenz de Heredia,militar español,masculino,1908,1936,aviador militar,España
http://www.wikidata.org/entity/Q28740159,calle del Doctor Fleming,http://www.wikidata.org/entity/Q37064,Alexander Fleming,científico y médico británico,masculino,1881,1955,médico,Reino Unido
http://www.wikidata.org/entity/Q28740159,calle del Doctor Fleming,http://www.wikidata.org/entity/Q37064,Alexander Fleming,científico y médico británico,masculino,1881,1955,inventor,Reino Unido
http://www.wikidata.org/entity/Q28740159,calle del Doctor Fleming,http://www.wikidata.org/entity/Q37064,Alexander Fleming,científico y médico británico,masculino,1881,1955,cirujano,Reino Unido
http://www.wikidata.org/entity/Q28740159,calle del Doctor Fleming,http://www.wikidata.org/entity/Q37064,Alexander Fleming,científico y médico británico,masculino,1881,1955,farmacólogo,Reino Unido
http://www.wikidata.org/entity/Q28740159,calle del Doctor Fleming,http://www.wikidata.org/entity/Q37064,Alexander Fleming,científico y médico británico,masculino,1881,1955,bacteriólogo,Reino Unido
http://www.wikidata.org/entity/Q27048305,calle del Doctor Fourquet,http://www.wikidata.org/entity/Q18223809,Juan Fourquet,médico español,masculino,1807,1865,médico,España
http://www.wikidata.org/entity/Q27048305,calle del Doctor Fourquet,http://www.wikidata.org/entity/Q18223809,Juan Fourquet,médico español,masculino,1807,1865,profesor titular,España
http://www.wikidata.org/entity/Q29053346,calle del Doctor Gómez Ulla,http://www.wikidata.org/entity/Q5997764,Mariano Gómez Ulla,"Santiago de Compostela (La Coruña), 6.XI.1877 – Madrid, 24.XI.1945. Militar perteneciente al Cuerpo de Sanidad, médico y cirujano",masculino,1877,1945,médico,España
http://www.wikidata.org/entity/Q29053346,calle del Doctor Gómez Ulla,http://www.wikidata.org/entity/Q5997764,Mariano Gómez Ulla,"Santiago de Compostela (La Coruña), 6.XI.1877 – Madrid, 24.XI.1945. Militar perteneciente al Cuerpo de Sanidad, médico y cirujano",masculino,1877,1945,cirujano,España
http://www.wikidata.org/entity/Q29053346,calle del Doctor Gómez Ulla,http://www.wikidata.org/entity/Q5997764,Mariano Gómez Ulla,"Santiago de Compostela (La Coruña), 6.XI.1877 – Madrid, 24.XI.1945. Militar perteneciente al Cuerpo de Sanidad, médico y cirujano",masculino,1877,1945,médico militar,España
http://www.wikidata.org/entity/Q28793723,calle del Doctor Juan José López Ibor,http://www.wikidata.org/entity/Q9015676,Juan José López Ibor,"médico, psiquiatra (1906-1991)",masculino,1906,1991,médico,España
http://www.wikidata.org/entity/Q28793723,calle del Doctor Juan José López Ibor,http://www.wikidata.org/entity/Q9015676,Juan José López Ibor,"médico, psiquiatra (1906-1991)",masculino,1906,1991,psiquiatra,España
http://www.wikidata.org/entity/Q27050770,calle del Doctor Letamendi,http://www.wikidata.org/entity/Q11928999,José de Letamendi,"médico, catedrático y académico español",masculino,1828,1897,compositor,España
http://www.wikidata.org/entity/Q27050770,calle del Doctor Letamendi,http://www.wikidata.org/entity/Q11928999,José de Letamendi,"médico, catedrático y académico español",masculino,1828,1897,médico,España
http://www.wikidata.org/entity/Q27050770,calle del Doctor Letamendi,http://www.wikidata.org/entity/Q11928999,José de Letamendi,"médico, catedrático y académico español",masculino,1828,1897,poeta,España
http://www.wikidata.org/entity/Q27050770,calle del Doctor Letamendi,http://www.wikidata.org/entity/Q11928999,José de Letamendi,"médico, catedrático y académico español",masculino,1828,1897,político,España
http://www.wikidata.org/entity/Q27050770,calle del Doctor Letamendi,http://www.wikidata.org/entity/Q11928999,José de Letamendi,"médico, catedrático y académico español",masculino,1828,1897,profesor universitario,España
http://www.wikidata.org/entity/Q29471749,calle del Doctor Velasco,http://www.wikidata.org/entity/Q6068993,Pedro González de Velasco,médico y antropólogo español,masculino,1815,1882,médico,España
http://www.wikidata.org/entity/Q29471749,calle del Doctor Velasco,http://www.wikidata.org/entity/Q6068993,Pedro González de Velasco,médico y antropólogo español,masculino,1815,1882,antropólogo,España
http://www.wikidata.org/entity/Q28031766,calle del Duque de Alba,http://www.wikidata.org/entity/Q80847,Fernando Álvarez de Toledo y Pimentel,"noble, militar y diplomático español, III Duque de Alba de Tormes",masculino,1507,1582,militar,España
http://www.wikidata.org/entity/Q28031766,calle del Duque de Alba,http://www.wikidata.org/entity/Q80847,Fernando Álvarez de Toledo y Pimentel,"noble, militar y diplomático español, III Duque de Alba de Tormes",masculino,1507,1582,político,España
http://www.wikidata.org/entity/Q28031766,calle del Duque de Alba,http://www.wikidata.org/entity/Q80847,Fernando Álvarez de Toledo y Pimentel,"noble, militar y diplomático español, III Duque de Alba de Tormes",masculino,1507,1582,oficial militar,España
http://www.wikidata.org/entity/Q28031766,calle del Duque de Alba,http://www.wikidata.org/entity/Q80847,Fernando Álvarez de Toledo y Pimentel,"noble, militar y diplomático español, III Duque de Alba de Tormes",masculino,1507,1582,diplomático,España
http://www.wikidata.org/entity/Q28031766,calle del Duque de Alba,http://www.wikidata.org/entity/Q80847,Fernando Álvarez de Toledo y Pimentel,"noble, militar y diplomático español, III Duque de Alba de Tormes",masculino,1507,1582,militar,Reino de Portugal
http://www.wikidata.org/entity/Q28031766,calle del Duque de Alba,http://www.wikidata.org/entity/Q80847,Fernando Álvarez de Toledo y Pimentel,"noble, militar y diplomático español, III Duque de Alba de Tormes",masculino,1507,1582,político,Reino de Portugal
http://www.wikidata.org/entity/Q28031766,calle del Duque de Alba,http://www.wikidata.org/entity/Q80847,Fernando Álvarez de Toledo y Pimentel,"noble, militar y diplomático español, III Duque de Alba de Tormes",masculino,1507,1582,oficial militar,Reino de Portugal
http://www.wikidata.org/entity/Q28031766,calle del Duque de Alba,http://www.wikidata.org/entity/Q80847,Fernando Álvarez de Toledo y Pimentel,"noble, militar y diplomático español, III Duque de Alba de Tormes",masculino,1507,1582,diplomático,Reino de Portugal
http://www.wikidata.org/entity/Q45899637,calle del Duque de Liria,http://www.wikidata.org/entity/Q3288223,Palacio de Liria,palacio en Madrid,,,,,
http://www.wikidata.org/entity/Q130307884,calle del Estrecho de Corea,http://www.wikidata.org/entity/Q52052,Estrecho de Corea,estrecho de Asia,,,,,
http://www.wikidata.org/entity/Q28028935,calle del General Arrando,http://www.wikidata.org/entity/Q9013676,José Arrando Ballester,Spanish politician and military personnel (1815-1893),masculino,1815,1893,militar,España
http://www.wikidata.org/entity/Q28028935,calle del General Arrando,http://www.wikidata.org/entity/Q9013676,José Arrando Ballester,Spanish politician and military personnel (1815-1893),masculino,1815,1893,político,España
http://www.wikidata.org/entity/Q28362354,calle del General Asensio Cabanillas,http://www.wikidata.org/entity/Q4071227,Carlos Asensio Cabanillas,militar español,masculino,1896,1969,militar,España
http://www.wikidata.org/entity/Q28362354,calle del General Asensio Cabanillas,http://www.wikidata.org/entity/Q4071227,Carlos Asensio Cabanillas,militar español,masculino,1896,1970,militar,España
http://www.wikidata.org/entity/Q28362354,calle del General Asensio Cabanillas,http://www.wikidata.org/entity/Q4071227,Carlos Asensio Cabanillas,militar español,masculino,1896,1969,político,España
http://www.wikidata.org/entity/Q28362354,calle del General Asensio Cabanillas,http://www.wikidata.org/entity/Q4071227,Carlos Asensio Cabanillas,militar español,masculino,1896,1970,político,España
http://www.wikidata.org/entity/Q29413544,calle del General Castaños,http://www.wikidata.org/entity/Q420319,Francisco Javier Castaños,militar y político español (1758-1852),masculino,1758,1852,militar,España
http://www.wikidata.org/entity/Q29413544,calle del General Castaños,http://www.wikidata.org/entity/Q420319,Francisco Javier Castaños,militar y político español (1758-1852),masculino,1758,1852,político,España
http://www.wikidata.org/entity/Q29413544,calle del General Castaños,http://www.wikidata.org/entity/Q420319,Francisco Javier Castaños,militar y político español (1758-1852),masculino,1758,1852,oficial militar,España
http://www.wikidata.org/entity/Q27243344,calle del General Dávila,http://www.wikidata.org/entity/Q959783,Fidel Dávila Arrondo,general y noble español,masculino,1878,1962,militar,España
http://www.wikidata.org/entity/Q27243344,calle del General Dávila,http://www.wikidata.org/entity/Q959783,Fidel Dávila Arrondo,general y noble español,masculino,1878,1962,político,España
http://www.wikidata.org/entity/Q28065262,calle del General Díaz Porlier,http://www.wikidata.org/entity/Q3077096,Juan Díaz Porlier,Militar español,masculino,1788,1815,militar,España
http://www.wikidata.org/entity/Q27243311,calle del General Ibáñez de Íbero,http://www.wikidata.org/entity/Q438968,Carlos Ibáñez de Ibero,geógrafo español (1825-1891),masculino,1825,1891,militar,España
http://www.wikidata.org/entity/Q27243311,calle del General Ibáñez de Íbero,http://www.wikidata.org/entity/Q438968,Carlos Ibáñez de Ibero,geógrafo español (1825-1891),masculino,1825,1891,ingeniero,España
http://www.wikidata.org/entity/Q27243311,calle del General Ibáñez de Íbero,http://www.wikidata.org/entity/Q438968,Carlos Ibáñez de Ibero,geógrafo español (1825-1891),masculino,1825,1891,inventor,España
http://www.wikidata.org/entity/Q27243311,calle del General Ibáñez de Íbero,http://www.wikidata.org/entity/Q438968,Carlos Ibáñez de Ibero,geógrafo español (1825-1891),masculino,1825,1891,geólogo,España
http://www.wikidata.org/entity/Q27243311,calle del General Ibáñez de Íbero,http://www.wikidata.org/entity/Q438968,Carlos Ibáñez de Ibero,geógrafo español (1825-1891),masculino,1825,1891,geógrafo,España
http://www.wikidata.org/entity/Q27243311,calle del General Ibáñez de Íbero,http://www.wikidata.org/entity/Q438968,Carlos Ibáñez de Ibero,geógrafo español (1825-1891),masculino,1825,1891,realizador,España
http://www.wikidata.org/entity/Q27243347,calle del General Lacy,http://www.wikidata.org/entity/Q3137319,Luis Lacy y Gautier,teniente español,masculino,1775,1817,militar,España
http://www.wikidata.org/entity/Q27243347,calle del General Lacy,http://www.wikidata.org/entity/Q3137319,Luis Lacy y Gautier,teniente español,masculino,1775,1817,político,España
http://www.wikidata.org/entity/Q27038202,calle del General Margallo,http://www.wikidata.org/entity/Q941478,Juan García-Margallo y García,militar español,masculino,1839,1893,militar,España
http://www.wikidata.org/entity/Q28056196,calle del General Oraá,http://www.wikidata.org/entity/Q3543941,Marcelino Oráa,Spanish general,masculino,1788,1851,militar,España
http://www.wikidata.org/entity/Q28056196,calle del General Oraá,http://www.wikidata.org/entity/Q3543941,Marcelino Oráa,Spanish general,masculino,1788,1851,político,España
http://www.wikidata.org/entity/Q28065178,calle del General Pardiñas,http://www.wikidata.org/entity/Q6099921,Ramón Pardiñas,militar y político español,masculino,1802,1838,militar,España
http://www.wikidata.org/entity/Q28065178,calle del General Pardiñas,http://www.wikidata.org/entity/Q6099921,Ramón Pardiñas,militar y político español,masculino,1802,1838,político,España
http://www.wikidata.org/entity/Q28966677,calle del General Ramírez de Madrid,http://www.wikidata.org/entity/Q5162384,Francisco Ramírez de Madrid,"militar español, secretario y consejero de los Reyes Católicos",masculino,1445,1501,militar,
http://www.wikidata.org/entity/Q5740542,calle del General Ricardos,http://www.wikidata.org/entity/Q2438029,Antonio Ricardos y Carrillo de Albornoz,militar español (1727-1794),masculino,1727,1794,militar,España
http://www.wikidata.org/entity/Q29201928,calle del General Zabala,http://www.wikidata.org/entity/Q1710673,Juan de Zavala y de la Puente,militar y político hispano-peruano (1804-1879),masculino,1804,1879,militar,España
http://www.wikidata.org/entity/Q29201928,calle del General Zabala,http://www.wikidata.org/entity/Q1710673,Juan de Zavala y de la Puente,militar y político hispano-peruano (1804-1879),masculino,1804,1879,político,España
http://www.wikidata.org/entity/Q29201928,calle del General Zabala,http://www.wikidata.org/entity/Q1710673,Juan de Zavala y de la Puente,militar y político hispano-peruano (1804-1879),masculino,1804,1879,ministro,España
http://www.wikidata.org/entity/Q29201928,calle del General Zabala,http://www.wikidata.org/entity/Q1710673,Juan de Zavala y de la Puente,militar y político hispano-peruano (1804-1879),masculino,1804,1879,diplomático,España
http://www.wikidata.org/entity/Q29201928,calle del General Zabala,http://www.wikidata.org/entity/Q1710673,Juan de Zavala y de la Puente,militar y político hispano-peruano (1804-1879),masculino,1804,1879,militar,Perú
http://www.wikidata.org/entity/Q29201928,calle del General Zabala,http://www.wikidata.org/entity/Q1710673,Juan de Zavala y de la Puente,militar y político hispano-peruano (1804-1879),masculino,1804,1879,político,Perú
http://www.wikidata.org/entity/Q29201928,calle del General Zabala,http://www.wikidata.org/entity/Q1710673,Juan de Zavala y de la Puente,militar y político hispano-peruano (1804-1879),masculino,1804,1879,ministro,Perú
http://www.wikidata.org/entity/Q29201928,calle del General Zabala,http://www.wikidata.org/entity/Q1710673,Juan de Zavala y de la Puente,militar y político hispano-peruano (1804-1879),masculino,1804,1879,diplomático,Perú
http://www.wikidata.org/entity/Q28024232,calle del General Álvarez de Castro,http://www.wikidata.org/entity/Q2698525,Mariano Álvarez de Castro,Spanish general (1749-1810),masculino,1749,1810,militar,España
http://www.wikidata.org/entity/Q28024232,calle del General Álvarez de Castro,http://www.wikidata.org/entity/Q2698525,Mariano Álvarez de Castro,Spanish general (1749-1810),masculino,1749,1810,oficial militar,España
http://www.wikidata.org/entity/Q28537171,calle del Infante,http://www.wikidata.org/entity/Q706068,Fernando de la Cerda,infante de Castilla,masculino,1255,1275,,Corona de Castilla
http://www.wikidata.org/entity/Q118640073,calle del Jerte,http://www.wikidata.org/entity/Q1626889,Jerte,"municipio de la provincia de Cáceres, España",,,,,
http://www.wikidata.org/entity/Q118669846,calle del Labrador,http://www.wikidata.org/entity/Q131512,agricultor,persona que practica la agricultura,,,,,
http://www.wikidata.org/entity/Q28024452,calle del Lozoya,http://www.wikidata.org/entity/Q2407104,Canal de Isabel II,empresa pública,,,,,
http://www.wikidata.org/entity/Q29839223,calle del Maestro Guerrero,http://www.wikidata.org/entity/Q3780233,Jacinto Guerrero,compositor de zarzuelas,masculino,1895,1951,guionista,España
http://www.wikidata.org/entity/Q29839223,calle del Maestro Guerrero,http://www.wikidata.org/entity/Q3780233,Jacinto Guerrero,compositor de zarzuelas,masculino,1895,1951,compositor,España
http://www.wikidata.org/entity/Q5741016,calle del Maestro Victoria,http://www.wikidata.org/entity/Q215128,Tomás Luis de Victoria,compositor español,masculino,1548,1611,compositor,España
http://www.wikidata.org/entity/Q29005538,calle del Maestro Villa,http://www.wikidata.org/entity/Q3814672,Ricardo Villa González,compositor español,masculino,1873,1935,compositor,España
http://www.wikidata.org/entity/Q29005538,calle del Maestro Villa,http://www.wikidata.org/entity/Q3814672,Ricardo Villa González,compositor español,masculino,1873,1935,director de orquesta,España
http://www.wikidata.org/entity/Q28936732,calle del Maestro Vives,http://www.wikidata.org/entity/Q2648593,Amadeo Vives,compositor español,masculino,1871,1932,escritor,España
http://www.wikidata.org/entity/Q28936732,calle del Maestro Vives,http://www.wikidata.org/entity/Q2648593,Amadeo Vives,compositor español,masculino,1871,1932,compositor,España
http://www.wikidata.org/entity/Q28936732,calle del Maestro Vives,http://www.wikidata.org/entity/Q2648593,Amadeo Vives,compositor español,masculino,1871,1932,director de orquesta,España
http://www.wikidata.org/entity/Q28936732,calle del Maestro Vives,http://www.wikidata.org/entity/Q2648593,Amadeo Vives,compositor español,masculino,1871,1932,impresario,España
http://www.wikidata.org/entity/Q28936732,calle del Maestro Vives,http://www.wikidata.org/entity/Q2648593,Amadeo Vives,compositor español,masculino,1871,1932,musicólogo,España
http://www.wikidata.org/entity/Q28361969,calle del Maestro Ángel Llorca,http://www.wikidata.org/entity/Q6173257,Ángel Llorca,maestro y pedagogo español,masculino,1866,1942,pedagogo,España
http://www.wikidata.org/entity/Q28361969,calle del Maestro Ángel Llorca,http://www.wikidata.org/entity/Q6173257,Ángel Llorca,maestro y pedagogo español,masculino,1866,1942,maestro,España
http://www.wikidata.org/entity/Q28033284,calle del Marqués Viudo de Pontejos,http://www.wikidata.org/entity/Q6452928,Joaquín Vizcaíno,Político. Corregidor de Madrid. Impulsor de importantes reformas en la ciudad.,masculino,1790,1840,político,España
http://www.wikidata.org/entity/Q28033284,calle del Marqués Viudo de Pontejos,http://www.wikidata.org/entity/Q6452928,Joaquín Vizcaíno,Político. Corregidor de Madrid. Impulsor de importantes reformas en la ciudad.,masculino,1790,1840,filántropo,España
http://www.wikidata.org/entity/Q19304646,calle del Marqués de Cubas,http://www.wikidata.org/entity/Q3290205,Francisco de Cubas,arquitecto y político español (1826-1899),masculino,1826,1899,arquitecto,España
http://www.wikidata.org/entity/Q24541576,calle del Marqués de Leganés,http://www.wikidata.org/entity/Q691804,Diego Mexía Felípez de Guzmán,marqués de Leganés,masculino,1580,1655,militar,España
http://www.wikidata.org/entity/Q24541576,calle del Marqués de Leganés,http://www.wikidata.org/entity/Q691804,Diego Mexía Felípez de Guzmán,marqués de Leganés,masculino,1580,1655,político,España
http://www.wikidata.org/entity/Q24541576,calle del Marqués de Leganés,http://www.wikidata.org/entity/Q691804,Diego Mexía Felípez de Guzmán,marqués de Leganés,masculino,1580,1655,soldado,España
http://www.wikidata.org/entity/Q28916742,calle del Marqués de Monasterio,http://www.wikidata.org/entity/Q12382772,Alfonso Osorio de Moscoso,noble y político español (1858–1901),masculino,1858,1901,político,España
http://www.wikidata.org/entity/Q29050990,calle del Marqués de Toca,http://www.wikidata.org/entity/Q3305003,Melchor Sánchez de Toca,Marqués de Toca (I). (1804 – 1880) médico y cirujano presidente de la Real Academia de Medicina y médico de cámara de Isabel II,masculino,1804,1880,médico,España
http://www.wikidata.org/entity/Q29050990,calle del Marqués de Toca,http://www.wikidata.org/entity/Q3305003,Melchor Sánchez de Toca,Marqués de Toca (I). (1804 – 1880) médico y cirujano presidente de la Real Academia de Medicina y médico de cámara de Isabel II,masculino,1804,1880,político,España
http://www.wikidata.org/entity/Q29050990,calle del Marqués de Toca,http://www.wikidata.org/entity/Q3305003,Melchor Sánchez de Toca,Marqués de Toca (I). (1804 – 1880) médico y cirujano presidente de la Real Academia de Medicina y médico de cámara de Isabel II,masculino,1804,1880,cirujano,España
http://www.wikidata.org/entity/Q29050990,calle del Marqués de Toca,http://www.wikidata.org/entity/Q3305003,Melchor Sánchez de Toca,Marqués de Toca (I). (1804 – 1880) médico y cirujano presidente de la Real Academia de Medicina y médico de cámara de Isabel II,masculino,1804,1880,profesor titular,España
http://www.wikidata.org/entity/Q17421317,calle del Marqués de Urquijo,http://www.wikidata.org/entity/Q8843105,Estanislao de Urquijo y Landaluce,"político y empresario español (1816–1889), I marqués de Urquijo",masculino,1816,1889,empresario,España
http://www.wikidata.org/entity/Q17421317,calle del Marqués de Urquijo,http://www.wikidata.org/entity/Q8843105,Estanislao de Urquijo y Landaluce,"político y empresario español (1816–1889), I marqués de Urquijo",masculino,1816,1889,político,España
http://www.wikidata.org/entity/Q54020473,calle del Marqués de Valdeiglesias,http://www.wikidata.org/entity/Q26212832,Ignacio José Escobar,periodista y político español (1823-1887),masculino,1823,1887,político,España
http://www.wikidata.org/entity/Q54020473,calle del Marqués de Valdeiglesias,http://www.wikidata.org/entity/Q26212832,Ignacio José Escobar,periodista y político español (1823-1887),masculino,1823,1887,periodista,España
http://www.wikidata.org/entity/Q29919947,calle del Marqués de Villamagna,http://www.wikidata.org/entity/Q118730283,José de Nieulant y Sánchez Pleités,militar español,masculino,1822,1878,militar,España
http://www.wikidata.org/entity/Q55227717,calle del Marqués de la Ensenada,http://www.wikidata.org/entity/Q191321,Zenón de Somodevilla y Bengoechea,noble y político español (1702-1781),masculino,1702,1781,militar,España
http://www.wikidata.org/entity/Q55227717,calle del Marqués de la Ensenada,http://www.wikidata.org/entity/Q191321,Zenón de Somodevilla y Bengoechea,noble y político español (1702-1781),masculino,1702,1781,político,España
http://www.wikidata.org/entity/Q41285010,calle del Marqués de la Valdavia,http://www.wikidata.org/entity/Q28934141,Mariano Ossorio Arévalo,político español,masculino,1889,1969,político,España
http://www.wikidata.org/entity/Q41285010,calle del Marqués de la Valdavia,http://www.wikidata.org/entity/Q28934141,Mariano Ossorio Arévalo,político español,masculino,1889,1969,político,España
http://www.wikidata.org/entity/Q41285010,calle del Marqués de la Valdavia,http://www.wikidata.org/entity/Q28934141,Mariano Ossorio Arévalo,político español,masculino,1889,1969,agricultor,España
http://www.wikidata.org/entity/Q41285010,calle del Marqués de la Valdavia,http://www.wikidata.org/entity/Q28934141,Mariano Ossorio Arévalo,político español,masculino,1889,1969,agricultor,España
http://www.wikidata.org/entity/Q27345219,calle del Marqués del Vasto,http://www.wikidata.org/entity/Q670504,Alfonso III de Ávalos y Aquino,"militar y político italiano (1502-1546), marqués de Vasto",masculino,1502,1546,militar,Imperio Español
http://www.wikidata.org/entity/Q27345219,calle del Marqués del Vasto,http://www.wikidata.org/entity/Q670504,Alfonso III de Ávalos y Aquino,"militar y político italiano (1502-1546), marqués de Vasto",masculino,1502,1546,condottiero,Imperio Español
http://www.wikidata.org/entity/Q26837594,calle del Monte Esquinza,http://www.wikidata.org/entity/Q24001305,Monte Esquinza,montaña en España,,,,,
http://www.wikidata.org/entity/Q36332974,calle del Monte Naranco,http://www.wikidata.org/entity/Q539792,Monte Naranco,"Montaña en la ciudad de Oviedo, España",,,,,
http://www.wikidata.org/entity/Q118608816,calle del Pilar de Zaragoza,http://www.wikidata.org/entity/Q56085139,Santa Columna de la Virgen del Pilar,columna de jaspe sobre la que la Virgen María se presentó ante al apóstol Santiago   en Zaragoza en el año 40,,,,,
http://www.wikidata.org/entity/Q44104603,calle del Pintor Moreno Carbonero,http://www.wikidata.org/entity/Q1393648,José Moreno Carbonero,artista español,masculino,1860,1942,político,España
http://www.wikidata.org/entity/Q44104603,calle del Pintor Moreno Carbonero,http://www.wikidata.org/entity/Q1393648,José Moreno Carbonero,artista español,masculino,1860,1942,pintor,España
http://www.wikidata.org/entity/Q44104603,calle del Pintor Moreno Carbonero,http://www.wikidata.org/entity/Q1393648,José Moreno Carbonero,artista español,masculino,1860,1942,profesor universitario,España
http://www.wikidata.org/entity/Q26810980,calle del Poeta Joan Maragall,http://www.wikidata.org/entity/Q562402,Joan Maragall,"poeta español, considerado uno de los padres de la poesía catalana antigua",masculino,1860,1910,escritor,España
http://www.wikidata.org/entity/Q26810980,calle del Poeta Joan Maragall,http://www.wikidata.org/entity/Q562402,Joan Maragall,"poeta español, considerado uno de los padres de la poesía catalana antigua",masculino,1860,1911,escritor,España
http://www.wikidata.org/entity/Q26810980,calle del Poeta Joan Maragall,http://www.wikidata.org/entity/Q562402,Joan Maragall,"poeta español, considerado uno de los padres de la poesía catalana antigua",masculino,1860,1910,poeta,España
http://www.wikidata.org/entity/Q26810980,calle del Poeta Joan Maragall,http://www.wikidata.org/entity/Q562402,Joan Maragall,"poeta español, considerado uno de los padres de la poesía catalana antigua",masculino,1860,1911,poeta,España
http://www.wikidata.org/entity/Q26810980,calle del Poeta Joan Maragall,http://www.wikidata.org/entity/Q562402,Joan Maragall,"poeta español, considerado uno de los padres de la poesía catalana antigua",masculino,1860,1910,traductor,España
http://www.wikidata.org/entity/Q26810980,calle del Poeta Joan Maragall,http://www.wikidata.org/entity/Q562402,Joan Maragall,"poeta español, considerado uno de los padres de la poesía catalana antigua",masculino,1860,1911,traductor,España
http://www.wikidata.org/entity/Q26810980,calle del Poeta Joan Maragall,http://www.wikidata.org/entity/Q562402,Joan Maragall,"poeta español, considerado uno de los padres de la poesía catalana antigua",masculino,1860,1910,periodista,España
http://www.wikidata.org/entity/Q26810980,calle del Poeta Joan Maragall,http://www.wikidata.org/entity/Q562402,Joan Maragall,"poeta español, considerado uno de los padres de la poesía catalana antigua",masculino,1860,1911,periodista,España
http://www.wikidata.org/entity/Q28740138,calle del Profesor Waksman,http://www.wikidata.org/entity/Q232308,Selman Abraham Waksman,"American scientist, biochemist, microbiologist who discovered Streptomycin and many antibiotics",masculino,1888,1973,médico,Estados Unidos
http://www.wikidata.org/entity/Q28740138,calle del Profesor Waksman,http://www.wikidata.org/entity/Q232308,Selman Abraham Waksman,"American scientist, biochemist, microbiologist who discovered Streptomycin and many antibiotics",masculino,1888,1973,inventor,Estados Unidos
http://www.wikidata.org/entity/Q28740138,calle del Profesor Waksman,http://www.wikidata.org/entity/Q232308,Selman Abraham Waksman,"American scientist, biochemist, microbiologist who discovered Streptomycin and many antibiotics",masculino,1888,1973,químico,Estados Unidos
http://www.wikidata.org/entity/Q28740138,calle del Profesor Waksman,http://www.wikidata.org/entity/Q232308,Selman Abraham Waksman,"American scientist, biochemist, microbiologist who discovered Streptomycin and many antibiotics",masculino,1888,1973,biólogo,Estados Unidos
http://www.wikidata.org/entity/Q28740138,calle del Profesor Waksman,http://www.wikidata.org/entity/Q232308,Selman Abraham Waksman,"American scientist, biochemist, microbiologist who discovered Streptomycin and many antibiotics",masculino,1888,1973,profesor universitario,Estados Unidos
http://www.wikidata.org/entity/Q28740138,calle del Profesor Waksman,http://www.wikidata.org/entity/Q232308,Selman Abraham Waksman,"American scientist, biochemist, microbiologist who discovered Streptomycin and many antibiotics",masculino,1888,1973,farmacólogo,Estados Unidos
http://www.wikidata.org/entity/Q28740138,calle del Profesor Waksman,http://www.wikidata.org/entity/Q232308,Selman Abraham Waksman,"American scientist, biochemist, microbiologist who discovered Streptomycin and many antibiotics",masculino,1888,1973,botánico,Estados Unidos
http://www.wikidata.org/entity/Q28740138,calle del Profesor Waksman,http://www.wikidata.org/entity/Q232308,Selman Abraham Waksman,"American scientist, biochemist, microbiologist who discovered Streptomycin and many antibiotics",masculino,1888,1973,bioquímico,Estados Unidos
http://www.wikidata.org/entity/Q28740138,calle del Profesor Waksman,http://www.wikidata.org/entity/Q232308,Selman Abraham Waksman,"American scientist, biochemist, microbiologist who discovered Streptomycin and many antibiotics",masculino,1888,1973,microbiólogo,Estados Unidos
http://www.wikidata.org/entity/Q28740138,calle del Profesor Waksman,http://www.wikidata.org/entity/Q232308,Selman Abraham Waksman,"American scientist, biochemist, microbiologist who discovered Streptomycin and many antibiotics",masculino,1888,1973,autobiógrafo,Estados Unidos
http://www.wikidata.org/entity/Q28740138,calle del Profesor Waksman,http://www.wikidata.org/entity/Q232308,Selman Abraham Waksman,"American scientist, biochemist, microbiologist who discovered Streptomycin and many antibiotics",masculino,1888,1973,médico,Unión Soviética
http://www.wikidata.org/entity/Q28740138,calle del Profesor Waksman,http://www.wikidata.org/entity/Q232308,Selman Abraham Waksman,"American scientist, biochemist, microbiologist who discovered Streptomycin and many antibiotics",masculino,1888,1973,inventor,Unión Soviética
http://www.wikidata.org/entity/Q28740138,calle del Profesor Waksman,http://www.wikidata.org/entity/Q232308,Selman Abraham Waksman,"American scientist, biochemist, microbiologist who discovered Streptomycin and many antibiotics",masculino,1888,1973,químico,Unión Soviética
http://www.wikidata.org/entity/Q28740138,calle del Profesor Waksman,http://www.wikidata.org/entity/Q232308,Selman Abraham Waksman,"American scientist, biochemist, microbiologist who discovered Streptomycin and many antibiotics",masculino,1888,1973,biólogo,Unión Soviética
http://www.wikidata.org/entity/Q28740138,calle del Profesor Waksman,http://www.wikidata.org/entity/Q232308,Selman Abraham Waksman,"American scientist, biochemist, microbiologist who discovered Streptomycin and many antibiotics",masculino,1888,1973,profesor universitario,Unión Soviética
http://www.wikidata.org/entity/Q28740138,calle del Profesor Waksman,http://www.wikidata.org/entity/Q232308,Selman Abraham Waksman,"American scientist, biochemist, microbiologist who discovered Streptomycin and many antibiotics",masculino,1888,1973,farmacólogo,Unión Soviética
http://www.wikidata.org/entity/Q28740138,calle del Profesor Waksman,http://www.wikidata.org/entity/Q232308,Selman Abraham Waksman,"American scientist, biochemist, microbiologist who discovered Streptomycin and many antibiotics",masculino,1888,1973,botánico,Unión Soviética
http://www.wikidata.org/entity/Q28740138,calle del Profesor Waksman,http://www.wikidata.org/entity/Q232308,Selman Abraham Waksman,"American scientist, biochemist, microbiologist who discovered Streptomycin and many antibiotics",masculino,1888,1973,bioquímico,Unión Soviética
http://www.wikidata.org/entity/Q28740138,calle del Profesor Waksman,http://www.wikidata.org/entity/Q232308,Selman Abraham Waksman,"American scientist, biochemist, microbiologist who discovered Streptomycin and many antibiotics",masculino,1888,1973,microbiólogo,Unión Soviética
http://www.wikidata.org/entity/Q28740138,calle del Profesor Waksman,http://www.wikidata.org/entity/Q232308,Selman Abraham Waksman,"American scientist, biochemist, microbiologist who discovered Streptomycin and many antibiotics",masculino,1888,1973,autobiógrafo,Unión Soviética
http://www.wikidata.org/entity/Q28740138,calle del Profesor Waksman,http://www.wikidata.org/entity/Q232308,Selman Abraham Waksman,"American scientist, biochemist, microbiologist who discovered Streptomycin and many antibiotics",masculino,1888,1973,médico,Imperio ruso
http://www.wikidata.org/entity/Q28740138,calle del Profesor Waksman,http://www.wikidata.org/entity/Q232308,Selman Abraham Waksman,"American scientist, biochemist, microbiologist who discovered Streptomycin and many antibiotics",masculino,1888,1973,inventor,Imperio ruso
http://www.wikidata.org/entity/Q28740138,calle del Profesor Waksman,http://www.wikidata.org/entity/Q232308,Selman Abraham Waksman,"American scientist, biochemist, microbiologist who discovered Streptomycin and many antibiotics",masculino,1888,1973,químico,Imperio ruso
http://www.wikidata.org/entity/Q28740138,calle del Profesor Waksman,http://www.wikidata.org/entity/Q232308,Selman Abraham Waksman,"American scientist, biochemist, microbiologist who discovered Streptomycin and many antibiotics",masculino,1888,1973,biólogo,Imperio ruso
http://www.wikidata.org/entity/Q28740138,calle del Profesor Waksman,http://www.wikidata.org/entity/Q232308,Selman Abraham Waksman,"American scientist, biochemist, microbiologist who discovered Streptomycin and many antibiotics",masculino,1888,1973,profesor universitario,Imperio ruso
http://www.wikidata.org/entity/Q28740138,calle del Profesor Waksman,http://www.wikidata.org/entity/Q232308,Selman Abraham Waksman,"American scientist, biochemist, microbiologist who discovered Streptomycin and many antibiotics",masculino,1888,1973,farmacólogo,Imperio ruso
http://www.wikidata.org/entity/Q28740138,calle del Profesor Waksman,http://www.wikidata.org/entity/Q232308,Selman Abraham Waksman,"American scientist, biochemist, microbiologist who discovered Streptomycin and many antibiotics",masculino,1888,1973,botánico,Imperio ruso
http://www.wikidata.org/entity/Q28740138,calle del Profesor Waksman,http://www.wikidata.org/entity/Q232308,Selman Abraham Waksman,"American scientist, biochemist, microbiologist who discovered Streptomycin and many antibiotics",masculino,1888,1973,bioquímico,Imperio ruso
http://www.wikidata.org/entity/Q28740138,calle del Profesor Waksman,http://www.wikidata.org/entity/Q232308,Selman Abraham Waksman,"American scientist, biochemist, microbiologist who discovered Streptomycin and many antibiotics",masculino,1888,1973,microbiólogo,Imperio ruso
http://www.wikidata.org/entity/Q28740138,calle del Profesor Waksman,http://www.wikidata.org/entity/Q232308,Selman Abraham Waksman,"American scientist, biochemist, microbiologist who discovered Streptomycin and many antibiotics",masculino,1888,1973,autobiógrafo,Imperio ruso
http://www.wikidata.org/entity/Q15788175,calle del Príncipe,http://www.wikidata.org/entity/Q34417,Felipe II de España,"rey de España y Portugal, así como de Inglaterra e Irlanda por matrimonio",masculino,1527,1598,gobernante,España
http://www.wikidata.org/entity/Q15788175,calle del Príncipe,http://www.wikidata.org/entity/Q34417,Felipe II de España,"rey de España y Portugal, así como de Inglaterra e Irlanda por matrimonio",masculino,1527,1598,gobernante,Reino de Portugal
http://www.wikidata.org/entity/Q53998154,calle del Rector Royo Villanova,http://www.wikidata.org/entity/Q11177467,Ricardo Royo Villanova,"médico e investigador español (1868-1943), rector de la Universidad de Zaragoza",masculino,1868,1943,médico,España
http://www.wikidata.org/entity/Q53998154,calle del Rector Royo Villanova,http://www.wikidata.org/entity/Q11177467,Ricardo Royo Villanova,"médico e investigador español (1868-1943), rector de la Universidad de Zaragoza",masculino,1868,1943,político,España
http://www.wikidata.org/entity/Q28016694,calle del Rey Francisco,http://www.wikidata.org/entity/Q356522,Francisco de Asís de Borbón,rey consorte de España (1846-1868),masculino,1822,1902,consorte,España
http://www.wikidata.org/entity/Q29648198,calle del Teniente Coronel Noreña,http://www.wikidata.org/entity/Q21971324,Carlos Noreña,militar español,masculino,1889,1936,militar,España
http://www.wikidata.org/entity/Q27245477,calle del Tutor,http://www.wikidata.org/entity/Q634348,Agustín Argüelles,"abogado, político y diplomático español (1776-1844)",masculino,1776,1844,político,España
http://www.wikidata.org/entity/Q27245477,calle del Tutor,http://www.wikidata.org/entity/Q634348,Agustín Argüelles,"abogado, político y diplomático español (1776-1844)",masculino,1776,1844,diplomático,España
http://www.wikidata.org/entity/Q5794001,cuesta de Moyano,http://www.wikidata.org/entity/Q3391807,Claudio Moyano,político español,masculino,1809,1890,político,España
http://www.wikidata.org/entity/Q30339470,pasaje de Enrique Ruano,http://www.wikidata.org/entity/Q352918,Emilio Mola,militar español,masculino,1887,1937,militar,España
http://www.wikidata.org/entity/Q30339470,pasaje de Enrique Ruano,http://www.wikidata.org/entity/Q352918,Emilio Mola,militar español,masculino,1887,1937,militar,España
http://www.wikidata.org/entity/Q30339470,pasaje de Enrique Ruano,http://www.wikidata.org/entity/Q352918,Emilio Mola,militar español,masculino,1887,1937,oficial militar,España
http://www.wikidata.org/entity/Q30339470,pasaje de Enrique Ruano,http://www.wikidata.org/entity/Q352918,Emilio Mola,militar español,masculino,1887,1937,oficial militar,España
http://www.wikidata.org/entity/Q30339470,pasaje de Enrique Ruano,http://www.wikidata.org/entity/Q977884,Enrique Ruano Casanova,estudiante y militante antifranquista español (1947-1969),masculino,1947,1969,estudiante,España
http://www.wikidata.org/entity/Q20890584,paseo de Eduardo Dato,http://www.wikidata.org/entity/Q365162,Eduardo Dato,Político español,masculino,1856,1921,abogado,España
http://www.wikidata.org/entity/Q20890584,paseo de Eduardo Dato,http://www.wikidata.org/entity/Q365162,Eduardo Dato,Político español,masculino,1856,1921,político,España
http://www.wikidata.org/entity/Q20890584,paseo de Eduardo Dato,http://www.wikidata.org/entity/Q365162,Eduardo Dato,Político español,masculino,1856,1921,jurista,España
http://www.wikidata.org/entity/Q20890584,paseo de Eduardo Dato,http://www.wikidata.org/entity/Q365162,Eduardo Dato,Político español,masculino,1856,1921,diplomático,España
http://www.wikidata.org/entity/Q28367318,paseo de Juan XXIII,http://www.wikidata.org/entity/Q23873,Juan XXIII,261.ᵉʳ papa de la Iglesia católica,masculino,1881,1963,capellán castrense,Italia
http://www.wikidata.org/entity/Q28367318,paseo de Juan XXIII,http://www.wikidata.org/entity/Q23873,Juan XXIII,261.ᵉʳ papa de la Iglesia católica,masculino,1881,1963,presbítero católico de rito latino,Italia
http://www.wikidata.org/entity/Q28367318,paseo de Juan XXIII,http://www.wikidata.org/entity/Q23873,Juan XXIII,261.ᵉʳ papa de la Iglesia católica,masculino,1881,1963,diácono transitorio,Italia
http://www.wikidata.org/entity/Q28367318,paseo de Juan XXIII,http://www.wikidata.org/entity/Q23873,Juan XXIII,261.ᵉʳ papa de la Iglesia católica,masculino,1881,1963,obispo católico latino,Italia
http://www.wikidata.org/entity/Q28059068,paseo de La Habana,http://www.wikidata.org/entity/Q1563,La Habana,capital de Cuba,,,,,
http://www.wikidata.org/entity/Q26821443,paseo de Moret,http://www.wikidata.org/entity/Q562515,Segismundo Moret,político español,masculino,1836,1913,juez,España
http://www.wikidata.org/entity/Q26821443,paseo de Moret,http://www.wikidata.org/entity/Q562515,Segismundo Moret,político español,masculino,1833,1913,juez,España
http://www.wikidata.org/entity/Q26821443,paseo de Moret,http://www.wikidata.org/entity/Q562515,Segismundo Moret,político español,masculino,1836,1913,político,España
http://www.wikidata.org/entity/Q26821443,paseo de Moret,http://www.wikidata.org/entity/Q562515,Segismundo Moret,político español,masculino,1833,1913,político,España
http://www.wikidata.org/entity/Q26821443,paseo de Moret,http://www.wikidata.org/entity/Q562515,Segismundo Moret,político español,masculino,1836,1913,jurista,España
http://www.wikidata.org/entity/Q26821443,paseo de Moret,http://www.wikidata.org/entity/Q562515,Segismundo Moret,político español,masculino,1833,1913,jurista,España
http://www.wikidata.org/entity/Q26821443,paseo de Moret,http://www.wikidata.org/entity/Q562515,Segismundo Moret,político español,masculino,1836,1913,economista,España
http://www.wikidata.org/entity/Q26821443,paseo de Moret,http://www.wikidata.org/entity/Q562515,Segismundo Moret,político español,masculino,1833,1913,economista,España
http://www.wikidata.org/entity/Q26821443,paseo de Moret,http://www.wikidata.org/entity/Q562515,Segismundo Moret,político español,masculino,1836,1913,diplomático,España
http://www.wikidata.org/entity/Q26821443,paseo de Moret,http://www.wikidata.org/entity/Q562515,Segismundo Moret,político español,masculino,1833,1913,diplomático,España
http://www.wikidata.org/entity/Q27267304,paseo de San Francisco de Sales,http://www.wikidata.org/entity/Q231256,Francisco de Sales,"Clérigo católico francés, obispo de Ginebra declarado santo",masculino,1567,1622,escritor,
http://www.wikidata.org/entity/Q27267304,paseo de San Francisco de Sales,http://www.wikidata.org/entity/Q231256,Francisco de Sales,"Clérigo católico francés, obispo de Ginebra declarado santo",masculino,1567,1622,sacerdote católico,
http://www.wikidata.org/entity/Q27267304,paseo de San Francisco de Sales,http://www.wikidata.org/entity/Q231256,Francisco de Sales,"Clérigo católico francés, obispo de Ginebra declarado santo",masculino,1567,1622,obispo católico,
http://www.wikidata.org/entity/Q27267304,paseo de San Francisco de Sales,http://www.wikidata.org/entity/Q231256,Francisco de Sales,"Clérigo católico francés, obispo de Ginebra declarado santo",masculino,1567,1622,teólogo,
http://www.wikidata.org/entity/Q6065630,paseo de Santa María de la Cabeza,http://www.wikidata.org/entity/Q3544243,María de la Cabeza,Agricultora y santa española,femenino,,1175,,España
http://www.wikidata.org/entity/Q28962333,paseo de la Maestra María Sánchez Arbós,http://www.wikidata.org/entity/Q16483648,Antonio Sagardía Ramos,militar español,masculino,1880,1962,militar,España
http://www.wikidata.org/entity/Q26792155,paseo del General Martínez Campos,http://www.wikidata.org/entity/Q548543,Arsenio Martínez Campos,militar y político español,masculino,1831,1900,juez,España
http://www.wikidata.org/entity/Q26792155,paseo del General Martínez Campos,http://www.wikidata.org/entity/Q548543,Arsenio Martínez Campos,militar y político español,masculino,1831,1900,militar,España
http://www.wikidata.org/entity/Q26792155,paseo del General Martínez Campos,http://www.wikidata.org/entity/Q548543,Arsenio Martínez Campos,militar y político español,masculino,1831,1900,político,España
http://www.wikidata.org/entity/Q6065691,paseo del Pintor Rosales,http://www.wikidata.org/entity/Q615701,Eduardo Rosales,pintor español (1836-1873),masculino,1836,1873,pintor,España
http://www.wikidata.org/entity/Q16626200,ronda de Valencia,http://www.wikidata.org/entity/Q27038728,Portillo de Valencia,portillo desaparecido de Madrid,,,,,
http://www.wikidata.org/entity/Q29398202,travesía de José Luis de Arrese,http://www.wikidata.org/entity/Q3751004,José Luis Arrese,"arquitecto, militante falangista y político franquista español (1905-1986)",masculino,1905,1986,arquitecto,España
http://www.wikidata.org/entity/Q29398202,travesía de José Luis de Arrese,http://www.wikidata.org/entity/Q3751004,José Luis Arrese,"arquitecto, militante falangista y político franquista español (1905-1986)",masculino,1905,1986,político,España
