id,name,type,subtype,district,neighbourhood,latitude,longitude,etymology_type,etymology_summary,named_after,named_after_wikidata,person_gender,person_birth_year,person_death_year,person_profession,person_nationality,naming_date,previous_names,source,confidence,line,opening_year,operator,municipality,etymology_summary_es,named_after_es
cercanias_001,Recoletos,cercanias_station,,Salamanca,,40.422496,-3.691704,religious,"Named after the Convento de Recoletos de San Agustín, a convent of Augustinian Recollects (reformed Augustinians) founded in 1592. The monastery's extensive gardens gave the area its green, promenade character that survives in the Paseo de Recoletos and its extension, the Paseo de la Castellana. The convent was demolished during the 1836 Desamortizacion (ecclesiastical property confiscation), but its memory lives on in the street names. The Paseo de Recoletos is home to the BNE (National Library), the Archaeological Museum, and some of Madrid's grandest 19th-century palaces.",Convento de Recoletos de San Agustín,,,,,,,,,Renfe Blog (blog.renfe.com);Wikipedia (es.wikipedia.org),verified,C-2;C-7;C-8;C-10,,Renfe Cercanias,Madrid,"Debe su nombre al Convento de Recoletos de San Agustín, fundado en 1592 por agustinos recoletos (rama reformada de la orden). Los extensos jardines del monasterio confirieron al entorno ese carácter verde y arbolado que pervive en el Paseo de Recoletos y su prolongación, el Paseo de la Castellana. El convento fue demolido durante la Desamortización de 1836, pero su recuerdo se conserva en los nombres de las calles. El Paseo de Recoletos alberga la BNE (Biblioteca Nacional), el Museo Arqueológico Nacional y algunos de los palacios decimonónicos más espléndidos de Madrid.",Convento de Recoletos de San Agustín
cercanias_004,Chamartín-Clara Campoamor,cercanias_station,,Chamartín,,40.4726,-3.6822,person,"Chamartín: from Basque origin, per Menéndez Pidal (1951). The documented medieval form 'Echamartin' (1247) contains the Castilian evolution of Basque 'aita' (father/chief), appearing in documents as 'ecta/echa'. Thus: Echa-Martín > Chamartín = 'the estate of chief Martín'. Same pattern as Chaherrero (Avila) and Robledo de Chavela. Clara Campoamor (1888-1972): feminist politician who achieved women's suffrage in Spain in 1931.",Clara Campoamor,Q3321142,F,1888,1972,politician; feminist,Spanish,,,Toponomasticon Hispaniae (toponhisp.org/es/toponimia-de-las-zonas-central-sur-e-insular-atlántica/toponimo/chamartin); Menéndez Pidal 1951; documented form 'Echamartin' 1247;CVC Rinconete (cvc.cervantes.es/el_rinconete);Wikipedia (es.wikipedia.org),verified,C-1;C-2;C-3;C-4;C-7;C-8;C-10,,Renfe Cercanias,Madrid,"Chamartín: de origen vasco, según Menéndez Pidal (1951). La forma medieval documentada 'Echamartín' (1247) contiene la evolución castellana del vasco 'aita' (padre/jefe), que aparece en los documentos como 'ecta/echa'. Así: Echa-Martín > Chamartín = 'la propiedad del jefe Martín'. El mismo patrón se repite en Chaherrero (Ávila) y Robledo de Chavela. Clara Campoamor (1888-1972): política feminista que logró el sufragio femenino en España en 1931.",Clara Campoamor
cercanias_006,Fuente de la Mora,station,,Hortaleza,Valdefuentes,40.484962,-3.663114,descriptive,"Named after the old Camino Fuente de la Mora road. 'Fuente' means spring/fountain; 'Mora' is debated -- it may derive from pre-Roman root 'mor-' meaning heap of stones (per García Sánchez, CVC 2008, discussing Valdemoro), suggesting 'spring among the rocks'. The site has yielded remarkable archaeological finds: a Carpetano settlement from the 3rd-2nd century BC was excavated nearby, documented by the Comunidad de Madrid as a significant Iron Age site. Originally planned as 'Manoteras', the station serves both Cercanias C-1 and Metro Ligero ML1.","Fuente de la Mora (spring, from pre-Roman mor-: stones)",,,,,,,,,García Sánchez CVC Rinconete Part IV (cvc.cervantes.es/el_rinconete/anteriores/enero_08/28012008_01.htm); comunidad.madrid/cultura/patrimonio-cultural/yacimiento-arqueologico-fuente-mora,probable,ML1;C-1,,Metro Ligero Madrid; Renfe Cercanias,Madrid,"Toma su nombre del antiguo Camino Fuente de la Mora. 'Fuente' significa manantial; 'Mora' es objeto de debate: podría derivar de la raíz prerromana 'mor-', que significa montón de piedras (según García Sánchez, CVC 2008, a propósito de Valdemoro), y significaría 'manantial entre las rocas'. El lugar ha deparado hallazgos arqueológicos notables: cerca de aquí se excavó un poblado carpetano de los siglos III-II a. C., catalogado por la Comunidad de Madrid como yacimiento significativo de la Edad del Hierro. Aunque estaba previsto llamarla 'Manoteras', la estación da servicio tanto a Cercanías C-1 como al Metro Ligero ML1.","Fuente de la Mora (fuente, del prerromano mor-: piedras)"
cercanias_013,Doce de Octubre,cercanias_station,,Usera,,40.379021,-3.698739,historical,"Named after the Hospital Universitario 12 de Octubre, one of Madrid's largest public hospitals -- but the name hides a political makeover. The complex was inaugurated on 2 October 1973 by Franco as 'Ciudad Sanitaria Primero de Octubre', commemorating 1 October 1936, the date of Franco's proclamation as head of state. After the transition to democracy, the hospital was renamed on 12 October 1988 to '12 de Octubre', swapping a Francoist anniversary for Spain's National Day, the Dia de la Hispanidad (celebrating Columbus's 1492 landfall). The original building had 15 floors, 3 underground levels, and 250 beds that grew to 1250 by 1974. A materno-infantil wing opened in 1980. The Cercanias station followed in 1989 on the C-5 line, serving both the hospital and the surrounding Usera district.",Hospital 12 de Octubre,,,,,,1989,,,es.wikipedia.org/wiki/Hospital_12_de_Octubre; comunidad.madrid/hospital/doce-octubre,verified,C-5,1989,Renfe Cercanias,Madrid,"Toma su nombre del Hospital Universitario 12 de Octubre, uno de los mayores hospitales públicos de Madrid, aunque el nombre esconde un cambio de imagen político. El complejo fue inaugurado el 2 de octubre de 1973 por Franco como 'Ciudad Sanitaria Primero de Octubre', conmemorando el 1 de octubre de 1936, fecha de la proclamación de Franco como jefe del Estado. Tras la Transición, el hospital fue rebautizado el 12 de octubre de 1988 como '12 de Octubre', sustituyendo una efeméride franquista por el Día de la Hispanidad (que conmemora la llegada de Colón en 1492). El edificio original tenía 15 plantas, 3 niveles subterráneos y 250 camas que pasaron a ser 1250 en 1974. En 1980 se inauguró el ala materno-infantil. La estación de Cercanías llegó en 1989 con la línea C-5, dando servicio tanto al hospital como al distrito de Usera.",Hospital 12 de Octubre
cercanias_014,Orcasitas,cercanias_station,,Usera,,40.3659912,-3.7045671,person,"Named after the Orcasitas neighbourhood, which took its name from Pedro Orcasitas Ruiz (b. 1878, Ahedo near Horcasitas de Arcentales, Vizcaya), a hardware store owner ('La Vascongada' near Puerta del Sol) who donated land for worker housing. The surname derives from Basque 'horkatz-sitxa' (parcel of the roe deer).",Pedro Orcasitas Ruiz,,M,1878,,landowner; merchant,Spanish (Basque),,,elrincondemayrit.blogspot.com/2012/10/origen-del-nombre-orcasitas.html; Cronistas de Villaverde (issuu.com/cronistasvillaverde); Isabel Gea; es.wikipedia.org/wiki/Orcasitas,verified,C-5,,Renfe Cercanias,Madrid,"Debe su nombre al barrio de Orcasitas, que a su vez tomó el nombre de Pedro Orcasitas Ruiz (n. 1878, Ahedo, cerca de Horcasitas de Arcentales, Vizcaya), propietario de una ferretería ('La Vascongada', junto a la Puerta del Sol) que donó terrenos para viviendas obreras. El apellido procede del vasco 'horkatz-sitxa' (parcela del corzo).",Pedro Orcasitas Ruiz
cercanias_015,Puente Alcocer,cercanias_station,,Villaverde,,40.350337,-3.70502,descriptive,Named after a bridge in the Villaverde Alto area. 'Alcocer' derives from Arabic al-qusayr (diminutive of al-qasr meaning alcazar/palace) -- literally 'little fortress'. Remarkably the Arabic qasr itself came from Latin castrum (fortified camp) showing three layers of linguistic heritage in one toponym. An Islamic watchtower or small fortification likely stood here guarding a crossing. The station opened in 1989 on a new 9 km underground variant that bypassed the old surface route through Villaverde with four new stations.,"Puente de Alcocer (bridge, possibly Arabic al-qusayr: small palace)",,,,,,1989,,,etimologias.dechile.net/?Alcocer; es.wikipedia.org/wiki/Alcocer; es.wikipedia.org/wiki/Estacion_de_Puente_Alcocer;CRTM (crtm.es),verified,C-5,1989,Renfe Cercanias,Madrid,"Toma su nombre de un puente en la zona de Villaverde Alto. 'Alcocer' procede del árabe al-qusayr (diminutivo de al-qasr, que significa alcázar/palacio): literalmente, 'pequeña fortaleza'. Resulta notable que el árabe qasr proviene a su vez del latín castrum (campamento fortificado), lo que revela tres capas de herencia lingüística en un solo topónimo. Probablemente aquí se alzaba una atalaya o pequeña fortificación islámica que vigilaba un paso. La estación se inauguró en 1989, dentro de una nueva variante subterránea de 9 km que evitaba el antiguo trazado en superficie por Villaverde, con cuatro nuevas estaciones.","Puente de Alcocer (puente, posiblemente del árabe al-qusayr: pequeño palacio)"
cercanias_016,San Cristóbal de los Ángeles,cercanias_station,,Villaverde,,40.342197,-3.683746,religious,"Named after the neighbourhood. 'San Cristóbal' refers to Saint Christopher, patron saint of travellers; 'de los Angeles' references proximity to the Cerro de los Angeles in Getafe, a hill traditionally considered the geographic centre of the Iberian Peninsula (though the claim is disputed by geographers). The station sits on the original Madrid-Aranjuez railway line, inaugurated on 9 February 1851 -- Spain's second after Barcelona-Mataro (1848), but the first to serve the capital. The 49 km line was built by the Compañía del Camino de Hierro de Madrid a Aranjuez, presided over by the financier Marqués de Salamanca, who also gave his name to the Salamanca district. The idea dated back to 1830, when a group of notables petitioned the Crown for a railway to connect the Court with the Real Sitio de Aranjuez.",San Cristóbal de los Ángeles neighbourhood (patron saint + Cerro de los Ángeles),,,,,,,,,es.wikipedia.org/wiki/San_Crist%C3%B3bal_de_los_%C3%81ngeles;Madripedia (madripedia.wikis.cc),verified,C-3,1851,Renfe Cercanias,Madrid,"Debe su nombre al barrio. 'San Cristóbal' alude a San Cristóbal, patrón de los viajeros; 'de los Ángeles' hace referencia a la cercanía del Cerro de los Ángeles en Getafe, una colina considerada tradicionalmente el centro geográfico de la Península Ibérica (aunque los geógrafos discuten esta afirmación). La estación se sitúa sobre la línea ferroviaria original Madrid-Aranjuez, inaugurada el 9 de febrero de 1851, la segunda de España tras la de Barcelona-Mataró (1848), pero la primera en dar servicio a la capital. La línea de 49 km fue construida por la Compañía del Camino de Hierro de Madrid a Aranjuez, presidida por el financiero Marqués de Salamanca, que también dio su nombre al barrio de Salamanca. La idea se remontaba a 1830, cuando un grupo de notables pidió a la Corona un ferrocarril que comunicase la Corte con el Real Sitio de Aranjuez.",San Cristóbal de los Ángeles barrio (santo patrón + Cerro de los Ángeles)
cercanias_017,San Cristóbal Industrial,cercanias_station,,Villaverde,,40.331632,-3.699378,descriptive,"Takes its name from the San Cristóbal de los Angeles neighbourhood and the adjacent Colonia Marconi industrial zone, where factories like Boetticher y Navarro, Standard Electrica, Marconi, and Barreiros (at its peak employing 12,000+ workers building trucks) transformed Villaverde from the 1940s-60s. The neighbourhood itself was built from 1959 as a 'poblado dirigido' (state-directed housing) on 43 hectares over a 19th-century brick factory, rehousing rural migrants from Andalucia and Extremadura. The station opened in 2004.",San Cristóbal Industrial estate (Valdemoro),,,,,,,,,es.wikipedia.org/wiki/Estacion_de_San_Cristóbal_Industrial;CRTM (crtm.es),verified,C-3,,Renfe Cercanias,Madrid,"Toma su nombre del barrio de San Cristóbal de los Ángeles y de la adyacente zona industrial Colonia Marconi, donde fábricas como Boetticher y Navarro, Standard Eléctrica, Marconi y Barreiros (que en su apogeo empleaba a más de 12 000 trabajadores fabricando camiones) transformaron Villaverde entre las décadas de 1940 y 1960. El propio barrio se construyó a partir de 1959 como 'poblado dirigido' sobre 43 hectáreas de una antigua fábrica de ladrillos del siglo XIX, para realojar a emigrantes rurales de Andalucía y Extremadura. La estación se inauguró en 2004.",Polígono industrial de San Cristóbal (Valdemoro)
cercanias_018,Getafe Industrial,cercanias_station,,,,40.305509,-3.707579,descriptive,"Named after the industrial zone that grew around Spain's first military air base (est. 1920). Aviation arrived in Getafe in 1911 when the Paris-Madrid air race finished at the Dehesa de Santa Quiteria. In 1923 Construcciones Aeronauticas S.A. (CASA) was founded beside the base, evolving into today's Airbus Defence and Space plant which builds Eurofighter Typhoons and A400M transports. Originally called 'Getafe-Alicante' after the railway line it served.",Getafe industrial zone,,,,,,,,,es.wikipedia.org/wiki/Estacion_de_Getafe_Industrial;CRTM (crtm.es),verified,C-3,,Renfe Cercanias,Getafe,"Debe su nombre a la zona industrial que creció en torno a la primera base aérea militar de España (fundada en 1920). La aviación llegó a Getafe en 1911, cuando la carrera aérea París-Madrid tuvo su meta en la Dehesa de Santa Quiteria. En 1923 se fundó junto a la base Construcciones Aeronáuticas S.A. (CASA), que evolucionó hasta convertirse en la actual planta de Airbus Defence and Space, donde se fabrican Eurofighter Typhoon y A400M. Originalmente la estación se llamó 'Getafe-Alicante', por la línea ferroviaria a la que daba servicio.",Zona industrial de Getafe
cercanias_019,Getafe Centro,cercanias_station,,,,40.309706,-3.734072,place,"Named after the city of Getafe. Etymology genuinely uncertain per García Sánchez (CVC Rinconete 2007): 'poco se puede decir de el sin dudar'. The most repeated theory derives it from Arabic 'jata' (something long) via medieval 'Xatafi', meaning 'calle larga' (long street) along the royal road to Toledo. Philip II's 1575 Relaciones Topograficas record this tradition. Leon Pinelo (17th c.) documented an earlier form 'Satafi'. Alternative: Jiménez de Gregorio proposed Arabic for 'huerta' (vegetable garden). García Sánchez notes the Arabic origin is 'presumed based on aspect and configuration' but not verifiable with current evidence. Earliest docs: Satafi/Xatafi c.1150; Xeetafee in 1249 deed.","Getafe (uncertain: Arabic jata/Xatafi per tradition, but unverifiable per García Sánchez)",,,,,,,,,García Sánchez (CVC Rinconete Part III 2007: cvc.cervantes.es/el_rinconete/anteriores/julio_07/09072007_01.asp); Philip II Relaciones Topograficas 1575; Leon Pinelo Anales de Madrid; Sánchez González 'De Alarnes a Getafe' (Ayto. Getafe 1989); Jiménez de Gregorio; es.wikipedia.org/wiki/Xatafi,uncertain,C-4,,Renfe Cercanias,Getafe,"Debe su nombre a la ciudad de Getafe, cuya etimología es genuinamente incierta según García Sánchez (CVC Rinconete 2007): 'poco se puede decir de él sin dudar'. La teoría más extendida la deriva del árabe 'jata' (algo largo) a través de la forma medieval 'Xatafí', que significaría 'calle larga', en alusión a la calle principal a lo largo del camino real a Toledo. Las Relaciones Topográficas de Felipe II (1575) recogen esta tradición. León Pinelo (s. XVII) documentó una forma anterior, 'Satafí'. Como alternativa, Jiménez de Gregorio propuso el árabe para 'huerta'. García Sánchez advierte que el origen árabe 'se presume por aspecto y configuración', pero no es verificable con las pruebas actuales. Documentación más antigua: Satafí/Xatafí, h. 1150; Xeetafee en escritura de 1249.","Getafe (incierto: árabe jata/Xatafi según la tradición, pero inverificable según García Sánchez)"
cercanias_020,Getafe Sector 3,cercanias_station,,,,40.288239,-3.73751,descriptive,"Named after the Sector III neighbourhood, a 1980s development of terraced houses built from scratch on the slopes of the Cerro Buenavista (704 m). When construction began in 1985, bulldozers nearly destroyed Spanish Civil War bunkers and fortifications from Madrid's defensive perimeter; the mayor ordered their preservation, and they remain protected today. Around 30,000 residents now live in this 'barrio de laboratorio' alongside wartime relics. The station opened in 1995.",Getafe Sector Tres (urban planning zone),,,,,,1995,,,es.wikipedia.org/wiki/Estacion_de_Getafe_Sector_3;CRTM (crtm.es),verified,C-4,1995,Renfe Cercanias,Getafe,"Toma su nombre del barrio Sector III, una urbanización de los años 80 formada por viviendas adosadas levantadas de nueva planta en las laderas del Cerro Buenavista (704 m). Cuando comenzaron las obras en 1985, las excavadoras estuvieron a punto de destruir búnkeres y fortificaciones de la Guerra Civil pertenecientes al perímetro defensivo de Madrid; el alcalde ordenó su conservación y hoy permanecen protegidos. Unas 30 000 personas viven actualmente en este 'barrio de laboratorio' junto a vestigios bélicos. La estación se abrió en 1995.",Getafe Sector Tres (zona de planificación urbanística)
cercanias_021,Las Margaritas Universidad,cercanias_station,,,,40.322959,-3.727309,descriptive,"'Las Margaritas' is a compact 1970s working-class neighbourhood in Getafe whose streets are all named after flowers -- Lilas, Loto, Camelias, Nardo, Alelí -- giving it a garden-catalogue feel on any city map. The neighbourhood's streetlamps are topped with daisy (margarita) motifs, a playful bit of municipal branding that makes the floral theme literal after dark. 'Universidad' was appended to the station name on 28 May 1995, when Universidad Carlos III de Madrid opened its Getafe campus nearby, transforming the area from a purely residential barrio into a university quarter with student residences and lecture halls.",Las Margaritas neighbourhood + Universidad Carlos III,,,,,,,,,es.wikipedia.org/wiki/Las_Margaritas_(Getafe); getafe.es/la-ciudad/poblacion/las-margaritas (flower-themed streets documented),verified,C-4,,Renfe Cercanias,Getafe,"Las Margaritas es un barrio obrero compacto de los años 70 en Getafe cuyas calles llevan nombres de flores —Lilas, Loto, Camelias, Nardo, Alelí—, lo que le confiere en el callejero el aire de un catálogo de jardinería. Las farolas del barrio están coronadas con motivos de margaritas, un guiño municipal que hace literal la temática floral al caer la noche. Se añadió 'Universidad' al nombre de la estación el 28 de mayo de 1995, cuando la Universidad Carlos III de Madrid inauguró su campus de Getafe, transformando un barrio puramente residencial en un polo universitario con residencias de estudiantes y aulas.",Las Margaritas barrio + Universidad Carlos III
cercanias_023,Pinto,cercanias_station,,,,40.242992,-3.703836,place,"Named after the municipality. García Sánchez (CVC Rinconete 2007) favours Latin 'pinctus' (painted/of a certain colour), an adjective describing terrain coloration where the original noun (mons, campus, etc.) was lost. The phonetic evolution pinctus > Pinto is regular (cf. sanctum > santo). The popular theory from Latin 'punctum' (point/crossing) is phonetically problematic: punctum should yield 'Punto', not 'Pinto'. A folk legend ('La Leyenda del Arca') claims Pinto marks the geographic centre of the Iberian Peninsula. The anthroponym Pintus (personal name) is also possible but unsubstantiated.","Pinto (from Latin pinctus: painted/coloured, per García Sánchez)",,,,,,,,,García Sánchez (CVC Rinconete 2007) (cvc.cervantes.es/el_rinconete);Ayto. Pinto (ayto-pinto.es);Wikipedia (es.wikipedia.org),verified,C-3,,Renfe Cercanias,Pinto,"Debe su nombre al municipio. García Sánchez (CVC Rinconete 2007) se inclina por el latín 'pinctus' (pintado/de determinado color), un adjetivo que describe la coloración del terreno cuyo sustantivo original (mons, campus, etc.) se perdió. La evolución fonética pinctus > Pinto es regular (cf. sanctum > santo). La teoría popular que lo hace derivar del latín 'punctum' (punto/cruce) presenta problemas fonéticos: punctum debería dar 'Punto', no 'Pinto'. Una leyenda popular ('La Leyenda del Arca') atribuye a Pinto la condición de centro geográfico de la Península Ibérica. El antropónimo Pintus (nombre de persona) también es posible, pero carece de documentación.","Pinto (del latín pinctus: painted/coloured, per García Sánchez)"
cercanias_024,Valdemoro,cercanias_station,,,,40.196028,-3.664702,place,"Named after the municipality. The Toponomasticon Hispaniae (Nieto Ballester, UAM) favours Latin VALLE + MAURA/MAURU meaning 'dark/dusky valley', describing dark terrain: Vallemoro > Valmoro > Valdemoro. Documented as 'Vallem Maurii' under Alfonso VIII. Alternative theories: (1) 'Valley of the Moor(s)' from Reconquista context; (2) Arabic 'Wadi al-murr' (bitter river); (3) 'valley of blackberries' (Latin morum); (4) personal name Maurus; (5) Latin *murus* (wall/ruin) indicating collapsed structures during repopulation (per Historia de Valdemoro blog); (6) 'val de moras' (mulberry valley, per Pancracio Celdran). García Sánchez discusses the name in CVC Rinconete Part IV (2008).","Valle moro (dark valley, per Toponomasticon Hispaniae)",,,,,,,,,Toponomasticon Hispaniae (toponhisp.org/es/toponimia-de-las-zonas-central-sur-e-insular-atlántica/toponimo/valdemoro); García Sánchez (CVC Rinconete 2008: cvc.cervantes.es/el_rinconete/anteriores/enero_08/28012008_01.htm); Galmes de Fuentes; historiadevaldemoro.blogspot.com/2016/10/toponimia.html; Alfonso X docs 1274; Primera Cronica c.1270-1290,uncertain,C-3,,Renfe Cercanias,Valdemoro,"Debe su nombre al municipio. El Toponomasticon Hispaniae (Nieto Ballester, UAM) se decanta por el latín VALLE + MAURA/MAURU, que significa 'valle oscuro/sombrío', en referencia al color del terreno: Vallemoro > Valmoro > Valdemoro. Documentado como 'Vallem Maurii' bajo Alfonso VIII. Teorías alternativas: (1) 'Valle del moro(s)', en contexto de Reconquista; (2) árabe 'Wadi al-murr' (río amargo); (3) 'valle de moras' (latín morum); (4) nombre personal Maurus; (5) latín *murus* (muro/ruina), en alusión a estructuras derrumbadas halladas durante la repoblación (según el blog Historia de Valdemoro); (6) 'val de moras' (valle del moral, según Pancracio Celdrán). García Sánchez trata el topónimo en CVC Rinconete, parte IV (2008).","Valle moro (valle oscuro, según Toponomasticon Hispaniae)"
cercanias_025,Ciempozuelos,cercanias_station,,,,40.159064,-3.610132,descriptive,"Named after the municipality. From 'cien pozuelos' (a hundred small wells), where 'cien' is not literal but means 'many'. A spring at Buzanca (c.2 km away) fed a canal to the town fountain, but since the flow was insufficient, numerous wells were dug to supplement the water supply. The many wells gave the town its name.",Ciempozuelos (cien pozuelos: many small wells),,,,,,,,,Toponomasticon Hispaniae (toponhisp.org/es/toponimia-de-las-zonas-central-sur-e-insular-atlántica/toponimo/ciempozuelos);Toponomasticon Hispaniae (toponhisp.org);Ayuntamiento de Ciempozuelos (ayto-ciempozuelos.org),verified,C-3,,Renfe Cercanias,Ciempozuelos,"Debe su nombre al municipio. Procede de 'cien pozuelos' (cien pequeños pozos), donde 'cien' no es literal sino sinónimo de 'muchos'. Un manantial en Buzanca (a unos 2 km) alimentaba un canal hasta la fuente del pueblo, pero como el caudal era insuficiente se excavaron numerosos pozos para complementar el abastecimiento. La profusión de pozos dio nombre a la localidad.",Ciempozuelos (cien pozuelos: muchos pequeños pozos)
cercanias_026,Aranjuez,cercanias_station,,,,40.034828,-3.618251,place,"Named after the royal town. Most accepted etymology: Basque origin from 'arantza' (thorn/hawthorn), per Rafael Lapesa. Medieval forms -- Aranz/Arauz (12th c.), Aranzuel (13th c.), Aranjuez (15th c.) -- show progressive suffixation consistent with a Basque base. Fray Martín Sarmiento (18th c.) proposed Latin 'Ara Jovis' (altar of Jupiter); Roman artifacts found in the area but no altar recovered. Terminus of Spain's first railway (1851).",Aranjuez (from Basque arantza: thorn/hawthorn),,,,,,,,,García Sánchez (CVC Rinconete Part I: cvc.cervantes.es/el_rinconete/anteriores/junio_07/06062007_01.htm); Rafael Lapesa; Fray Martín Sarmiento; es.wikipedia.org/wiki/Aranjuez_(Madrid);CVC Cervantes (cvc.cervantes.es),verified,C-3,1851,Renfe Cercanias,Aranjuez,"Debe su nombre al Real Sitio. La etimología más aceptada apunta a un origen vasco: 'arantza' (espino/espino albar), según Rafael Lapesa. Las formas medievales —Aranz/Arauz (s. XII), Aranzuel (s. XIII), Aranjuez (s. XV)— muestran una sufijación progresiva coherente con una base vasca. Fray Martín Sarmiento (s. XVIII) propuso el latín 'Ara Jovis' (altar de Júpiter); se han hallado restos romanos en la zona, pero ningún altar. Término del primer ferrocarril de España (1851).",Aranjuez (del vasco arantza: thorn/hawthorn)
cercanias_027,Parla,cercanias_station,,,,40.241046,-3.769358,place,"Named after the municipality. Most accepted theory (García Sánchez, CVC): derives from Roman anthroponym 'Parilus', designating the property owner's estate: Latin (villa) Parila > Parla. Alternative: Latin 'palus' (lagoon/swamp), proposed by Jiménez Gregorio, plausible given the sandy soil producing seasonal lagoons. The folk etymology about a mute woman who began to 'parlar' (speak) after drinking from a fountain is legend.","Parla (from Roman anthroponym Parilus, per García Sánchez)",,,,,,,,,García Sánchez (CVC Rinconete) (cvc.cervantes.es/el_rinconete); Fernando Jiménez Gregorio;Wikipedia (es.wikipedia.org),verified,C-4,,Renfe Cercanias,Parla,"Debe su nombre al municipio. La teoría más aceptada (García Sánchez, CVC) lo hace derivar del antropónimo romano 'Parilus', que designaba la finca de su propietario: latín (villa) Parila > Parla. Alternativa: latín 'palus' (laguna/pantano), propuesta por Jiménez Gregorio, plausible dada la naturaleza arenosa del suelo, que generaba lagunas estacionales. La etimología popular sobre una mujer muda que empezó a 'parlar' (hablar) tras beber de una fuente es pura leyenda.","Parla (del antropónimo romano Parilus, según García Sánchez)"
cercanias_029,Cantoblanco Universidad,cercanias_station,,Fuencarral-El Pardo,,40.543801,-3.70019,descriptive,"'Cantoblanco' likely means 'white rock/edge' (from 'canto' = stone/edge + 'blanco' = white), describing the pale limestone terrain. 'Universidad' refers to the Universidad Autonoma de Madrid (UAM), founded by Decree 5-1968 under Minister José Luis Villar Palasi to reform Spanish higher education. It opened on 24 October 1968 with 1173 students, 60 professors and five faculties. The Cantoblanco campus was inaugurated on 25 October 1971, designed by architect Miguel Duran-Loriga on a 2.2 km2 site 15 km north of Madrid, deliberately modelled on North American campus layouts. Today the UAM is consistently ranked among Spain's top universities.",Cantoblanco (white boulder) + Universidad Autónoma de Madrid,,,,,,,,,RAE (dle.rae.es/canto); es.wikipedia.org/wiki/Cantoblanco; uam.es; en.wikipedia.org/wiki/Autonomous_University_of_Madrid,verified,C-4;C-4a;C-4b,,Renfe Cercanias,Madrid,"'Cantoblanco' significa probablemente 'roca/borde blanco' (de 'canto' = piedra/borde + 'blanco' = blanco), en alusión al terreno calizo pálido. 'Universidad' se refiere a la Universidad Autónoma de Madrid (UAM), creada por Decreto 5-1968 bajo el ministro José Luis Villar Palasí para reformar la educación superior española. Abrió sus puertas el 24 de octubre de 1968 con 1173 alumnos, 60 profesores y cinco facultades. El campus de Cantoblanco se inauguró el 25 de octubre de 1971, diseñado por el arquitecto Miguel Durán-Lóriga sobre un terreno de 2,2 km² a 15 km al norte de Madrid, inspirado deliberadamente en los modelos de campus norteamericanos. Hoy la UAM figura de forma habitual entre las mejores universidades de España.",Cantoblanco (peñasco blanco) + Universidad Autónoma de Madrid
cercanias_030,Alcobendas-San Sebastián de los Reyes,cercanias_station,,,,40.5430,-3.6350,place,Alcobendas: Menéndez Pidal proposed pre-Roman 'Alcovindos' (hill); Villar Liebana suggests 'Alcebindos' (hill of the roe deer). First documented in the Fuero de Madrid (1202) as 'Alcovendas'. Alternatives: Arabic 'al-kubun' (dome/house) or hybrid 'al-' + 'so-' + 'Vendas' (beneath the inns). San Sebastián de los Reyes: named after the patron saint and the Catholic Monarchs (Reyes Católicos) who granted its charter.,Alcobendas (possibly pre-Roman: hill) + San Sebastián de los Reyes,,,,,,,,,Toponomasticon Hispaniae (toponhisp.org/es/toponimia-de-las-zonas-central-sur-e-insular-atlántica/toponimo/alcobendas); Menéndez Pidal; Villar Liebana;CVC Cervantes (cvc.cervantes.es); Moncloa.com;MadridNorte24h (madridnorte24horas.com),probable,C-4;C-4a,,Renfe Cercanias,Alcobendas/S.S. Reyes,"Alcobendas: Menéndez Pidal propuso el prerromano 'Alcovindos' (colina); Villar Liébana sugiere 'Alcebindos' (colina del corzo). Primera mención documentada en el Fuero de Madrid (1202) como 'Alcovendas'. Alternativas: árabe 'al-kubun' (cúpula/casa) o híbrido 'al-' + 'so-' + 'Vendas' (debajo de las ventas). San Sebastián de los Reyes: nombrado en honor al santo patrón y a los Reyes Católicos, que le otorgaron su carta de fundación.",Alcobendas (posiblemente prerromano: colina) + San Sebastián de los Reyes
cercanias_031,El Goloso,cercanias_station,,Fuencarral-El Pardo,,40.558469,-3.71383,place,"Named after the El Goloso area, a pre-existing rural toponym in Fuencarral. The military base (construction begun under Azana 1931-1933, inaugurated 1951) took its name from the area, not the other way around. The meaning of 'goloso' (greedy/fond of sweets) as a place-name is unexplained. One speculative theory relates the root 'gol' to a reddish terrain tone.",El Goloso (military base/area in Tres Cantos),,,,,,,,,es.wikipedia.org/wiki/El_Goloso; es.wikipedia.org/wiki/El_Goloso_(Madrid); eukele.com/gor-gol-gro-en-la-toponimia (speculative);Ministerio de Defensa (defensa.gob.es),probable,C-4;C-4b,,Renfe Cercanias,Madrid,"Toma su nombre de la zona de El Goloso, un topónimo rural preexistente en Fuencarral. La base militar (cuya construcción comenzó bajo Azaña entre 1931 y 1933 y fue inaugurada en 1951) adoptó el nombre de la zona, y no al revés. El significado de 'goloso' como topónimo no tiene explicación clara. Una hipótesis especulativa relaciona la raíz 'gol' con un tono rojizo del terreno.",El Goloso (base militar/zona en Tres Cantos)
cercanias_032,Colmenar Viejo,cercanias_station,,,,40.645201,-3.776564,place,"Named after the municipality. 'Colmenar' = place of beehives (from colmena, possibly Celtic kolmena from kolmos: straw, per Coromines). 'Viejo' = old. Per Felipe II's Relaciones Topograficas (1579), the original settlement formed around a beekeeper's house on the road between Alcalá de Henares and Segovia. First documented as 'Colmenar Biejo' in 1287.","Colmenar Viejo (old beehive place, from Celtic kolmena)",,,,,,,,,Toponomasticon Hispaniae (toponhisp.org/es/toponimia-de-las-zonas-central-sur-e-insular-atlántica/toponimo/colmenar-viejo);Telemadrid (telemadrid.es);Toponomasticon Hispaniae (toponhisp.org);Ayuntamiento de Colmenar Viejo (colmenarviejo.com); Felipe II Relaciones 1579,verified,C-4;C-4b,,Renfe Cercanias,Colmenar Viejo,"Debe su nombre al municipio. 'Colmenar' = lugar de colmenas (de colmena, posiblemente del céltico kolmena, derivado de kolmos: paja, según Corominas). 'Viejo' = antiguo. Según las Relaciones Topográficas de Felipe II (1579), el primitivo asentamiento se formó en torno a la casa de un colmenero junto al camino entre Alcalá de Henares y Segovia. Primera mención documentada como 'Colmenar Biejo' en 1287.","Colmenar Viejo (lugar de colmenas antiguo, del celta kolmena)"
cercanias_033,Asamblea de Madrid-Entrevías,cercanias_station,,Puente de Vallecas,,40.381633,-3.668024,historical,"The station opened on 10 February 1977 as 'Entrevias', a literal description: the neighbourhood sits hemmed in by railway lines on its east, north, and southwest sides -- literally 'entre vias' (between the tracks). When the new seat of the Asamblea de Madrid (regional parliament) opened nearby in 1998, authorities proposed renaming the station entirely. Residents mobilised to defend the original toponym, arguing that 'Entrevias' was both the barrio's name and the avenue the station served. The compromise was the hyphenated 'Asamblea de Madrid-Entrevias'. Between 2004 and 2007 the tracks approaching the station were buried underground, and a boulevard was built over the tunnel, softening the very isolation that gave the neighbourhood its name.",Asamblea de Madrid (regional parliament) + Entrevías neighbourhood (between railway lines),,,,,,1998,Entrevias,,es.wikipedia.org/wiki/Estacion_de_Asamblea_de_Madrid-Entrev%C3%ADas;CRTM (crtm.es),verified,C-2;C-7;C-8,1977,Renfe Cercanias,Madrid,"La estación se inauguró el 10 de febrero de 1977 con el nombre de 'Entrevías', descripción literal: el barrio queda encajonado entre vías de tren por el este, el norte y el suroeste, literalmente 'entre vías'. Cuando en 1998 se inauguró cerca de aquí la nueva sede de la Asamblea de Madrid (parlamento autonómico), las autoridades propusieron cambiar por completo el nombre de la estación. Los vecinos se movilizaron para defender el topónimo original, argumentando que 'Entrevías' era tanto el nombre del barrio como el de la avenida a la que daba servicio la estación. El resultado fue el nombre con guion 'Asamblea de Madrid-Entrevías'. Entre 2004 y 2007 las vías de acceso a la estación se soterraron, y sobre el túnel se construyó un bulevar que suavizó precisamente el aislamiento que había dado nombre al barrio.",Asamblea de Madrid (regional parliament) + Entrevías barrio (between railway lines)
cercanias_034,El Pozo,cercanias_station,,Puente de Vallecas,,40.376166,-3.656095,descriptive,"Named after the Pozo del Tío Raimundo neighbourhood. The 1864 catastro of Vallecas records a plot called 'Pozo de Raimundo' -- a well and vegetable garden at the crossroads of the Camino de los Yeseros and the Camino del Hormiguero, later expropriated for the railway. From the 1940s onward, rural migrants from Andalusia and Extremadura bought tiny plots for 1.6 pesetas per square metre and raised chabolas (shacks) overnight so police could not demolish them by morning. By 1956 the settlement held over 1700 shacks and 8000 people, making it Madrid's largest shantytown. In 1955 the Jesuit priest José María de Llanos -- confessor to Franco's circle -- abandoned his privileged life and moved into one of the chabolas, eventually building a chapel, school, and vocational centre. Living among the dispossessed turned him into a labour activist and Communist Party member, earning him the nickname 'the Red Priest'.","El Pozo del Tío Raimundo (neighbourhood, from pozo: well)",,,,,,,,,es.wikipedia.org/wiki/Pozo_del_T%C3%ADo_Raimundo; puentedevallecasblog.wordpress.com/pozo-del-tio-raimundo; zaguan.unizar.es/record/118501 (TFG Univ. Zaragoza);Madripedia (madripedia.wikis.cc),verified,C-2;C-7;C-8,1996,Renfe Cercanias,Madrid,"Debe su nombre al barrio del Pozo del Tío Raimundo. El catastro de Vallecas de 1864 registra una parcela llamada 'Pozo de Raimundo': un pozo y huerta en el cruce del Camino de los Yeseros y el Camino del Hormiguero, expropiada más tarde para el trazado ferroviario. Desde los años 40, emigrantes rurales de Andalucía y Extremadura compraban pequeñas parcelas a 1,6 pesetas el metro cuadrado y levantaban chabolas durante la noche para que la policía no pudiera demolerlas por la mañana. En 1956 el asentamiento albergaba más de 1700 chabolas y 8000 personas, lo que lo convertía en el mayor poblado chabolista de Madrid. En 1955 el sacerdote jesuita José María de Llanos —confesor de los círculos franquistas— abandonó su vida privilegiada y se instaló en una de las chabolas, donde acabó construyendo una capilla, una escuela y un centro de formación profesional. Vivir entre los desposeídos lo convirtió en activista obrero y miembro del Partido Comunista, lo que le valió el apodo de 'el cura rojo'.","El Pozo del Tío Raimundo (barrio, from pozo: well)"
cercanias_035,Santa Eugenia,cercanias_station,,Villa de Vallecas,,40.387129,-3.609086,person,"Named after the Ciudad Residencial Santa Eugenia (1970). The development was named after Eugenia, the mother of the three founding brothers (Roberto, Carmelo, Alejandro) who ran the construction company 'Pistas y Obras'. Streets are named after towns in Burgos province, reflecting the brothers' origin. Financed by Banco Rural del Mediterraneo.",Eugenia (mother of Pistas y Obras founders),,F,,,,,,,vallecas.com/santa-eugenia-una-madre-burgalesa-para-vallecas; es.wikipedia.org/wiki/Santa_Eugenia_(Villa_de_Vallecas); santaeugeniaesmibarrio.com,verified,C-2;C-7;C-8,1989,Renfe Cercanias,Madrid,"Toma su nombre de la Ciudad Residencial Santa Eugenia (1970). La urbanización fue bautizada en honor a Eugenia, madre de los tres hermanos fundadores (Roberto, Carmelo y Alejandro), que dirigían la constructora 'Pistas y Obras'. Las calles llevan nombres de pueblos de la provincia de Burgos, reflejo del origen de los hermanos. La promoción fue financiada por el Banco Rural del Mediterráneo.",Eugenia (madre de los fundadores de Pistas y Obras)
cercanias_036,Coslada,cercanias_station,,,,40.423733,-3.561008,place,"Named after the municipality. Menéndez Pidal (Toponimia Prerromanica Hispana 1952) proposed Celtic origin: 'coslo/cosla' (hazelnut) with Romance suffix '-ada', yielding 'hazelnut grove'. He cites parallels: Villa Coslus and Villa Cosla (9th-10th c. France, Marne), Coslumnus (modern Coulo, Yonne), German Kusel (Mainz). Alternative: Latin 'cos' (flint) + 'late' (extensive), from abundant gypsum/flint quarries (per Aurelio García López). The theory 'cova ustulata' (burnt cave) is explicitly dismissed as 'mere hypothesis' by García Sánchez (CVC Rinconete 2008). In his 2010 De Gruyter chapter, García Sánchez calls even the Celtic theory 'mas discutible' (more debatable). First documented 1083 under Alfonso VI; earliest confirmed written mention between 1152-1273 per Julio González (1975).","Coslada (Celtic cosla: hazelnut grove, per Menéndez Pidal)",,,,,,,,,"Menéndez Pidal, Toponimia Prerromanica Hispana (Gredos 1952); García López et al. 'Coslada' (Lunwerg 1998); García Sánchez (CVC Rinconete 2008: cvc.cervantes.es/el_rinconete/anteriores/enero_08/28012008_01.htm); García Sánchez 'En torno a la toponimia madrilena' (De Gruyter 2010: academia.edu/10965316);Cosladaweb (cosladaweb.es)",uncertain,C-2;C-7;C-8,,Renfe Cercanias,Coslada,"Debe su nombre al municipio. Menéndez Pidal (Toponimia Prerrománica Hispana, 1952) propuso un origen céltico: 'coslo/cosla' (avellana) con sufijo romance '-ada', resultando 'avellaneda'. Cita paralelos: Villa Coslus y Villa Cosla (ss. IX-X, Francia, Marne), Coslumnus (actual Coulo, Yonne), el alemán Kusel (Maguncia). Alternativa: latín 'cos' (pedernal) + 'late' (extenso), a partir de las abundantes canteras de yeso y pedernal (según Aurelio García López). La teoría 'cova ustulata' (cueva quemada) es descartada explícitamente como 'mera hipótesis' por García Sánchez (CVC Rinconete, 2008). En su capítulo de De Gruyter de 2010, García Sánchez califica incluso la teoría céltica de 'más discutible'. Primera documentación: 1083, bajo Alfonso VI; mención escrita más antigua confirmada: entre 1152 y 1273, según Julio González (1975).","Coslada (Celtic cosla: avellaneda, per Menéndez Pidal)"
cercanias_037,San Fernando de Henares,cercanias_station,,,,40.4426271,-3.5341077,religious,"Named after the municipality of San Fernando de Henares, which honours Saint Ferdinand III of Castile (1199-1252). King Fernando VI founded the town around the Royal Cloth Factory in the 1740s and named it after his patron saint Ferdinand III, canonized in 1671. This Cercanias station is distinct from the Metro Line 7 station named San Fernando, which lies about two kilometres south in the town centre.",San Fernando III de Castilla,Q243122,M,1199,1252,king; saint,Spanish (Castilian-Leonese),,,es.wikipedia.org/wiki/Estacion_de_San_Fernando_de_Henares; ayto-sanfernando.com; OpenStreetMap,verified,C-2;C-7;C-8,,Renfe Cercanias,San Fernando de Henares,"Toma su nombre del municipio de San Fernando de Henares, que honra a San Fernando III de Castilla (1199-1252). El rey Fernando VI fundó la localidad en torno a la Real Fábrica de Paños en la década de 1740 y la bautizó con el nombre de su santo patrón, Fernando III, canonizado en 1671. Esta estación de Cercanías es distinta de la estación de Metro de la línea 7 llamada San Fernando, situada unos dos kilómetros al sur, en el centro urbano.",San Fernando III de Castilla
cercanias_038,Torrejón de Ardoz,cercanias_station,,,,40.454785,-3.479746,place,"Named after the municipality. 'Torrejón' from Latin 'turris' (tower) with diminutive suffix, referring to a small medieval watchtower on the Reconquista frontier between Christian and Muslim territories (11th century). 'Ardoz' is a hydronym from the Arroyo Ardoz stream; its etymology is uncertain but has parallels with Hispano-Pyrenean toponyms (Arduix, Ardos).",Torrejón de Ardoz (medieval watchtower + Arroyo Ardoz stream),,,,,,,,,Toponomasticon Hispaniae (toponhisp.org/es/toponimia-de-las-zonas-central-sur-e-insular-atlántica/toponimo/torrejon-de-ardoz); Quadernillos;Toponomasticon Hispaniae (toponhisp.org);Torrejón Todo Noticias (torrejontodonoticias.es),verified,C-2;C-7;C-8,,Renfe Cercanias,Torrejón de Ardoz,"Debe su nombre al municipio. 'Torrejón' procede del latín 'turris' (torre) con sufijo diminutivo, en referencia a una pequeña atalaya medieval en la frontera de la Reconquista entre territorios cristianos y musulmanes (siglo XI). 'Ardoz' es un hidrónimo tomado del arroyo Ardoz; su etimología es incierta, pero presenta paralelos con topónimos hispano-pirenaicos (Arduix, Ardos).",Torrejón de Ardoz (torre de vigía medieval + arroyo Ardoz)
cercanias_039,Soto del Henares,cercanias_station,,,,40.463833,-3.441277,descriptive,"Named after the riverside grove ('soto', from Latin 'saltus') on the Henares river in Torrejón de Ardoz. The Soto del Henares is a protected natural area since 2000, home to one of Madrid's finest riparian forests of white poplars, willows, and tamarisk. When housing was built here in 2006-07, archaeologists uncovered a remarkable site spanning the Neolithic through Iron Age, with over 1,000 pit structures including Chalcolithic enclosures and Bronze Age burials. The finds are preserved in the Museo Arqueologico Regional in Alcalá.",Soto del Henares (riverside grove on the Henares river),,,,,,,,,es.wikipedia.org/wiki/Soto_del_Henares;CRTM (crtm.es);Adif (adif.es),verified,C-2;C-7;C-8,2015,Renfe Cercanias,Torrejón de Ardoz,"Toma su nombre del soto (del latín 'saltus', bosque ribereño) a orillas del río Henares, en Torrejón de Ardoz. El Soto del Henares es un espacio natural protegido desde el año 2000, que alberga uno de los mejores bosques de ribera de la Comunidad de Madrid, con álamos blancos, sauces y taray. Cuando se urbanizó la zona en 2006-2007, los arqueólogos descubrieron un yacimiento excepcional que abarca desde el Neolítico hasta la Edad del Hierro, con más de 1000 estructuras de fosa que incluyen recintos calcolíticos y enterramientos de la Edad del Bronce. Los hallazgos se conservan en el Museo Arqueológico Regional de Alcalá.",Soto del Henares (soto ribereño junto al río Henares)
cercanias_040,La Garena,cercanias_station,,,,40.480345,-3.392993,place,"Named after the La Garena residential neighbourhood in Alcalá de Henares. Carlos de Lucena (converso family) purchased a property called 'La Garena' or 'La Garcena' c.1495, which became the 'Senorio de la Garena'. The Lucena estate later became a meeting place for alumbrados (illuminists). The most plausible etymology connects it to Old French 'garenne/guarenne' (game park/rabbit warren, from Medieval Latin *warenna of Germanic origin). The variant spelling 'La Garcena' in the 1495 document may be an intermediate form. The English word 'warren' derives from the same root.",La Garena estate (documented from c.1495),,,,,,,,,Diago Hernando 'El protonotario Lucena en su entorno sociopolitico' (Sefarad 53(2) 1993: sefarad.revistas.csic.es); es.wikipedia.org/wiki/Chorrillo-Garena; Reymundo Tornero 'Datos historicos de Alcalá de Henares' (1950) p.818; etymonline.com/word/warren,uncertain,C-2;C-7;C-8,2004,Renfe Cercanias,Alcalá de Henares,"Toma su nombre del barrio de La Garena en Alcalá de Henares. Carlos de Lucena (de familia conversa) adquirió hacia 1495 una propiedad llamada 'La Garena' o 'La Garcena', que pasó a ser el 'Señorío de la Garena'. La finca de los Lucena se convirtió más tarde en lugar de reunión de alumbrados (iluministas). La etimología más verosímil la relaciona con el francés antiguo 'garenne/guarenne' (coto de caza/conejera, del latín medieval *warenna, de origen germánico). La variante 'La Garcena' que aparece en el documento de 1495 podría ser una forma intermedia. El inglés 'warren' (madriguera) comparte la misma raíz.",Finca de La Garena (documentada desde c. 1495)
cercanias_041,Alcalá de Henares,cercanias_station,,,,40.48906,-3.366189,place,"Named after the city. 'Alcalá' from Arabic 'al-qal'a' (the fortress/castle). The Muslims built a defensive enclave called 'Al-Qal'at Nahar' (the castle on the Henares). The Roman name was Complutum (confluence). 'De Henares' from the river, possibly from Latin 'foenarius' or Arabic 'en-Nahr' (the river). The Arabic 'qal'at' root is extremely productive in Iberian toponymy: Calatrava, Alcalá de Guadaira, etc.","Alcalá de Henares (Arabic al-qal'a: the fortress, on the Henares)",,,,,,,,,Etimologias de Chile (etimologias.dechile.net);La Calle Mayor (lacallemayor.net);El Complutense (elcomplutense.com),verified,C-2;C-7;C-8,,Renfe Cercanias,Alcalá de Henares,"Debe su nombre a la ciudad. 'Alcalá' procede del árabe 'al-qal'a' (la fortaleza/el castillo). Los musulmanes construyeron un enclave defensivo llamado 'Al-Qal'at Nahar' (el castillo sobre el Henares). El nombre romano era Complutum (confluencia). 'De Henares' procede del río, posiblemente del latín 'foenarius' o del árabe 'en-Nahr' (el río). La raíz árabe 'qal'at' es extraordinariamente productiva en la toponimia ibérica: Calatrava, Alcalá de Guadaíra, etc.","Alcalá de Henares (Arabic al-qal'a: la fortaleza, on the Henares)"
cercanias_042,Alcalá de Henares Universidad,cercanias_station,,,,40.505444,-3.335305,place,"Serves the historic University of Alcalá, founded by Cardinal Cisneros in 1499 via papal bull from Alexander VI. It was the world's first purpose-planned university city, blending the Paris and Salamanca models with Renaissance humanism. Here Cisneros commissioned the Biblia Poliglota Complutense (printed 1514-1517), the first multilingual Bible, employing Hebrew, Greek, and Chaldean scholars. The university moved to Madrid in 1836, becoming the Complutense; Alcalá's campus was refounded in 1977 and declared a UNESCO World Heritage Site in 1998.",Universidad de Alcalá,Q1243904,,,,,,,,es.wikipedia.org/wiki/Universidad_de_Alcal%C3%A1; uah.es,verified,C-2;C-8,,Renfe Cercanias,Alcalá de Henares,"Da servicio a la histórica Universidad de Alcalá, fundada por el Cardenal Cisneros en 1499 mediante bula papal de Alejandro VI. Fue la primera ciudad universitaria planificada del mundo, fusionando los modelos de París y Salamanca con el humanismo renacentista. Aquí encargó Cisneros la Biblia Políglota Complutense (impresa entre 1514 y 1517), primera biblia multilingüe, para la que empleó a hebraístas, helenistas y caldeístas. La universidad se trasladó a Madrid en 1836, convirtiéndose en la Complutense; el campus de Alcalá fue refundado en 1977 y declarado Patrimonio de la Humanidad por la UNESCO en 1998.",Universidad de Alcalá
cercanias_043,Meco,cercanias_station,,,,40.53464,-3.298604,place,"Named after the municipality. Etymology debated with no scholarly consensus: (1) Celtic 'miccon' (sheep) from a Celtiberian settlement; (2) Arabic 'maksusk' (bare mountain), supported by Islamic-period archaeological remains at the site; (3) RAE defines 'meco' as 'blackish-red colour', potentially a terrain descriptor. The popular identification with Roman mansio 'Miacum' from the Antonine Itinerary is rejected by modern archaeology: Rodríguez Morales and Jiménez Guijarro have identified Miacum with Collado Mediano (El Beneficio archaeological site), not Meco.","Meco (disputed: Celtic, Roman, or Arabic origin)",,,,,,,,,Quadernillos (quadernillos.com/el-origen-del-nombre-de-torrejon-meco-daganzo-y-camarma); Rodríguez Morales on Miacum (academia.edu); RAE (dle.rae.es/meco); Felipe II Relaciones 1579; es.wikipedia.org/wiki/Meco_(Madrid); amiaire.net/espana/comunidaddemadrid/cuencamediadeljarama/meco,uncertain,C-2;C-8,,Renfe Cercanias,Meco,"Debe su nombre al municipio. La etimología es objeto de debate sin consenso académico: (1) céltico 'miccon' (oveja), a partir de un asentamiento celtíbero; (2) árabe 'maksusk' (monte pelado), apoyado por restos arqueológicos de época islámica en el lugar; (3) la RAE define 'meco' como 'de color rojo negruzco', lo que podría ser un descriptor del terreno. La identificación popular con la mansio romana 'Miacum' del Itinerario de Antonino es rechazada por la arqueología moderna: Rodríguez Morales y Jiménez Guijarro han localizado Miacum en Collado Mediano (yacimiento de El Beneficio), no en Meco.","Meco (origen disputado: celta, romano o árabe)"
cercanias_044,Azuqueca,cercanias_station,,,,40.561009,-3.265344,place,"Named after Azuqueca de Henares. The toponym is fully Arabic: al-zuqayqa, a diminutive of zuqaq ('alley' or 'passage'), describing the narrow path along which the first houses clustered. The village sat on the old Roman road from Merida to Caesaraugusta (Zaragoza), a route the Arabs inherited and that kept Azuqueca connected to long-distance trade for centuries. That same strategic position on what is now the Corredor del Henares -- the A-2 motorway and rail axis linking Madrid to Guadalajara -- fuelled an industrial boom from the 1960s onward, when thousands of workers from central and southern Spain poured in. Today the corridor is one of Spain's principal logistics hubs, and Azuqueca's population has multiplied more than tenfold since 1950.",Azuqueca de Henares (possibly Arabic al-suqayqa: small market),,,,,,,,,Wikipedia (es.wikipedia.org); Ayto. Azuqueca (azuqueca.es);Toponhisp (toponhisp.org),verified,C-2;C-8,,Renfe Cercanias,Azuqueca de Henares,"Debe su nombre a Azuqueca de Henares. El topónimo es plenamente árabe: al-zuqayqa, diminutivo de zuqaq ('callejón' o 'pasaje'), y describe el estrecho camino en torno al cual se agruparon las primeras casas. La aldea se asentaba sobre la antigua calzada romana de Mérida a Caesaraugusta (Zaragoza), una ruta heredada por los árabes que mantuvo a Azuqueca conectada al comercio de larga distancia durante siglos. Esa misma posición estratégica en lo que hoy es el Corredor del Henares —el eje de la A-2 y el ferrocarril que une Madrid con Guadalajara— impulsó un auge industrial a partir de los años 60, cuando miles de trabajadores de la España central y meridional acudieron en masa. Hoy el corredor es uno de los principales polos logísticos de España, y la población de Azuqueca se ha multiplicado por más de diez desde 1950.",Azuqueca de Henares (posiblemente del árabe al-suqayqa: pequeño mercado)
cercanias_045,Guadalajara,cercanias_station,,,,40.644084,-3.182253,place,"Named after the city of Guadalajara, from Arabic 'Wadi al-Hijara' (valley of stones), describing the gravelly Henares river. Under Muslim rule it was part of the Middle March of al-Andalus, governed by the Berber Banu Salim clan, until Alfonso VI annexed it in 1085. The city's crown jewel is the Palacio del Infantado, a stunning 15th-century Gothic-Mudejar palace built by the Mendoza family. On 6 December 1936, during the Civil War, Nationalist bombing set the palace ablaze for several days, leaving only walls and stonework standing; it was painstakingly restored from 1961 and now serves as a cultural centre and museum.",Guadalajara (Arabic Wadi al-Hayara: river/valley of stones),,,,,,,,,Wikipedia (es.wikipedia.org); Milenio; Cervantes Virtual (cervantesvirtual.com),verified,C-2;C-8,,Renfe Cercanias,Guadalajara,"Debe su nombre a la ciudad de Guadalajara, del árabe 'Wadi al-Hijara' (valle de piedras), en alusión al lecho pedregoso del Henares. Bajo dominio musulmán formó parte de la Marca Media de al-Ándalus, gobernada por el clan bereber de los Banu Salim, hasta que Alfonso VI la incorporó en 1085. La joya de la ciudad es el Palacio del Infantado, espléndido edificio gótico-mudéjar del siglo XV erigido por la familia Mendoza. El 6 de diciembre de 1936, durante la Guerra Civil, los bombardeos nacionales incendiaron el palacio durante varios días, dejando en pie tan solo los muros y la cantería; fue restaurado con esmero a partir de 1961 y hoy funciona como centro cultural y museo.",Guadalajara (Arabic Wadi al-Hayara: river/valle de piedras)
cercanias_048,Las Águilas,cercanias_station,,Latina,,40.381459,-3.780377,descriptive,"Named after the Las Aguilas neighbourhood in the Latina district, which took its name from the Pinar de las Aguilas (Pine Grove of the Eagles), a woodland that covered this elevated area of former Carabanchel Alto. The pine grove was one of several aristocratic estates in the zone; nearby, the Hospitaller Brothers of Saint John of God reforested land with thousands of stone pines in 1906, creating the Pinar de San José. Carabanchel Alto remained an independent municipality until annexed by Madrid in 1948; the 1971 district reorganisation split it between today's Latina, Carabanchel and Usera districts, with Las Aguilas assigned to Latina. The neighbourhood retains a hillside character with views over the Manzanares valley.",Las Aguilas neighbourhood (Latina district),,,,,,,,,madripedia.wikis.cc/wiki/Barrio_de_Las_Aguilas; es.wikipedia.org/wiki/Las_%C3%81guilas_(Madrid);Madripedia (madripedia.wikis.cc); en.wikipedia.org/wiki/Carabanchel; mesadelarbolcarabanchel.com,verified,C-5,1976,Renfe Cercanias,Madrid,"Toma su nombre del barrio de Las Águilas, en el distrito de Latina, que a su vez lo adoptó del Pinar de las Águilas, un paraje arbolado que cubría esta zona elevada del antiguo Carabanchel Alto. El pinar era una de varias fincas aristocráticas de la zona; cerca de allí, los Hermanos Hospitalarios de San Juan de Dios reforestaron terrenos con miles de pinos piñoneros en 1906, creando el Pinar de San José. Carabanchel Alto se mantuvo como municipio independiente hasta su anexión a Madrid en 1948; la reorganización distrital de 1971 lo repartió entre los actuales distritos de Latina, Carabanchel y Usera, y Las Águilas quedó asignada a Latina. El barrio conserva su carácter de ladera con vistas sobre el valle del Manzanares.",Las Aguilas barrio (Latina district)
cercanias_051,Alcorcón,cercanias_station,,,,40.3520,-3.8290,place,"Named after the municipality. García Sánchez (CVC Rinconete 2007) favours a hybrid Latin+Arabic formation: the al- prefix is not the Arabic article in its original function but a superstrate adoption over a Latin root *corcu/qorq from Latin 'quercus' (oak), parallel to 'alcornoque' (cork oak). The toponym would mean 'the oak grove' as a Mozarabic hybrid. Alternative: pure Arabic 'al-kur'/'al-gor' (hill/mound), supported by local tradition and the town's elevated position. The folk etymology connecting it to Alcorcón's famous pottery tradition (via 'alcor' as copper oxide glaze) is linguistically dubious: Corominas traces 'alcorque' to Latin 'cortex' (bark), not 'quercus'. First documented 1208 as 'Canada de Alcorcón' under Alfonso VIII.","Alcorcón (hybrid al- + Latin quercus: oak grove, per García Sánchez)",,,,,,,,,García Sánchez (CVC Rinconete 2007) (cvc.cervantes.es/el_rinconete); Corominas;Ayuntamiento de Alcorcón (ayto-alcorcon.es);Alcorconhoy (alcorconhoy.com),probable,C-5,,Renfe Cercanias,Alcorcón,"Debe su nombre al municipio. García Sánchez (CVC Rinconete 2007) se inclina por una formación híbrida latino-árabe: el prefijo al- no funciona aquí como artículo árabe en sentido estricto, sino como un elemento de superestrato sobre una raíz latina *corcu/qorq procedente de 'quercus' (encina), paralelo a 'alcornoque'. El topónimo significaría 'el encinar' como híbrido mozárabe. Alternativa: árabe puro 'al-kur'/'al-gor' (colina/loma), respaldado por la tradición local y la posición elevada del municipio. La etimología popular que lo asocia a la famosa tradición alfarera de Alcorcón (a través de 'alcor' como esmalte de óxido de cobre) carece de base lingüística: Corominas remonta 'alcorque' al latín 'cortex' (corteza), no a 'quercus'. Primera documentación: 1208, como 'Cañada de Alcorcón', bajo Alfonso VIII.","Alcorcón (hybrid al- + Latin quercus: robledal, per García Sánchez)"
cercanias_052,San José de Valderas,cercanias_station,,,,40.3565270,-3.8158622,religious,"Named after the San José de Valderas neighbourhood of Alcorcón. The Marqueses de Valderas acquired properties in the Valdecuervo area c.1913 and built castle-palaces by 1917, including a private chapel dedicated to San José. The neighbourhood (from 1958) took its name from this chapel. 'Valderas' documented from 1121 as 'Vald'Heras' (valley of threshing floors, from Latin area).",San José de Valderas neighbourhood (patron saint + Valderas estate),,,,,,,,,alcorconhoy.com/los-castillos-de-san-jose-de-valderas; Díaz Lage (dialnet.unirioja.es/servlet/articulo?código=4406080); valdedevalderas.blogspot.com;Ayto. Alcorcón (ayto-alcorcon.es),verified,C-5,1976,Renfe Cercanias,Alcorcón,"Debe su nombre al barrio de San José de Valderas, en Alcorcón. Los marqueses de Valderas adquirieron propiedades en la zona de Valdecuervo hacia 1913 y construyeron palacios-castillo hacia 1917, que incluían una capilla privada dedicada a San José. El barrio (desde 1958) tomó el nombre de dicha capilla. 'Valderas' está documentado desde 1121 como 'Vald'Heras' (valle de las eras, del latín area).",San José de Valderas barrio (santo patrón + Valderas estate)
cercanias_053,Las Retamas,cercanias_station,,,,40.3414497,-3.8429569,descriptive,"Named after the abundant retama (Retama sphaerocarpa) that grew across this terrain between Alcorcón and Móstoles. 'Retama' entered Spanish from Andalusi Arabic 'ratama' (classical Arabic 'ratamah'), one of the deepest Arabic botanical loanwords in the language. This drought-resistant legume fixes nitrogen in poor soils, making it a pioneer species on Madrid's arid meseta -- its bright yellow flowers once blanketed the uncultivated wastelands here. The station opened in 2003 on the C-5 extension, built on an embankment at the intersection of Avenida de Móstoles and Avenida de las Retamas.","Las Retamas neighbourhood (Móstoles, from retama: broom plant)",,,,,,,,,"RAE (dle.rae.es/retama -- 'del ar. hisp. ratama, del ar. clas. ratamah'); etimologias.dechile.net/?retama; es.wikipedia.org/wiki/Estacion_de_Las_Retamas;Ayto. Móstoles (mostoles.es);CRTM (crtm.es)",verified,C-5,2003,Renfe Cercanias,Alcorcón,"Toma su nombre de la abundante retama (Retama sphaerocarpa) que crecía en estos terrenos entre Alcorcón y Móstoles. 'Retama' entró en el castellano desde el árabe andalusí 'ratama' (árabe clásico 'ratamah'), uno de los arabismos botánicos de más hondo arraigo en la lengua. Esta leguminosa resistente a la sequía fija nitrógeno en suelos pobres, lo que la convierte en especie pionera en la árida meseta madrileña; sus llamativas flores amarillas cubrían antaño los baldíos de esta zona. La estación se abrió en 2003, dentro de la ampliación de la línea C-5, construida sobre un terraplén en el cruce de la Avenida de Móstoles y la Avenida de las Retamas.","Las Retamas barrio (Móstoles, from retama: retama)"
cercanias_054,Móstoles,cercanias_station,,,,40.3285651,-3.8639329,place,"Named after the municipality. From Latin 'monisterium/monisteriis' (monasteries): Monisterium > Monsteriu > Moster > Mostel > Mosteles > Móstoles, indicating pre-Islamic Christian monasteries in the area. First document mentioning the town (1144) calls it 'Turrem de Monsteles' (Tower of Mosteles).",Móstoles (from Latin monisterium: monasteries),,,,,,,,,García Sánchez (CVC Rinconete Part IV: cvc.cervantes.es/el_rinconete/anteriores/agosto_07/31082007_02.htm); Rodríguez Morales (celtiberia.net/es/biblioteca/?id=1935); es.wikipedia.org/wiki/M%C3%B3stoles,probable,C-5,,Renfe Cercanias,Móstoles,"Debe su nombre al municipio. Procede del latín 'monisterium/monisteriis' (monasterios): Monisterium > Monsteriu > Moster > Mostel > Mosteles > Móstoles, lo que indica la presencia de monasterios cristianos anteriores a la etapa islámica. El primer documento que menciona la localidad (1144) la llama 'Turrem de Monsteles' (Torre de Mosteles).",Móstoles (del latín monisterium: monasteries)
cercanias_055,Móstoles-El Soto,cercanias_station,,,,40.3309400,-3.8822004,descriptive,"'El Soto' means 'the grove' (from Latin saltus), referring to the riparian forest along the Arroyo del Soto, a tributary of the Guadarrama river on Móstoles' western edge. Today the Parque de El Soto, a 44-hectare forest park, is the municipality's largest green space. Móstoles itself is forever linked to 2 May 1808: that afternoon, as Madrid rose against Napoleón's troops, local mayor Andrés Torrejón and his colleague Simon Hernández signed the Bando de los Alcaldes de Móstoles, a proclamation calling all Spanish towns to arms. The edict -- actually drafted by the jurist Juan Pérez Villamil -- spread by courier across Castile and is considered the spark that ignited the War of Independence. Both mayors were arrested by General Murat and sentenced to death; a bail of 30000 reales saved them, but Torrejón died of famine in 1812.","Móstoles + El Soto (riverside grove, from Latin saltus)",,,,,,,,,es.wikipedia.org/wiki/Estacion_de_Mostoles-El_Soto;Ayto. Móstoles (mostoles.es);CRTM (crtm.es),verified,C-5,,Renfe Cercanias,Móstoles,"'El Soto' significa 'el bosque ribereño' (del latín saltus), en referencia al bosque de ribera que bordea el arroyo del Soto, afluente del río Guadarrama en el extremo occidental de Móstoles. Hoy el Parque de El Soto, un parque forestal de 44 hectáreas, es el mayor espacio verde del municipio. Móstoles está ligado para siempre al 2 de mayo de 1808: aquella tarde, mientras Madrid se alzaba contra las tropas de Napoleón, los alcaldes Andrés Torrejón y Simón Hernández firmaron el Bando de los Alcaldes de Móstoles, una proclama que llamaba a todas las localidades españolas a tomar las armas. El edicto —redactado en realidad por el jurista Juan Pérez Villamil— se difundió por mensajero por toda Castilla y se considera la chispa que encendió la Guerra de la Independencia. Ambos alcaldes fueron detenidos por el general Murat y condenados a muerte; una fianza de 30 000 reales los salvó, pero Torrejón murió de hambre en 1812.","Móstoles + El Soto (riverside grove, del latín saltus)"
cercanias_056,Leganés,cercanias_station,,,,40.3290937,-3.7711973,place,"Named after the municipality. From Latin 'leganos' (place with much mud/silt). Per Felipe II's 16th-century Relaciones Topograficas, the area had a lagoon with abundant 'legamo' (silt/mud). The original name was reportedly 'Legamar', later corrupted. Alternative: from 'lebanes' (person from Liebana, Cantabria). Founded c.1280 under Alfonso X; first documented 1232.",Leganés (from Latin leganos: muddy place),,,,,,,,,Toponomasticon Hispaniae (toponhisp.org/es/toponimia-de-las-zonas-central-sur-e-insular-atlántica/toponimo/leganes);Secretos de Leganés (secretosdeleganes.wordpress.com);Toponomasticon Hispaniae (toponhisp.org);CVC Cervantes (cvc.cervantes.es),verified,C-5,,Renfe Cercanias,Leganés,"Debe su nombre al municipio. Procede del latín 'leganos' (lugar con mucho barro/limo). Según las Relaciones Topográficas de Felipe II (siglo XVI), la zona contaba con una laguna con abundante 'légamo' (cieno/lodo). Originalmente el nombre habría sido 'Legamar', que luego se corrompió. Alternativa: de 'lebanés' (persona de Liébana, Cantabria). Fundada hacia 1280 bajo Alfonso X; primera documentación en 1232.",Leganés (del latín leganos: lugar cenagoso)
cercanias_057,Parque Polvoranca,cercanias_station,,,,40.3121158,-3.7835696,place,"Named after the Parque de Polvoranca regional park. The name derives from the Roman anthroponym Laurianus (5th-century landowner). During Muslim rule, the prefix 'que' was added yielding Loranque. In the Middle Ages, 'pol-' (from poblar, to populate) produced Polboranca. In 1794, Pedro Ignacio Belluti Valdes changed 'b' to 'v', giving modern Polvoranca. The settlement was absorbed by Leganés in 1849.",Parque de Polvoranca (regional park in Leganés),,,,,,,,,fotoblog-madrid-josamez.blogspot.com/2013/02/la-aldea-de-polvoranca.html; despobladosyabandonados.com/2020/04/polvoranca.html; es.wikipedia.org/wiki/Polvoranca;comunidad.madrid;CRTM (crtm.es),verified,C-5,2004,Renfe Cercanias,Leganés,"Toma su nombre del parque regional de Polvoranca. El nombre procede del antropónimo romano Laurianus (un propietario del siglo V). Bajo dominio musulmán se le añadió el prefijo 'que', resultando Loranque. En la Edad Media, 'pol-' (de poblar) generó Polboranca. En 1794, Pedro Ignacio Belluti Valdés cambió la 'b' por 'v', dando el Polvoranca moderno. El asentamiento fue absorbido por Leganés en 1849.",Parque de Polvoranca (parque regional en Leganés)
cercanias_058,Fuenlabrada,cercanias_station,,,,40.2833142,-3.7992452,place,"Named after the municipality. Contraction of 'Fuente Labrada' (carved/hewn fountain). Per the municipal archive and Felipe II's Relaciones Topograficas, near the village stood an old stone fountain 'labrada a cal y canto' (built of stone and mortar), believed to have been made by the Moors. The settlement took its name from this fountain.",Fuenlabrada (Fuente Labrada: carved stone fountain),,,,,,,,,Toponomasticon Hispaniae (toponhisp.org);Ayuntamiento de Fuenlabrada (ayto-fuenlabrada.es);Memorias de Fuenlabrada (memoriasfuenlabrada.blogspot.com),verified,C-5,,Renfe Cercanias,Fuenlabrada,"Debe su nombre al municipio. Es contracción de 'Fuente Labrada' (fuente labrada/tallada). Según el archivo municipal y las Relaciones Topográficas de Felipe II, cerca del pueblo había una antigua fuente de piedra 'labrada a cal y canto', que se creía obra de los moros. La población tomó el nombre de esta fuente.",Fuenlabrada (Fuente Labrada: fuente de piedra labrada)
cercanias_059,La Serna-Fuenlabrada,cercanias_station,,,,40.2967165,-3.7924919,descriptive,"'La Serna' derives from Vulgar Latin 'senara', itself from Proto-Celtic *senara ('piece of land ploughed aside'), built on *sen- (separation) + *aryeti (to plough). In medieval Castile a 'serna' denoted demesne land -- the strip the lord retained for his own harvest, often worked as corvee by tenants. Corominas (DCECH) and the Toponomasticon Hispaniae both document the term. 'Fuenlabrada' is appended to identify the municipality.",La Serna (from Latin serna: cultivated strip of land),,,,,,,,,Toponomasticon Hispaniae (toponhisp.org/es/toponimia-de-las-zonas-central-sur-e-insular-atlántica/toponimo/serna-la); Corominas DCECH (bibliamedieval.es); RAE (dle.rae.es/senara);Ayto. Fuenlabrada (ayto-fuenlabrada.es);CRTM (crtm.es),verified,C-5,,Renfe Cercanias,Fuenlabrada,"'La Serna' procede del latín vulgar 'senara', a su vez del protocéltico *senara ('porción de tierra arada aparte'), formado sobre *sen- (separación) + *aryeti (arar). En la Castilla medieval, una 'serna' designaba la tierra de dominio señorial —la franja que el señor retenía para su propia cosecha, a menudo trabajada como prestación personal por los colonos—. Corominas (DCECH) y el Toponomasticon Hispaniae documentan el término. Se añade 'Fuenlabrada' para identificar el municipio.",La Serna (del latín serna: cultivated strip of land)
cercanias_060,Humanes,cercanias_station,,,,40.2556297,-3.8284438,place,"Named after the municipality of Humanes de Madrid. Per linguist Edelmiro Bascuas, from the Paleo-European hydronymical root *um- (from Indo-European *am-: watercourse/channel). Alternative: Latin 'humidus' (humid). Both theories converge on a water connection, consistent with the geography: a sandy plain between the Guadarrama and Jarama basins crossed by streams.",Humanes de Madrid (Paleo-European *um-: watercourse),,,,,,,,,"Bascuas, Hidronimia y lexico de origen paleoeuropeo en Galicia (2006); es.wikipedia.org/wiki/Humanes_de_Madrid; ayto-humanesdemadrid.es/historia-de-humanes-2",verified,C-5,,Renfe Cercanias,Humanes de Madrid,"Debe su nombre al municipio de Humanes de Madrid. Según el lingüista Edelmiro Bascuas, procede de la raíz hidronómica paleoeuropea *um- (del indoeuropeo *am-: curso de agua/canal). Alternativa: latín 'humidus' (húmedo). Ambas teorías convergen en una vinculación con el agua, coherente con la geografía: una llanura arenosa entre las cuencas del Guadarrama y el Jarama, surcada por arroyos.",Humanes de Madrid (paleoeuropeo *um-: curso de agua)
cercanias_061,Aravaca,cercanias_station,,Moncloa-Aravaca,,40.448581,-3.785495,place,"Named after the neighbourhood of Aravaca. Caridad Arias (Anales IEM 44, 2004, pp. 821-830) argues it is an ethnic designation from the Celtiberian people the Arevaci/Aravaci, not an agricultural reference. Pliny wrote 'Arevacis nomen dedit flumen Areva' (N.h. 3, 27). St. Jerome confirms Arevacan groups settled as far as Carpetanian territory. Roman cavalry units of Arevacan horsemen ('Aravacorum') are documented in CIL III 3271. Alternative: Isabel Gea's 'Ara Val Cea' (valley of Cea). The folk etymology 'ara, vaca!' (plough, cow!) from Felipe II's 1575 Relaciones lacks linguistic support. First documented in 1202 Fuero de Madrid as Sexmo de Aravaca; current form 1427.","Aravaca (ethnic designation from Celtiberian Arevaci, per Caridad Arias)",,,,,,,,,"Caridad Arias (Anales IEM 44, 2004, pp. 821-830: dialnet.unirioja.es/servlet/articulo?código=3012173); Pliny N.h. 3, 27; Isabel Gea, Curiosidades y anecdotas de Madrid; Relaciones topograficas Felipe II 1575; Fuero de Madrid 1202",uncertain,C-7;C-10,,Renfe Cercanias,Madrid,"Debe su nombre al barrio de Aravaca. Caridad Arias (Anales IEM 44, 2004, pp. 821-830) defiende que se trata de una designación étnica derivada del pueblo celtíbero de los Arévacos/Aravaci, no de una referencia agrícola. Plinio escribió 'Arevacis nomen dedit flumen Areva' (N.h. 3, 27). San Jerónimo confirma que grupos arévacos se asentaron hasta territorio carpetano. Unidades de caballería romana de jinetes arévacos ('Aravacorum') están documentadas en CIL III 3271. Alternativa: Isabel Gea propone 'Ara Val Cea' (valle de Cea). La etimología popular '¡ara, vaca!' (¡ara, vaca!) de las Relaciones de Felipe II (1575) carece de fundamento lingüístico. Primera documentación: Fuero de Madrid de 1202, como Sexmo de Aravaca; forma actual documentada en 1427.","Aravaca (designación étnica del celtíbero Arevaci, según Caridad Arias)"
cercanias_062,El Barrial-Centro Comercial Pozuelo,cercanias_station,,,,40.465328,-3.807848,descriptive,"Originally named 'El Barrial' after the neighbourhood. 'Barrial' means a muddy or clay-rich area (RAE: 'terreno gredoso o arcilloso'), from 'barro' (mud/clay), reflecting the geology of the terrain between Pozuelo de Alarcón and Aravaca. The station name was extended when the Centro Comercial Pozuelo (a Hipercor-anchored shopping centre) opened nearby, following the common Spanish practice of dual-naming stations after both a neighbourhood and a commercial landmark. The station serves the C-7 and C-10 Cercanias lines on the western commuter corridor.",El Barrial area + Centro Comercial Pozuelo,,,,,,,,,RAE (dle.rae.es/barrial); es.wikipedia.org/wiki/Estacion_de_El_Barrial-Centro_Comercial_Pozuelo;Ayto. Pozuelo (pozuelodealarcon.org),verified,C-7;C-10,,Renfe Cercanias,Madrid/Pozuelo de Alarcón,"Originalmente llamada 'El Barrial', por el barrio homónimo. 'Barrial' designa un terreno gredoso o arcilloso (RAE: 'terreno gredoso o arcilloso'), de 'barro' (arcilla/lodo), reflejando la geología del terreno entre Pozuelo de Alarcón y Aravaca. El nombre de la estación se amplió cuando se inauguró el Centro Comercial Pozuelo (con Hipercor como tienda ancla), siguiendo la práctica española habitual de dar a las estaciones un doble nombre que combine barrio y referencia comercial. La estación da servicio a las líneas C-7 y C-10 de Cercanías en el corredor de cercanías occidental.",Zona de El Barrial + Centro Comercial Pozuelo
cercanias_063,Pozuelo,cercanias_station,,,,40.447408,-3.800061,place,"Named after Pozuelo de Alarcón. 'Pozuelo' from Latin 'puteolu' (diminutive of puteus: well), meaning 'place with wells/springs'. Wells reportedly dug by Muslims to supply the village. Originally 'Pozuelo de Aravaca'; renamed in 1632 when Gabriel de Ocana y Alarcón purchased the town and required his surname be added. First documented 1208.",Pozuelo de Alarcón (Latin puteolu: small well/spring),,,,,,,,,Ayuntamiento de Pozuelo (pozuelodealarcon.org);Toponomasticon Hispaniae (toponhisp.org);MadridNorte24h (madridnorte24horas.com),verified,C-7;C-10,,Renfe Cercanias,Pozuelo de Alarcón,"Debe su nombre a Pozuelo de Alarcón. 'Pozuelo' procede del latín 'puteolu' (diminutivo de puteus: pozo), es decir, 'lugar con pozos/manantiales'. Según la tradición, los pozos fueron excavados por los musulmanes para abastecer la aldea. Originalmente 'Pozuelo de Aravaca', el nombre cambió en 1632 cuando Gabriel de Ocaña y Alarcón compró la villa y exigió que su apellido se incorporara al topónimo. Primera documentación: 1208.",Pozuelo de Alarcón (Latin puteolu: pequeño pozo/fuente)
cercanias_064,Majadahonda,cercanias_station,,,,40.474339,-3.84597,place,"Named after the municipality. From 'majada' (Latin maculata: stained, a sheepfold where ground was stained by animal dung) + 'honda' (deep/low-lying terrain). Segovian shepherds settled the area in the 13th century and established their pens in a deep hollow, giving rise to the name.",Majadahonda (majada honda: deep sheepfold),,,,,,,,,Toponomasticon Hispaniae (toponhisp.org/es/toponimia-de-las-zonas-central-sur-e-insular-atlántica/toponimo/majadahonda);MadridNorte24h (madridnorte24horas.com);Toponomasticon Hispaniae (toponhisp.org);CVC Cervantes (cvc.cervantes.es),verified,C-7;C-10,,Renfe Cercanias,Majadahonda,"Debe su nombre al municipio. Procede de 'majada' (del latín maculata: manchada, un redil donde el suelo quedaba teñido por el estiércol) + 'honda' (terreno profundo/hundido). Pastores segovianos se asentaron en la zona en el siglo XIII y establecieron sus apriscos en una hondonada, dando origen al nombre.",Majadahonda (majada honda: majada honda)
cercanias_065,Las Rozas,cercanias_station,,,,40.494294,-3.867936,place,"Named after the municipality. From Castilian 'roza' (land cleared for cultivation by slash-and-burn). The settlement originated as a zone of newly cleared croplands, contrasting with neighboring Majadahonda (founded by shepherds). True growth occurred in the 16th century with Madrid as capital and El Escorial's construction driving demand for agricultural areas.",Las Rozas (rozas: slash-and-burn clearings for farmland),,,,,,,,,Toponomasticon Hispaniae (toponhisp.org/es/toponimia-de-las-zonas-central-sur-e-insular-atlántica/toponimo/las-rozas);Toponomasticon Hispaniae (toponhisp.org);Wikipedia (es.wikipedia.org); STANCE,verified,C-7;C-10,,Renfe Cercanias,Las Rozas de Madrid,"Debe su nombre al municipio. Procede del castellano 'roza' (terreno desmontado para el cultivo mediante roza y quema). El asentamiento se originó como zona de roturaciones recientes, en contraste con la vecina Majadahonda (fundada por pastores). El verdadero crecimiento se produjo en el siglo XVI, con Madrid como capital y la construcción de El Escorial como motores de la demanda de terrenos agrícolas.",Las Rozas (rozas: roza y quema clearings for farmland)
cercanias_066,Pinar,cercanias_station,,,,40.5040,-3.8860,descriptive,"Named after the Pinar de las Rozas (Pine Grove of Las Rozas). The station sits at a key railway junction: when the Madrid-El Escorial line opened on 9 Aug 1861, no stop existed between Las Rozas and Torrelodones. The junction was created in 1964 when a branch to Chamartín diverged here. The current stop dates from 1989 and serves lines C-3, C-8 and C-10, making it one of the busiest bifurcation points in the Cercanias network.",Pinar de las Rozas (pine grove area),,,,,,,,,Wikipedia (es.wikipedia.org);Ferropedia (ferropedia.es),verified,C-8;C-10,,Renfe Cercanias,Las Rozas de Madrid,"Toma su nombre del Pinar de las Rozas. La estación se sitúa en un nudo ferroviario clave: cuando se inauguró la línea Madrid-El Escorial el 9 de agosto de 1861, no existía parada alguna entre Las Rozas y Torrelodones. El empalme se creó en 1964, cuando un ramal hacia Chamartín divergía aquí. La parada actual data de 1989 y da servicio a las líneas C-3, C-8 y C-10, lo que la convierte en uno de los puntos de bifurcación más transitados de la red de Cercanías.",Pinar de las Rozas (pinar area)
cercanias_067,Las Matas,cercanias_station,,,,40.5520075,-3.8966702,descriptive,"Named after Las Matas, a settlement born from the railway. 'Mata' (from Late Latin 'matta': mat/covering) originally meant dense low scrub covering the ground; the 1755 map shows this as 'Matas Altas' (Tall Bushes). The station opened in 1861 on the Madrid-El Escorial line. In 1919, Spain's first railway classification yard (estación clasificadora) was built here, and in 1922 the Compañía del Norte erected a workers' village to house yard staff -- one of Spain's earliest planned railway communities.",Las Matas (matas: thickets/scrubland),,,,,,,,,RAE (dle.rae.es/mata); es.wikipedia.org/wiki/Las_Matas (1755 map 'Matas Altas'); Corominas;Ayto. Las Rozas (lasrozas.es),verified,C-8;C-10,,Renfe Cercanias,Las Rozas de Madrid,"Toma su nombre de Las Matas, un asentamiento nacido del ferrocarril. 'Mata' (del latín tardío 'matta': estera/cobertura) significaba originalmente un matorral denso y bajo que cubría el suelo; el mapa de 1755 señala esta zona como 'Matas Altas'. La estación se inauguró en 1861 con la línea Madrid-El Escorial. En 1919 se construyó aquí la primera estación clasificadora ferroviaria de España, y en 1922 la Compañía del Norte levantó un poblado obrero para alojar al personal de la playa de vías, una de las primeras comunidades ferroviarias planificadas de España.",Las Matas (matas: matorrales)
cercanias_068,Torrelodones,cercanias_station,,,,40.5745799,-3.9568734,place,"Named after the municipality. From 'Torre' (tower) + 'Lodones' (hackberry/nettle trees, Celtis australis). Refers to the medieval Andalusi watchtower (10th century), part of the Muslim defensive system, surrounded by lodon trees. Originally 'Torre de Lodones', contracted to 'Torrelodones'. First documented 1287.",Torrelodones (watchtower among hackberry trees),,,,,,,,,Toponomasticon Hispaniae (toponhisp.org/es/toponimia-de-las-zonas-central-sur-e-insular-atlántica/toponimo/torrelodones);Ayuntamiento de Torrelodones (torrelodones.es);Toponomasticon Hispaniae (toponhisp.org);MadridNorte24h (madridnorte24horas.com),verified,C-8;C-10,,Renfe Cercanias,Torrelodones,"Debe su nombre al municipio. Procede de 'Torre' (torre) + 'Lodones' (almeces, Celtis australis). Hace referencia a la atalaya andalusí medieval (siglo X), parte del sistema defensivo musulmán, rodeada de almeces ('lodones'). Originalmente 'Torre de Lodones', se contrajo en 'Torrelodones'. Primera documentación: 1287.",Torrelodones (torre de vigía entre almeces)
cercanias_069,Galapagar-La Navata,cercanias_station,,,,40.6005917,-3.9822494,place,Galapagar: from 'galapago' (freshwater terrapin) + '-ar' (place abundant in). First settlements were around a small lagoon with a colony of terrapins. The municipal coat of arms features these animals. Registered in DRAE since 1899. La Navata: from 'nava' (Basque: flat land with pasture between mountains) with diminutive suffix.,Galapagar (place of terrapins) + La Navata (small pasture plain),,,,,,,,,Toponomasticon Hispaniae (toponhisp.org/es/toponimia-de-las-zonas-central-sur-e-insular-atlántica/toponimo/galapagar);Toponomasticon Hispaniae (toponhisp.org);MadridNorte24h (madridnorte24horas.com);DRAE (dle.rae.es),verified,C-8;C-10,1861,Renfe Cercanias,Galapagar,Galapagar: de 'galápago' (tortuga de agua dulce) + '-ar' (lugar abundante en). Los primeros asentamientos se ubicaron en torno a una pequeña laguna con una colonia de galápagos. El escudo municipal presenta estos animales. Registrado en el DRAE desde 1899. La Navata: de 'nava' (voz de origen vasco: llanura con pasto entre montañas) con sufijo diminutivo.,Galapagar (lugar de terrapins) + La Navata (small pasture plain)
cercanias_070,San Yago,cercanias_station,,,,40.6178343,-4.0310785,religious,"'San Yago' preserves an archaic stage in a remarkable phonetic chain: Latin Sanctus Iacobus > Late Latin Iacob(m)us > Vulgar Romance Iaco > Yago, then prefixed with the saint honorific Sant' to yield Sant Yago, eventually fused into Santiago. Menéndez Pidal (1941) documented this evolution. The hamlet sits in Galapagar, a municipality whose name derives from 'galapago' (turtle/rocky terrain). The area retains a rural character within the Sierra de Guadarrama foothills.","San Yago (archaic form of Santiago, patron saint: Saint James)",,,,,,,,,xacopedia.com/onomastica_de_Santiago (Menéndez Pidal 1941); etimologias.dechile.net/?Santiago; es.wikipedia.org/wiki/Estacion_de_San_Yago;Ayto. Galapagar (galapagar.es),verified,C-8,,Renfe Cercanias,Galapagar,"'San Yago' preserva una fase arcaica de una notable cadena fonética: latín Sanctus Iacobus > latín tardío Iacob(m)us > romance vulgar Iaco > Yago, al que se antepuso el honorífico de santo Sant', dando Sant Yago, que acabó fundiéndose en Santiago. Menéndez Pidal (1941) documentó esta evolución. La aldea se encuentra en Galapagar, municipio cuyo nombre deriva de 'galápago' (tortuga/terreno rocoso). La zona conserva un carácter rural en las estribaciones de la Sierra de Guadarrama.","San Yago (archaic form of Santiago, santo patrón: Saint James)"
cercanias_071,El Escorial,cercanias_station,,,,40.5852560,-4.1323220,place,"Named after the municipality. Two major theories: (1) Latin 'scoria' (slag/waste), proposed by Father Siguenza (16th c.), who noted ashes and slag around the site. (2) Latin 'esculus' (oak/holm oak), proposed by Sarmiento (18th c.): 'esculealis' > 'escurial' > 'escorial'. Recent research by Auberson supports the oak theory. However, the Toponomasticon Hispaniae favours the slag (scoria) theory, citing the historical ironworks: the Bosque de la Herreria was formerly the Dehesa de las Ferrerias de Fuentelamparas, citing geologist Casiano de Prado's 1864 survey finding no slag deposits but documenting dense former forest cover.","El Escorial (from Latin esculus: oak, or scoria: slag)",,,,,,,,,Toponomasticon Hispaniae (toponhisp.org/es/toponimia-de-las-zonas-central-sur-e-insular-atlántica/toponimo/san-lorenzo-de-el-escorial); García Sánchez (CVC Rinconete Part II: cvc.cervantes.es/el_rinconete/anteriores/junio_07/21062007_01.asp); Lorenzo Arribas (CVC Rinconete: cvc.cervantes.es/el_rinconete/anteriores/enero_07/12012007_01.htm); Father Siguenza (16th c.); Sarmiento (18th c.); Casiano de Prado 1864,verified,C-8,,Renfe Cercanias,El Escorial,"Debe su nombre al municipio. Dos grandes teorías: (1) latín 'scoria' (escoria/residuos), propuesta por el padre Sigüenza (s. XVI), que advirtió cenizas y escorias en el entorno. (2) Latín 'esculus' (encina): 'esculealis' > 'escurial' > 'escorial', propuesta por Sarmiento (s. XVIII). Investigaciones recientes de Auberson respaldan la teoría de la encina. Sin embargo, el Toponomasticon Hispaniae se decanta por la de escoria, citando las antiguas herrerías: el Bosque de la Herrería era antes la Dehesa de las Ferrerías de Fuentelamparas; el geólogo Casiano de Prado, en su reconocimiento de 1864, no halló depósitos de escoria pero sí documentó una densa masa forestal anterior.","El Escorial (del latín esculus: oak, or scoria: slag)"
cercanias_072,Robledo de Chavela,cercanias_station,,,,40.5212161,-4.2471363,place,"Named after the municipality. 'Robledo' from Latin 'roburetum' (oak grove). 'Chavela' per the Toponomasticon Hispaniae: a compound of Basque 'Echa' (from 'aita', meaning father/chief, with initial vowel lost through apheresis) + Germanic 'Vela' (personal name). The toponym designates 'a forest as possession of a lord named Echa Vela'. Same 'aita'-derived pattern as Chamartín. Alternatives: Latin 'casa/chez' + Vela, or Arabic 'Djebel' (mountain).",Robledo de Chavela (oak grove of lord Echa Vela),,,,,,,,,Toponomasticon Hispaniae (toponhisp.org/es/toponimia-de-las-zonas-central-sur-e-insular-atlántica/toponimo/robledo-de-chavela);Toponomasticon Hispaniae (toponhisp.org); Gregorio de Andrés; MadridNorte24horas (madridnorte24horas.com),verified,C-8,,Renfe Cercanias,Robledo de Chavela,"Debe su nombre al municipio. 'Robledo' procede del latín 'roburetum' (robledal). 'Chavela', según el Toponomasticon Hispaniae: compuesto de 'Echa' (del vasco 'aita', que significa padre/jefe, con pérdida de la vocal inicial por aféresis) + 'Vela' (nombre germánico). El topónimo designaría 'un bosque como posesión de un señor llamado Echa Vela'. El mismo patrón derivado de 'aita' se repite en Chamartín. Alternativas: latín 'casa/chez' + Vela, o árabe 'Djebel' (montaña).",Robledo de Chavela (robledal of lord Echa Vela)
cercanias_073,Santa María de la Alameda-Peguerinos,cercanias_station,,,,40.5600,-4.2800,religious,"'Santa María de la Alameda': named after a church dedicated to the Virgin Mary near a poplar grove ('alameda', from 'alamo' = poplar). The municipality is the northernmost in the Sierra Oeste region, 65 km from Madrid, at the triple border of Madrid, Avila and Segovia, with rich forests of Scots pine, Maritime pine and oak. 'Peguerinos' derives from 'peguero', the craftsman who made 'pez' (pitch/vegetable tar) by collecting resin-soaked earth and pine residues ('testellones') and rendering them in kilns. This black pitch was essential for waterproofing wineskins, sealing boats and marking livestock. Peguerinos, in the province of Avila, preserves in its very name the memory of this extinct forest trade.",Santa María de la Alameda (patron saint + poplar grove) + Peguerinos (from peguera: pine tar kiln),,,,,,,,,es.wikipedia.org/wiki/Santa_Maria_de_la_Alameda; RAE (dle.rae.es/peguero); iedra.es/palabras/peguera;ADI Sierra Oeste (sierraoeste.org); guadarramistas.com/2015/03/09/el-oficio-de-peguero; en.wikipedia.org/wiki/Peguerinos,verified,C-8,,Renfe Cercanias,Santa María de la Alameda,"'Santa María de la Alameda': por una iglesia dedicada a la Virgen María junto a una alameda (de 'álamo'). El municipio es el más septentrional de la Sierra Oeste, a 65 km de Madrid, en el triple confín de Madrid, Ávila y Segovia, con densos bosques de pino silvestre, pino resinero y roble. 'Peguerinos' deriva de 'peguero', el artesano que fabricaba 'pez' (brea vegetal) recogiendo tierra impregnada de resina y residuos de pino ('testellones') y fundiéndolos en hornos. Esta brea negra era esencial para impermeabilizar odres, calafatear embarcaciones y marcar el ganado. Peguerinos, en la provincia de Ávila, conserva en su propio nombre la memoria de este oficio forestal hoy extinto.",Santa María de la Alameda (santo patrón + poplar grove) + Peguerinos (from peguera: pine tar kiln)
cercanias_074,Los Negrales,cercanias_station,,,,40.6390631,-4.0220747,descriptive,"Named after the Los Negrales residential area straddling Alpedrete, Collado Villalba and Galapagar. 'Negral' is the Castilian name for Pinus pinaster, the maritime pine whose dark bark inspired the adjective. The colony grew from the early 20th century as Madrid families built summer houses near the Sierra de Guadarrama. Many homes still serve as second residences, so the population roughly doubles during holidays.","Los Negrales (negrales: type of pine, Pinus pinaster)",,,,,,,,,RAE (dle.rae.es/negral -- 'pino negral'); educa2.madrid.org/web/losnegrales/historia-y-entorno; en.wikipedia.org/wiki/Los_Negrales;Ayto. Alpedrete (alpedrete.es),verified,C-8,,Renfe Cercanias,Alpedrete,"Toma su nombre de la zona residencial de Los Negrales, a caballo entre Alpedrete, Collado Villalba y Galapagar. 'Negral' es el nombre castellano del Pinus pinaster, el pino resinero cuya corteza oscura inspiró el adjetivo. La colonia creció a principios del siglo XX, cuando familias madrileñas construyeron casas de veraneo cerca de la Sierra de Guadarrama. Muchas viviendas siguen funcionando como segundas residencias, de modo que la población se duplica aproximadamente durante las vacaciones.","Los Negrales (negrales: tipo de pino, Pinus pinaster)"
cercanias_075,Alpedrete,cercanias_station,,,,40.6582688,-4.0357993,place,"Named after the municipality. Hybrid word: Arabic article 'al-' + Romance 'pedrete' (stony place, from Latin petra: stone) with abundancial suffix. Literally 'the rocky place', referring to the abundant granite quarries. Same toponym repeated in Alpedrete de la Sierra (Guadalajara).",Alpedrete (Arabic al- + Romance pedrete: the stony place),,,,,,,,,Toponomasticon Hispaniae (toponhisp.org);MadridNorte24h (madridnorte24horas.com);Ayuntamiento de Alpedrete (alpedrete.es),verified,C-8,,Renfe Cercanias,Alpedrete,"Debe su nombre al municipio. Palabra híbrida: artículo árabe 'al-' + romance 'pedrete' (lugar pedregoso, del latín petra: piedra) con sufijo abundancial. Literalmente, 'el pedregal', en alusión a las abundantes canteras de granito. El mismo topónimo se repite en Alpedrete de la Sierra (Guadalajara).",Alpedrete (árabe al- + romance pedrete: el lugar pedregoso)
cercanias_076,Collado Mediano,cercanias_station,,,,40.6925984,-4.0353064,place,"Named after the municipality. 'Collado' from Latin 'collis' (hill/raised ground); for mountain villagers also meant an enclosure where shepherds kept livestock. 'Mediano' (medium/moderate) refers to the enclosure being of moderate size. The territory belonged to the Council of Segovia in the 12th century, repopulated by Segovian shepherds.",Collado Mediano (medium-sized hill enclosure for livestock),,,,,,,,,"García Pérez, Toponimia de la Sierra de Guadarrama (UPM: oa.upm.es/784/1/Toponimia_de_la_Sierra_de_Guadarrama.pdf);Ediciones La Libreria (edicioneslalibreria.com); etimologias.dechile.net/?collado; Amiaire.net",verified,C-8,,Renfe Cercanias,Collado Mediano,Debe su nombre al municipio. 'Collado' procede del latín 'collis' (colina/elevación); para los serranos también designaba un cercado donde los pastores guardaban el ganado. 'Mediano' (de tamaño intermedio) se refiere a que el cercado era de dimensiones moderadas. El territorio perteneció al Concejo de Segovia en el siglo XII y fue repoblado por pastores segovianos.,Collado Mediano (collado de tamaño mediano para ganado)
cercanias_077,Los Molinos,cercanias_station,,,,40.7066943,-4.0669075,historical,"Named after the municipality. From the flour mills (molinos harineros) built along the Rio Guadarrama. At least three water mills processed cereals in the municipal area. A 1546 license records permission for Álvaro de Mena to establish a water mill on the Guadarrama. The mills were connected to the construction of El Escorial, which drove demand for flour.",Los Molinos (flour mills on the Río Guadarrama),,,,,,,,,Ayuntamiento de Los Molinos (ayuntamiento-losmolinos.es);Turismo Los Molinos (turismolosmolinos.com);Wikipedia (es.wikipedia.org),verified,C-8,,Renfe Cercanias,Los Molinos,"Debe su nombre al municipio. Procede de los molinos harineros que se construyeron a lo largo del río Guadarrama. Al menos tres molinos de agua procesaban cereales en el término municipal. Una licencia de 1546 recoge el permiso otorgado a Álvaro de Mena para instalar un molino hidráulico en el Guadarrama. Los molinos estaban vinculados a la construcción de El Escorial, cuyas obras dispararon la demanda de harina.",Los Molinos (molinos harineros en el Río Guadarrama)
cercanias_078,Cercedilla,cercanias_station,,,,40.737658,-4.066034,place,"Named after the municipality. From Latin 'quercetum' (oak grove), through a diminutive form. 'Cercedilla' means 'little Cerceda'. Settlers from nearby Cerceda likely established a seasonal outpost here, named as a smaller version of the parent town. Paradoxically, Cercedilla is now larger than Cerceda.","Cercedilla (diminutive of Cerceda, from Latin quercetum: oak grove)",,,,,,,,,Toponomasticon Hispaniae (toponhisp.org/es/toponimia-de-las-zonas-central-sur-e-insular-atlántica/toponimo/cercedilla);MadridNorte24h (madridnorte24horas.com);Toponomasticon Hispaniae (toponhisp.org),verified,C-8;C-9,,Renfe Cercanias,Cercedilla,"Debe su nombre al municipio. Procede del latín 'quercetum' (encinar), a través de una forma diminutiva. 'Cercedilla' significa 'pequeña Cerceda'. Colonos de la cercana Cerceda probablemente establecieron aquí un puesto estacional, bautizado como versión menor de la localidad madre. Paradójicamente, Cercedilla es hoy mayor que Cerceda.","Cercedilla (diminutive of Cerceda, del latín quercetum: robledal)"
cercanias_079,Puerto de Navacerrada,cercanias_station,,,,40.784428,-4.004724,descriptive,"Named after the Navacerrada mountain pass. 'Nava' is a term from at least the 8th century meaning flat land with pasture, liable to flooding, between mountains (RAE attributes Basque origin). 'Cerrada' from 'cercada' (enclosed/fenced), referring to enclosures built to prevent livestock from escaping -- first with branches, then stone walls. Founded by Segovian herders during Reconquista-era repopulation.",Puerto de Navacerrada (enclosed pasture plain mountain pass),,,,,,,,,Toponomasticon Hispaniae (toponhisp.org/es/toponimia-de-las-zonas-central-sur-e-insular-atlántica/toponimo/navacerrada);Toponomasticon Hispaniae (toponhisp.org);Wikipedia (es.wikipedia.org); Amiaire.net,verified,C-9,,Renfe Cercanias,Cercedilla,"Debe su nombre al puerto de montaña de Navacerrada. 'Nava' es un término documentado al menos desde el siglo VIII que designa un terreno llano con pasto, susceptible de encharcamiento, entre montañas (la RAE le atribuye origen vasco). 'Cerrada', de 'cercada' (vallada/acotada), alude a los cercados levantados para evitar que el ganado escapase, primero de ramas y luego de piedra. Fundado por pastores segovianos durante la repoblación de la Reconquista.",Puerto de Navacerrada (enclosed pasture plain puerto de montaña)
cercanias_080,Cotos,cercanias_station,,,,40.822241,-3.964576,historical,"Named after the Puerto de los Cotos mountain pass. The name dates from 1761, when Carlos III purchased the Valsain lands and placed stone boundary markers called 'cotos' to delimit his royal property from the Carthusian Order's Pinar de los Belgas. Two restored original markers are still visible at the top of the pass. Previously called 'Puerto de El Paular' after the nearby Carthusian monastery.","Cotos (boundary markers placed by Carlos III, 1761)",,,,,,,,,Guadarramistas (guadarramistas.com); senderismomadrid.es;MadridNorte24h (madridnorte24horas.com),verified,C-9,,Renfe Cercanias,Real Sitio de San Ildefonso,"Toma su nombre del Puerto de los Cotos. El nombre data de 1761, cuando Carlos III adquirió las tierras de Valsaín y colocó hitos de piedra llamados 'cotos' para delimitar su propiedad real frente al Pinar de los Belgas, de la Orden Cartuja. Dos mojones originales restaurados aún son visibles en lo alto del puerto. Anteriormente se conocía como 'Puerto de El Paular', por el cercano monasterio cartujo.","Cotos (mojones colocados por Carlos III, 1761)"
cercanias_081,Mirasierra-Paco de Lucía,cercanias_station,,Fuencarral-El Pardo,,40.4998777,-3.7093037,person,"'Mirasierra' means 'view of the mountains', referring to the Sierra de Guadarrama panorama. 'Paco de Lucia' honours Francisco Sánchez Gómez (1947-2014), the world-renowned flamenco guitarist who lived in this neighbourhood. The station was originally planned as 'Costa Brava' after the street above it, but when Paco de Lucia died on 26 February 2014, the regional government renamed it in his honour. The Metro Line 9 station opened on 25 March 2015, extending the line 1.4 km from Mirasierra, and the Cercanias station above it was inaugurated on 5 February 2018, connecting lines C-7 and C-8.",Paco de Lucía,Q153300,M,1947,2014,guitarist; musician,Spanish,2015,Costa Brava (planned),Wikipedia (es.wikipedia.org);Telemadrid (telemadrid.es); es.wikipedia.org/wiki/Estacion_de_Paco_de_Lucia; barriodelpilar.com; ecomovilidad.net,verified,C-7;C-8,2018,Renfe Cercanias,Madrid,"'Mirasierra' significa 'vista de la sierra', en alusión al panorama de la Sierra de Guadarrama. 'Paco de Lucía' rinde homenaje a Francisco Sánchez Gómez (1947-2014), el guitarrista flamenco de fama mundial que vivió en este barrio. La estación iba a llamarse originalmente 'Costa Brava', por la calle que discurre sobre ella, pero tras la muerte de Paco de Lucía el 26 de febrero de 2014, el gobierno autonómico decidió rebautizarla en su honor. La estación de metro de la Línea 9 se abrió el 25 de marzo de 2015, prolongando la línea 1,4 km desde Mirasierra, y la de Cercanías, sobre ella, se inauguró el 5 de febrero de 2018, conectando las líneas C-7 y C-8.",Paco de Lucía
cercanias_082,Ramón y Cajal,cercanias_station,,Fuencarral-El Pardo,,40.4910,-3.6970,person,"Named after the nearby Hospital Universitario Ramón y Cajal, which honours Santiago Ramón y Cajal (1852-1934), the 'father of modern neuroscience'. Cajal shared the 1906 Nobel Prize in Physiology or Medicine for proving that the brain is composed of discrete individual cells -- later called neurons -- overturning the prevailing reticular theory. In 1920 King Alfonso XIII commissioned the Instituto Cajal in Madrid, where Cajal worked until his death; the institute continues as a CSIC research centre and custodian of the Cajal Legacy, over 28,000 items including his exquisite hand-drawn neuronal illustrations, recognised by UNESCO in 2017.",Santiago Ramón y Cajal,Q150526,M,1852,1934,neuroscientist,Spanish,,,Wikipedia (es.wikipedia.org);Adif (adif.es),verified,C-7;C-8,,Renfe Cercanias,Madrid,"Toma su nombre del cercano Hospital Universitario Ramón y Cajal, que honra a Santiago Ramón y Cajal (1852-1934), el 'padre de la neurociencia moderna'. Cajal compartió el Premio Nobel de Fisiología o Medicina de 1906 por demostrar que el cerebro está compuesto de células individuales discretas —más tarde llamadas neuronas—, derribando la teoría reticular entonces imperante. En 1920, el rey Alfonso XIII encargó la creación del Instituto Cajal en Madrid, donde Cajal trabajó hasta su muerte; el instituto continúa como centro de investigación del CSIC y custodio del Legado Cajal, más de 28 000 piezas que incluyen sus exquisitas ilustraciones neuronales dibujadas a mano, reconocidas por la UNESCO en 2017.",Santiago Ramón y Cajal
cercanias_084,Tres Cantos,cercanias_station,,,,40.598906,-3.715653,descriptive,"Named after the area. 'Tres Cantos' refers to three boundary marker stones (cantos = mojones) at the meeting point of three municipal territories: Colmenar Viejo, Alcobendas, and Madrid. The stones were reportedly visible on the Avenida de los Encuartes. 'Canto' as boundary stone is pre-Roman, possibly Celtic.",Tres Cantos (three large granite boulders),,,,,,,,,Toponomasticon Hispaniae (toponhisp.org/es/toponimia-de-las-zonas-central-sur-e-insular-atlántica/toponimo/tres-cantos);MadridNorte24h (madridnorte24horas.com);que.madrid; en.wikipedia.org/wiki/Tres_Cantos;Ayto. Tres Cantos (web.trescantos.es),verified,C-4;C-4b,,Renfe Cercanias,Tres Cantos,"Debe su nombre a la zona. 'Tres Cantos' alude a tres mojones (cantos = piedras delimitadoras) situados en el punto de confluencia de tres términos municipales: Colmenar Viejo, Alcobendas y Madrid. Al parecer, las piedras eran visibles en la Avenida de los Encuartes. 'Canto' como piedra de lindero es un término prerromano, posiblemente de origen céltico.",Tres Cantos (tres grandes peñascos de granito)
cercanias_085,Valdebebas,cercanias_station,,Barajas,Timón,40.481809,-3.616419,descriptive,"Named after the Arroyo de Valdebebas, a stream that rose in the highlands of Fuencarral, crossed Las Tablas and Sanchinarro, then emptied into the Jarama. 'Val(le) de bebas': 'bebas' may relate to 'beber' (a livestock watering place) or a pre-Romance substrate term. The arroyo ran dry decades ago but lent its name to the 21st-century neighbourhood planned from 1997. The 470-hectare Parque Forestal Felipe VI, inaugurated in 2015, restored two artificial lagoons along its former course.","Arroyo de Valdebebas (valley stream, bebas of uncertain origin)",,,,,,,,,valdebebas.es/blog/valdebebas-origen-nombre;Asociación de Vecinos de Valdebebas (avvaldebebas.es); Wikidata Q23991457 (Arroyo de Valdebebas);Historia de Hortaleza (historiasdehortaleza.blogspot.com),probable,C-1,2015,Renfe Cercanias,Madrid,"Toma su nombre del Arroyo de Valdebebas, un curso de agua que nacía en las alturas de Fuencarral, cruzaba Las Tablas y Sanchinarro y desembocaba en el Jarama. 'Val(le) de bebas': 'bebas' podría relacionarse con 'beber' (un abrevadero para el ganado) o con un término del sustrato prerromano. El arroyo se secó hace décadas, pero legó su nombre al barrio del siglo XXI planificado a partir de 1997. El Parque Forestal Felipe VI, de 470 hectáreas e inaugurado en 2015, restauró dos lagunas artificiales a lo largo de su antiguo curso.","Arroyo de Valdebebas (arroyo del valle, bebas de origen incierto)"
cercanias_086,Vallecas,cercanias_station,,Puente de Vallecas,,40.382058,-3.624785,place,"Named after the Vallecas area. The toponym first appears in the Fuero de Madrid (1202), under Alfonso VIII, designating a carrascal (holm-oak grove) managed by Madrid's council in the valleys of the Migueles stream. Federico Corriente, Arabist and RAE member, proposed that 'Vallecas' derives from Andalusi Romance 'ballaykas' -- the Latin 'vallis' with the attributive suffix {+ayko/a} meaning 'valley zones' -- reflecting the area's bilingual past under the Toledan taifa. The popular legend of a Muslim settler named Kas ('Valle de Kas') has less scholarly support but persists in local tradition. Vallecas was an independent municipality until annexed by Madrid in 1950.",Vallecas,,,,,,,,,Fuero de Madrid 1202 (cervantesvirtual.com); diccet.com/2021/01/09/vallecas; vallecas.com/la-historia-de-vallecas-desde-1202-hasta-1950; Federico Corriente (Arabic theory); vallecas.com/el-nombre-de-vallecas,verified,C-2;C-7;C-8,,Renfe Cercanias,Madrid,"Toma su nombre de la zona de Vallecas. El topónimo aparece por primera vez en el Fuero de Madrid (1202), bajo Alfonso VIII, designando un carrascal (encinar de carrascas) administrado por el concejo de Madrid en los valles del arroyo de los Migueles. Federico Corriente, arabista y académico de la RAE, propuso que 'Vallecas' procede del romance andalusí 'ballaykas' —el latín 'vallis' con el sufijo atributivo {+ayko/a}, que significaría 'zonas de valle'—, reflejo del pasado bilingüe del territorio bajo la taifa toledana. La leyenda popular de un poblador musulmán llamado Kas ('Valle de Kas') cuenta con menor respaldo académico, pero pervive en la tradición local. Vallecas fue municipio independiente hasta su anexión a Madrid en 1950.",Vallecas
cercanias_088,Villaverde Bajo,cercanias_station,,Villaverde,Villaverde Bajo,40.352592,-3.683981,place,"Named after the Villaverde Bajo neighbourhood. 'Villaverde' = 'green village' from Latin 'villa viridis'. 'Bajo' = 'lower'. Villaverde Bajo sits at one of Madrid's most important railway junctions, where the Extremadura and Andalucia-Levante mainlines diverge. The first station opened here in 1861 on the original Madrid-Aranjuez corridor; a larger station designed in 1924 and inaugurated in 1931 replaced it with expanded freight yards. This strategic 'cruce' (crossing) made Villaverde an industrial hub, attracting factories and workers throughout the 20th century. Villaverde was an independent municipality until annexed by Madrid in 1954.",Villaverde Bajo,,,,,,,,,Wikipedia (es.wikipedia.org);Ayto. Madrid (madrid.es); escritoresvillaverde.wixsite.com/madrid (Historia: Estaciones de tren en Villaverde),verified,C-3;C-4,,Renfe Cercanias,Madrid,"Debe su nombre al barrio de Villaverde Bajo. 'Villaverde' = 'pueblo verde', del latín 'villa viridis'. 'Bajo' = 'inferior'. Villaverde Bajo se sitúa en uno de los nudos ferroviarios más importantes de Madrid, donde divergen las líneas troncales de Extremadura y de Andalucía-Levante. La primera estación se inauguró aquí en 1861, en la línea original Madrid-Aranjuez; una estación más grande, proyectada en 1924 e inaugurada en 1931, la sustituyó con playas de vías ampliadas. Este estratégico 'cruce' convirtió a Villaverde en polo industrial, atrayendo fábricas y obreros a lo largo del siglo XX. Villaverde fue municipio independiente hasta su anexión a Madrid en 1954.",Villaverde Bajo
cercanias_090,Universidad P. Comillas,cercanias_station,,,,40.525,-3.685,person,"Named after the Universidad Pontificia Comillas campus. The institution was created as the Seminary of San Antonio de Padua on 16 December 1890 in Comillas (Cantabria) by papal brief of Leo XIII, promoted by Jesuit Father Tomás Gómez Carral and built by its patron Antonio López y López, 1st Marqués de Comillas, and his son Claudio López Bru, 2nd Marqués de Comillas. Entrusted to the Society of Jesus from the outset, it was elevated to Pontifical university by Pius X in 1904. The institution moved its main campus to Madrid in the 1960s; its Cantoblanco campus is served by this station. 'Comillas' derives from Latin 'cumella' (little hilltop).",Universidad Pontificia Comillas,Q1687025,,,,,,,,es.wikipedia.org/wiki/Universidad_Pontificia_Comillas; comillas.edu; comillas.edu/en/historia-y-compañía-de-jesus; en.wikipedia.org/wiki/Comillas_Pontifical_University,verified,C-4;C-4a,,Renfe Cercanias,Madrid,"Debe su nombre al campus de la Universidad Pontificia Comillas. La institución fue creada como Seminario de San Antonio de Padua el 16 de diciembre de 1890 en Comillas (Cantabria) por breve pontificio de León XIII, a impulso del padre jesuita Tomás Gómez Carral y con el patrocinio de Antonio López y López, primer marqués de Comillas, y de su hijo Claudio López Bru, segundo marqués. Encomendada a la Compañía de Jesús desde sus inicios, fue elevada a universidad pontificia por Pío X en 1904. La institución trasladó su campus principal a Madrid en los años 60; su campus de Cantoblanco está servido por esta estación. 'Comillas' procede del latín 'cumella' (pequeña cima).",Universidad Pontificia Comillas
cercanias_091,Valdelasfuentes,cercanias_station,,,,40.547396,-3.654392,descriptive,"Named after the Valdelasfuentes area of Alcobendas. 'Val(le) de las fuentes' = 'valley of the springs/fountains', describing the historically water-rich terrain with natural springs on the northern slopes feeding into the Arroyo de Valdelasfuentes. The stream is documented in 1494 Madrid Council records. This abundance of water made the area attractive for agriculture and later for residential development. The modern neighbourhood was built from the 1980s as part of Alcobendas's southward expansion. Today it is a residential area of around 15,000 inhabitants.",Valdelasfuentes (Valle de las Fuentes: valley of the springs),,,,,,,,,laplazadesanse.es (Arroyo de Valdelasfuentes documented 1494); es.wikipedia.org/wiki/Valdelasfuentes;Ayto. Alcobendas (alcobendas.org),verified,C-4;C-4a,,Renfe Cercanias,Alcobendas,"Toma su nombre de la zona de Valdelasfuentes, en Alcobendas. 'Val(le) de las fuentes' = 'valle de los manantiales', en referencia al terreno históricamente rico en agua, con surgencias naturales en las laderas septentrionales que alimentaban el Arroyo de Valdelasfuentes. El arroyo está documentado en las actas del Concejo de Madrid de 1494. Esta abundancia de agua hizo la zona atractiva primero para la agricultura y más tarde para la urbanización. El barrio moderno se construyó a partir de los años 80, dentro de la expansión de Alcobendas hacia el sur. Hoy es un área residencial de unos 15 000 habitantes.",Valdelasfuentes (Valle de las Fuentes: valle de los manantiales)
cercanias_092,Zarzaquemada,cercanias_station,,,,40.340843,-3.748248,descriptive,"Named after the Zarzaquemada neighbourhood in Leganés. A transparent compound of 'zarza' (bramble/blackberry bush, from a pre-Roman root) + 'quemada' (burned, from Latin cremare). Literally 'burned bramble patch', indicating land cleared by slash-and-burn agriculture ('roza y quema'). At least 32 Spanish localities have zarza-derived names.","Zarzaquemada (burned bramble patch, slash-and-burn clearing)",,,,,,,,,RAE (dle.rae.es/zarza); Rozas en la Peninsula Iberica (dialnet.unirioja.es/descarga/articulo/1098569.pdf);CVC Rinconete (cvc.cervantes.es/el_rinconete);Secretos de Leganés (secretosdeleganes.wordpress.com); es.wikipedia.org/wiki/Zarzaquemada,verified,C-5,,Renfe Cercanias,Leganés,"Debe su nombre al barrio de Zarzaquemada, en Leganés. Compuesto transparente de 'zarza' (zarzamora, de raíz prerromana) + 'quemada' (del latín cremare). Literalmente, 'zarzal quemado', lo que indica terrenos roturados mediante roza y quema. Al menos 32 localidades españolas llevan topónimos derivados de zarza.","Zarzaquemada (zarza quemada patch, roza y quema clearing)"
cercanias_093,Villalba,cercanias_station,,,,40.635,-4.01,place,"Named after Collado Villalba municipality at a key railway junction where lines to Segovia, Avila, and the Sierra diverge. 'Collado' from Latin 'collis' (hill/pass); 'Villalba' from Latin 'villa alba' (white village). The Toponomasticon Hispaniae notes the 'alba' element likely denotes propitious qualities (clean, pure, prosperous) rather than literal whiteness. The town has been a mountain gateway since medieval times, when Segovian shepherds used the pass for transhumance. Today it is a commuter town of over 60,000 residents, quadruple its 1980 population.",Collado Villalba,Q735759,,,,,,,,Toponomasticon Hispaniae (toponhisp.org/es/toponimia-de-las-zonas-central-sur-e-insular-atlántica/toponimo/collado-villalba); es.wikipedia.org/wiki/Collado_Villalba;Ayto. Collado Villalba (colladovillalba.es);CRTM (crtm.es),verified,C-8;C-10,,Renfe Cercanias,Collado Villalba,"Toma su nombre del municipio de Collado Villalba, situado en un nudo ferroviario clave donde divergen las líneas hacia Segovia, Ávila y la Sierra. 'Collado' procede del latín 'collis' (colina/paso); 'Villalba' del latín 'villa alba' (pueblo blanco). El Toponomasticon Hispaniae señala que el elemento 'alba' probablemente connota cualidades propicias (limpio, puro, próspero) más que blancura literal. La localidad ha sido puerta de la montaña desde época medieval, cuando los pastores segovianos utilizaban el paso para la trashumancia. Hoy es una ciudad dormitorio de más de 60 000 habitantes, cuatro veces su población de 1980.",Collado Villalba
cercanias_094,Las Zorreras,cercanias_station,,,,40.573,-4.107,descriptive,"Named after the Las Zorreras area near El Escorial. 'Zorreras' derives from 'zorra' (fox), meaning 'place of foxes'. References the historically abundant fox population in the wooded Sierra foothills.","Las Zorreras (fox dens, from zorra: fox)",,,,,,,,,RAE (dle.rae.es/zorrero -- zorrera: cueva de zorros); es.wikipedia.org/wiki/Las_Zorreras; Las Zorreras archaeological site (Iron Age);CRTM (crtm.es),verified,C-8,,Renfe Cercanias,El Escorial,"Toma su nombre de la zona de Las Zorreras, cercana a El Escorial. 'Zorreras' procede de 'zorra' (zorro) y significa 'lugar de zorros'. Alude a la abundante presencia histórica de zorros en las laderas boscosas de la Sierra.","Las Zorreras (madrigueras de zorros, from zorra: fox)"
cercanias_095,Zarzalejo,cercanias_station,,,,40.5386310,-4.1579732,descriptive,"Named after the Zarzalejo municipality. 'Zarzalejo' is a diminutive of 'zarzal' (bramble patch), from 'zarza' (bramble/blackberry bush). Literally 'small bramble patch'. Similar formation to other phytonymic toponyms like Moraleja, Carrascalejo.",Zarzalejo,,,,,,,,,Wikipedia (es.wikipedia.org); toponhisp.org,verified,C-8,,Renfe Cercanias,Zarzalejo,"Debe su nombre al municipio de Zarzalejo. 'Zarzalejo' es un diminutivo de 'zarzal' (matorral de zarzas), de 'zarza' (zarzamora). Literalmente, 'pequeño zarzal'. Formación similar a la de otros topónimos fitonímicos como Moraleja o Carrascalejo.",Zarzalejo
